subscription_id,contract_id,account_id,product_id,quantity,annual_recurring_amount,unit_price,billing_frequency,subscription_start_date,subscription_end_date,is_recurring,status
SUB-00003,CTR-00001,ACC-0001,ONCALL,3,36000.0,12000.0,Monthly,2023-05-01,2023-10-31,1,Inactive
SUB-00001,CTR-00001,ACC-0001,TEMPO-ENT,2,56000.0,28000.0,Monthly,2023-05-01,2025-09-30,1,Inactive
SUB-00002,CTR-00001,ACC-0001,SLO,10,140000.0,14000.0,Monthly,2023-05-01,2025-09-30,1,Inactive
SUB-00004,CTR-00002,ACC-0001,ONCALL,5,60000.0,12000.0,Monthly,2023-11-01,2025-09-30,1,Inactive
SUB-00006,CTR-00005,ACC-0002,ENT-STACK,9,855000.0,95000.0,Annual,2023-06-01,2023-11-30,1,Inactive
SUB-00009,CTR-00008,ACC-0002,GC-TRACES,2,32000.0,16000.0,Annual,2024-08-01,2025-04-30,1,Inactive
SUB-00005,CTR-00005,ACC-0002,TEMPO-ENT,2,56000.0,28000.0,Annual,2023-06-01,2025-12-31,1,Active
SUB-00007,CTR-00005,ACC-0002,SLO,9,126000.0,14000.0,Annual,2023-06-01,2025-12-31,1,Active
SUB-00008,CTR-00006,ACC-0002,ENT-STACK,8,760000.0,95000.0,Annual,2023-12-01,2025-12-31,1,Active
SUB-00010,CTR-00009,ACC-0002,GC-TRACES,9,144000.0,16000.0,Annual,2025-05-01,2025-12-31,1,Active
SUB-00012,CTR-00012,ACC-0003,TEMPO-ENT,9,252000.0,28000.0,Annual,2025-01-01,2025-02-28,1,Inactive
SUB-00011,CTR-00011,ACC-0003,ENT-STACK,11,1045000.0,95000.0,Annual,2024-10-01,2025-08-31,1,Inactive
SUB-00013,CTR-00013,ACC-0003,TEMPO-ENT,12,336000.0,28000.0,Annual,2025-03-01,2025-12-31,1,Active
SUB-00014,CTR-00014,ACC-0003,ENT-STACK,14,1330000.0,95000.0,Annual,2025-09-01,2025-12-31,1,Active
SUB-00015,CTR-00016,ACC-0004,GC-TRACES,11,176000.0,16000.0,Monthly,2023-02-01,2025-12-31,1,Active
SUB-00016,CTR-00019,ACC-0005,GC-METRICS,8,144000.0,18000.0,Annual,2024-01-01,2025-12-31,1,Active
SUB-00017,CTR-00019,ACC-0005,GC-LOGS,7,154000.0,22000.0,Annual,2024-01-01,2025-12-31,1,Active
SUB-00018,CTR-00021,ACC-0005,ONCALL,2,24000.0,12000.0,Monthly,2025-02-01,2025-12-31,1,Active
SUB-00019,CTR-00022,ACC-0006,GC-LOGS,2,44000.0,22000.0,Annual,2023-04-01,2024-04-30,1,Inactive
SUB-00020,CTR-00024,ACC-0006,GC-LOGS,1,22000.0,22000.0,Monthly,2024-05-01,2025-05-31,1,Inactive
SUB-00021,CTR-00026,ACC-0006,GC-LOGS,2,44000.0,22000.0,Monthly,2025-06-01,2025-10-31,1,Inactive
SUB-00022,CTR-00027,ACC-0006,GC-LOGS,3,66000.0,22000.0,Monthly,2025-11-01,2025-12-31,1,Active
SUB-00023,CTR-00028,ACC-0007,ONCALL,1,12000.0,12000.0,Annual,2025-05-01,2025-12-31,1,Active
SUB-00024,CTR-00028,ACC-0007,TEMPO-ENT,7,196000.0,28000.0,Annual,2025-05-01,2025-12-31,1,Active
SUB-00025,CTR-00029,ACC-0007,ENT-STACK,10,950000.0,95000.0,Annual,2025-11-01,2025-12-31,1,Active
SUB-00026,CTR-00030,ACC-0008,TEMPO-ENT,9,252000.0,28000.0,Annual,2023-04-01,2024-10-31,1,Inactive
SUB-00027,CTR-00032,ACC-0008,TEMPO-ENT,15,420000.0,28000.0,Monthly,2024-11-01,2025-02-28,1,Inactive
SUB-00028,CTR-00033,ACC-0009,ENT-STACK,12,1140000.0,95000.0,Monthly,2024-12-01,2025-12-31,1,Active
SUB-00029,CTR-00033,ACC-0009,SLO,10,140000.0,14000.0,Monthly,2024-12-01,2025-12-31,1,Active
SUB-00030,CTR-00035,ACC-0010,GC-METRICS,3,54000.0,18000.0,Monthly,2023-09-01,2025-12-31,1,Active
SUB-00031,CTR-00035,ACC-0010,SLO,9,126000.0,14000.0,Monthly,2023-09-01,2025-12-31,1,Active
SUB-00033,CTR-00039,ACC-0011,SLO,6,84000.0,14000.0,Monthly,2024-09-01,2025-09-30,1,Inactive
SUB-00032,CTR-00038,ACC-0011,LOKI-ENT,7,210000.0,30000.0,Annual,2024-02-01,2025-12-31,1,Active
SUB-00034,CTR-00041,ACC-0011,SLO,10,140000.0,14000.0,Annual,2025-10-01,2025-12-31,1,Active
SUB-00035,CTR-00042,ACC-0012,GC-TRACES,4,64000.0,16000.0,Annual,2023-10-01,2025-12-31,1,Active
SUB-00036,CTR-00042,ACC-0012,ENT-STACK,12,1140000.0,95000.0,Annual,2023-10-01,2025-12-31,1,Active
SUB-00037,CTR-00042,ACC-0012,TEMPO-ENT,12,336000.0,28000.0,Monthly,2023-10-01,2025-12-31,1,Active
SUB-00038,CTR-00043,ACC-0012,GC-LOGS,3,66000.0,22000.0,Annual,2024-04-01,2025-12-31,1,Active
SUB-00039,CTR-00046,ACC-0013,ENT-STACK,12,1140000.0,95000.0,Annual,2025-03-01,2025-12-31,1,Active
SUB-00040,CTR-00047,ACC-0014,LOKI-ENT,1,30000.0,30000.0,Monthly,2025-05-01,2025-08-31,1,Inactive
SUB-00041,CTR-00048,ACC-0014,LOKI-ENT,7,210000.0,30000.0,Monthly,2025-09-01,2025-12-31,1,Active
SUB-00042,CTR-00049,ACC-0015,LOKI-ENT,3,90000.0,30000.0,Annual,2025-06-01,2025-09-30,1,Inactive
SUB-00043,CTR-00049,ACC-0015,GC-METRICS,7,126000.0,18000.0,Annual,2025-06-01,2025-12-31,1,Active
SUB-00044,CTR-00050,ACC-0015,LOKI-ENT,1,30000.0,30000.0,Annual,2025-10-01,2025-12-31,1,Active
SUB-00045,CTR-00051,ACC-0016,SLO,2,28000.0,14000.0,Annual,2025-05-01,2025-12-31,1,Active
SUB-00046,CTR-00051,ACC-0016,GC-TRACES,6,96000.0,16000.0,Annual,2025-05-01,2025-12-31,1,Active
SUB-00047,CTR-00051,ACC-0016,PROM-MGD,3,45000.0,15000.0,Annual,2025-05-01,2025-12-31,1,Active
SUB-00048,CTR-00052,ACC-0017,LOKI-ENT,10,300000.0,30000.0,Monthly,2023-10-01,2025-12-31,1,Active
SUB-00049,CTR-00052,ACC-0017,GC-LOGS,11,242000.0,22000.0,Monthly,2023-10-01,2025-12-31,1,Active
SUB-00051,CTR-00055,ACC-0018,GC-TRACES,12,192000.0,16000.0,Annual,2023-08-01,2024-12-31,1,Inactive
SUB-00050,CTR-00055,ACC-0018,TEMPO-ENT,10,280000.0,28000.0,Annual,2023-08-01,2025-12-31,1,Active
SUB-00052,CTR-00056,ACC-0018,SLO,5,70000.0,14000.0,Annual,2023-12-01,2025-12-31,1,Active
SUB-00053,CTR-00058,ACC-0018,GC-TRACES,15,240000.0,16000.0,Annual,2025-01-01,2025-12-31,1,Active
SUB-00054,CTR-00060,ACC-0019,LOKI-ENT,11,330000.0,30000.0,Monthly,2025-06-01,2025-10-31,1,Inactive
SUB-00055,CTR-00060,ACC-0019,ENT-STACK,10,950000.0,95000.0,Annual,2025-06-01,2025-12-31,1,Active
SUB-00056,CTR-00061,ACC-0019,LOKI-ENT,14,420000.0,30000.0,Monthly,2025-11-01,2025-12-31,1,Active
SUB-00057,CTR-00062,ACC-0020,SLO,9,126000.0,14000.0,Annual,2024-03-01,2025-11-30,1,Inactive
SUB-00058,CTR-00062,ACC-0020,PROM-MGD,8,120000.0,15000.0,Monthly,2024-03-01,2025-12-31,1,Active
SUB-00059,CTR-00064,ACC-0020,SLO,11,154000.0,14000.0,Annual,2025-12-01,2025-12-31,1,Active
SUB-00060,CTR-00065,ACC-0021,GC-METRICS,8,144000.0,18000.0,Monthly,2024-11-01,2025-07-31,1,Inactive
SUB-00061,CTR-00065,ACC-0021,PROM-MGD,1,15000.0,15000.0,Annual,2024-11-01,2025-12-31,1,Active
SUB-00062,CTR-00066,ACC-0021,GC-METRICS,14,252000.0,18000.0,Annual,2025-08-01,2025-12-31,1,Active
SUB-00063,CTR-00068,ACC-0022,SLO,7,98000.0,14000.0,Annual,2025-01-01,2025-12-31,1,Active
SUB-00064,CTR-00068,ACC-0022,ONCALL,4,48000.0,12000.0,Annual,2025-01-01,2025-12-31,1,Active
SUB-00065,CTR-00068,ACC-0022,GC-TRACES,4,64000.0,16000.0,Annual,2025-01-01,2025-12-31,1,Active
SUB-00066,CTR-00069,ACC-0022,PROM-MGD,4,60000.0,15000.0,Monthly,2025-04-01,2025-12-31,1,Active
SUB-00067,CTR-00070,ACC-0022,TEMPO-ENT,10,280000.0,28000.0,Annual,2025-10-01,2025-12-31,1,Active
SUB-00068,CTR-00071,ACC-0023,ENT-STACK,4,380000.0,95000.0,Annual,2023-02-01,2025-12-31,1,Active
SUB-00069,CTR-00073,ACC-0023,GC-METRICS,9,162000.0,18000.0,Annual,2024-07-01,2025-12-31,1,Active
SUB-00071,CTR-00075,ACC-0023,TEMPO-ENT,14,392000.0,28000.0,Monthly,2025-01-01,2025-12-31,1,Active
SUB-00072,CTR-00077,ACC-0024,GC-TRACES,8,128000.0,16000.0,Annual,2024-04-01,2025-12-31,1,Active
SUB-00073,CTR-00077,ACC-0024,GC-LOGS,1,22000.0,22000.0,Annual,2024-04-01,2025-12-31,1,Active
SUB-00074,CTR-00079,ACC-0025,PROM-MGD,1,15000.0,15000.0,Annual,2025-06-01,2025-12-31,1,Active
SUB-00075,CTR-00079,ACC-0025,LOKI-ENT,5,150000.0,30000.0,Annual,2025-06-01,2025-12-31,1,Active
SUB-00076,CTR-00080,ACC-0026,LOKI-ENT,6,180000.0,30000.0,Monthly,2024-12-01,2025-12-31,1,Active
SUB-00077,CTR-00082,ACC-0027,LOKI-ENT,9,270000.0,30000.0,Annual,2024-11-01,2025-05-31,1,Inactive
SUB-00078,CTR-00083,ACC-0027,LOKI-ENT,11,330000.0,30000.0,Annual,2025-06-01,2025-12-31,1,Active
SUB-00079,CTR-00085,ACC-0028,GC-LOGS,9,198000.0,22000.0,Annual,2023-02-01,2025-12-31,1,Active
SUB-00080,CTR-00085,ACC-0028,GC-METRICS,10,180000.0,18000.0,Annual,2023-02-01,2025-12-31,1,Active
SUB-00081,CTR-00085,ACC-0028,ENT-STACK,10,950000.0,95000.0,Monthly,2023-02-01,2025-12-31,1,Active
SUB-00082,CTR-00088,ACC-0028,LOKI-ENT,3,90000.0,30000.0,Monthly,2025-05-01,2025-12-31,1,Active
SUB-00083,CTR-00089,ACC-0029,GC-METRICS,2,36000.0,18000.0,Annual,2025-06-01,2025-12-31,1,Active
SUB-00084,CTR-00089,ACC-0029,ENT-STACK,11,1045000.0,95000.0,Annual,2025-06-01,2025-12-31,1,Active
SUB-00085,CTR-00089,ACC-0029,ONCALL,1,12000.0,12000.0,Annual,2025-06-01,2025-12-31,1,Active
SUB-00086,CTR-00090,ACC-0030,TEMPO-ENT,10,280000.0,28000.0,Monthly,2023-01-01,2025-12-31,1,Active
SUB-00087,CTR-00090,ACC-0030,GC-METRICS,11,198000.0,18000.0,Annual,2023-01-01,2025-12-31,1,Active
SUB-00088,CTR-00091,ACC-0030,ONCALL,12,144000.0,12000.0,Annual,2023-04-01,2025-12-31,1,Active
SUB-00089,CTR-00094,ACC-0031,ENT-STACK,5,475000.0,95000.0,Annual,2024-05-01,2025-12-31,1,Active
SUB-00090,CTR-00096,ACC-0032,PROM-MGD,2,30000.0,15000.0,Annual,2023-08-01,2025-11-30,1,Inactive
SUB-00091,CTR-00096,ACC-0032,GC-METRICS,7,126000.0,18000.0,Annual,2023-08-01,2025-11-30,1,Inactive
SUB-00092,CTR-00099,ACC-0033,PROM-MGD,11,165000.0,15000.0,Annual,2024-04-01,2025-12-31,1,Active
SUB-00093,CTR-00101,ACC-0034,GC-TRACES,4,64000.0,16000.0,Monthly,2023-05-01,2025-12-31,1,Active
SUB-00094,CTR-00101,ACC-0034,GC-LOGS,10,220000.0,22000.0,Annual,2023-05-01,2025-12-31,1,Active
SUB-00095,CTR-00101,ACC-0034,ENT-STACK,7,665000.0,95000.0,Annual,2023-05-01,2025-12-31,1,Active
SUB-00096,CTR-00102,ACC-0034,GC-METRICS,2,36000.0,18000.0,Annual,2023-12-01,2025-12-31,1,Active
SUB-00097,CTR-00105,ACC-0034,TEMPO-ENT,8,224000.0,28000.0,Annual,2025-06-01,2025-12-31,1,Active
SUB-00098,CTR-00106,ACC-0035,ONCALL,2,24000.0,12000.0,Annual,2024-06-01,2024-10-31,1,Inactive
SUB-00099,CTR-00107,ACC-0035,ONCALL,8,96000.0,12000.0,Annual,2024-11-01,2025-12-31,1,Active
SUB-00100,CTR-00109,ACC-0035,GC-LOGS,2,44000.0,22000.0,Annual,2025-09-01,2025-12-31,1,Active
SUB-00101,CTR-00110,ACC-0036,PROM-MGD,2,30000.0,15000.0,Monthly,2024-06-01,2024-08-31,1,Inactive
SUB-00102,CTR-00110,ACC-0036,GC-METRICS,6,108000.0,18000.0,Monthly,2024-06-01,2025-12-31,1,Active
SUB-00103,CTR-00111,ACC-0036,PROM-MGD,5,75000.0,15000.0,Annual,2024-09-01,2025-12-31,1,Active
SUB-00104,CTR-00113,ACC-0036,GC-LOGS,3,66000.0,22000.0,Annual,2025-09-01,2025-12-31,1,Active
SUB-00106,CTR-00114,ACC-0037,GC-TRACES,12,192000.0,16000.0,Monthly,2023-10-01,2024-04-30,1,Inactive
SUB-00105,CTR-00114,ACC-0037,TEMPO-ENT,4,112000.0,28000.0,Annual,2023-10-01,2025-12-31,1,Active
SUB-00107,CTR-00115,ACC-0037,GC-TRACES,18,288000.0,16000.0,Annual,2024-05-01,2025-12-31,1,Active
SUB-00108,CTR-00118,ACC-0038,GC-TRACES,4,64000.0,16000.0,Monthly,2023-06-01,2025-12-31,1,Active
SUB-00109,CTR-00118,ACC-0038,SLO,6,84000.0,14000.0,Annual,2023-06-01,2025-12-31,1,Active
SUB-00110,CTR-00118,ACC-0038,ENT-STACK,7,665000.0,95000.0,Monthly,2023-06-01,2025-12-31,1,Active
SUB-00112,CTR-00121,ACC-0039,SLO,11,154000.0,14000.0,Annual,2025-03-01,2025-05-31,1,Inactive
SUB-00111,CTR-00121,ACC-0039,ONCALL,3,36000.0,12000.0,Monthly,2025-03-01,2025-09-30,1,Inactive
SUB-00113,CTR-00122,ACC-0039,SLO,12,168000.0,14000.0,Monthly,2025-06-01,2025-12-31,1,Active
SUB-00114,CTR-00123,ACC-0039,ONCALL,5,60000.0,12000.0,Annual,2025-10-01,2025-12-31,1,Active
SUB-00115,CTR-00124,ACC-0040,GC-METRICS,6,108000.0,18000.0,Annual,2023-12-01,2025-08-31,1,Inactive
SUB-00116,CTR-00124,ACC-0040,ONCALL,7,84000.0,12000.0,Annual,2023-12-01,2025-12-31,1,Active
SUB-00117,CTR-00126,ACC-0040,LOKI-ENT,1,30000.0,30000.0,Monthly,2025-08-01,2025-12-31,1,Active
SUB-00118,CTR-00127,ACC-0040,GC-METRICS,8,144000.0,18000.0,Annual,2025-09-01,2025-12-31,1,Active
SUB-00119,CTR-00129,ACC-0041,PROM-MGD,8,120000.0,15000.0,Annual,2024-05-01,2024-10-31,1,Inactive
SUB-00120,CTR-00130,ACC-0041,PROM-MGD,12,180000.0,15000.0,Annual,2024-11-01,2025-12-31,1,Active
SUB-00121,CTR-00132,ACC-0042,ONCALL,11,132000.0,12000.0,Annual,2025-07-01,2025-09-30,1,Inactive
SUB-00122,CTR-00133,ACC-0042,ONCALL,13,156000.0,12000.0,Annual,2025-10-01,2025-10-31,1,Inactive
SUB-00123,CTR-00134,ACC-0042,ONCALL,19,228000.0,12000.0,Annual,2025-11-01,2025-12-31,1,Active
SUB-00124,CTR-00135,ACC-0043,TEMPO-ENT,10,280000.0,28000.0,Monthly,2023-09-01,2025-12-31,1,Active
SUB-00125,CTR-00135,ACC-0043,ONCALL,7,84000.0,12000.0,Annual,2023-09-01,2025-12-31,1,Active
SUB-00126,CTR-00138,ACC-0043,GC-METRICS,3,54000.0,18000.0,Annual,2025-09-01,2025-12-31,1,Active
SUB-00128,CTR-00140,ACC-0044,GC-METRICS,6,108000.0,18000.0,Monthly,2025-01-01,2025-10-31,1,Inactive
SUB-00127,CTR-00139,ACC-0044,GC-LOGS,10,220000.0,22000.0,Monthly,2024-05-01,2025-11-30,1,Inactive
SUB-00129,CTR-00142,ACC-0044,GC-METRICS,14,252000.0,18000.0,Annual,2025-11-01,2025-11-30,1,Inactive
SUB-00131,CTR-00145,ACC-0045,GC-METRICS,12,216000.0,18000.0,Monthly,2024-12-01,2025-05-31,1,Inactive
SUB-00130,CTR-00143,ACC-0045,LOKI-ENT,5,150000.0,30000.0,Monthly,2023-03-01,2025-12-31,1,Active
SUB-00132,CTR-00147,ACC-0045,GC-METRICS,13,234000.0,18000.0,Annual,2025-06-01,2025-12-31,1,Active
SUB-00133,CTR-00148,ACC-0046,PROM-MGD,4,60000.0,15000.0,Annual,2025-04-01,2025-12-31,1,Active
SUB-00134,CTR-00149,ACC-0046,GC-METRICS,10,180000.0,18000.0,Monthly,2025-08-01,2025-12-31,1,Active
SUB-00135,CTR-00150,ACC-0046,ONCALL,3,36000.0,12000.0,Annual,2025-11-01,2025-12-31,1,Active
SUB-00138,CTR-00153,ACC-0047,ONCALL,15,180000.0,12000.0,Annual,2024-05-01,2024-08-31,1,Inactive
SUB-00136,CTR-00151,ACC-0047,ENT-STACK,11,1045000.0,95000.0,Annual,2023-10-01,2025-12-31,1,Active
SUB-00139,CTR-00154,ACC-0047,ONCALL,6,72000.0,12000.0,Monthly,2024-09-01,2025-12-31,1,Active
SUB-00140,CTR-00157,ACC-0048,ENT-STACK,7,665000.0,95000.0,Annual,2024-09-01,2025-12-31,1,Active
SUB-00141,CTR-00157,ACC-0048,ONCALL,4,48000.0,12000.0,Monthly,2024-09-01,2025-12-31,1,Active
SUB-00142,CTR-00157,ACC-0048,PROM-MGD,8,120000.0,15000.0,Annual,2024-09-01,2025-12-31,1,Active
SUB-00143,CTR-00159,ACC-0049,GC-LOGS,8,176000.0,22000.0,Monthly,2024-09-01,2025-03-31,1,Inactive
SUB-00145,CTR-00161,ACC-0049,GC-LOGS,18,396000.0,22000.0,Annual,2025-04-01,2025-12-31,1,Active
SUB-00146,CTR-00163,ACC-0050,SLO,1,14000.0,14000.0,Annual,2023-05-01,2025-05-31,1,Inactive
SUB-00147,CTR-00166,ACC-0051,GC-METRICS,10,180000.0,18000.0,Annual,2024-09-01,2025-12-31,1,Active
SUB-00148,CTR-00168,ACC-0052,PROM-MGD,3,45000.0,15000.0,Annual,2025-04-01,2025-09-30,1,Inactive
SUB-00149,CTR-00169,ACC-0052,PROM-MGD,7,105000.0,15000.0,Monthly,2025-10-01,2025-12-31,1,Active
SUB-00150,CTR-00170,ACC-0053,GC-METRICS,11,198000.0,18000.0,Annual,2024-12-01,2025-08-31,1,Inactive
SUB-00151,CTR-00171,ACC-0053,GC-METRICS,18,324000.0,18000.0,Annual,2025-09-01,2025-12-31,1,Active
SUB-00152,CTR-00173,ACC-0054,ONCALL,6,72000.0,12000.0,Monthly,2023-12-01,2024-04-30,1,Inactive
SUB-00154,CTR-00175,ACC-0054,ONCALL,18,216000.0,12000.0,Monthly,2024-05-01,2024-08-31,1,Inactive
SUB-00155,CTR-00176,ACC-0054,ONCALL,21,252000.0,12000.0,Annual,2024-09-01,2025-06-30,1,Inactive
SUB-00156,CTR-00178,ACC-0055,PROM-MGD,7,105000.0,15000.0,Annual,2025-07-01,2025-09-30,1,Inactive
SUB-00157,CTR-00179,ACC-0055,PROM-MGD,15,225000.0,15000.0,Monthly,2025-10-01,2025-12-31,1,Active
SUB-00158,CTR-00180,ACC-0055,LOKI-ENT,6,180000.0,30000.0,Monthly,2025-12-01,2025-12-31,1,Active
SUB-00159,CTR-00181,ACC-0056,GC-METRICS,7,126000.0,18000.0,Annual,2024-12-01,2025-09-30,1,Inactive
SUB-00160,CTR-00181,ACC-0056,TEMPO-ENT,5,140000.0,28000.0,Monthly,2024-12-01,2025-12-31,1,Active
SUB-00161,CTR-00182,ACC-0056,GC-METRICS,13,234000.0,18000.0,Annual,2025-10-01,2025-12-31,1,Active
SUB-00162,CTR-00184,ACC-0057,GC-METRICS,4,72000.0,18000.0,Annual,2024-05-01,2025-02-28,1,Inactive
SUB-00163,CTR-00185,ACC-0057,GC-LOGS,10,220000.0,22000.0,Monthly,2024-09-01,2025-08-31,1,Inactive
SUB-00164,CTR-00186,ACC-0057,GC-METRICS,8,144000.0,18000.0,Annual,2025-03-01,2025-12-31,1,Active
SUB-00165,CTR-00188,ACC-0057,GC-LOGS,18,396000.0,22000.0,Annual,2025-09-01,2025-12-31,1,Active
SUB-00167,CTR-00189,ACC-0058,SLO,10,140000.0,14000.0,Annual,2023-10-01,2024-07-31,1,Inactive
SUB-00168,CTR-00190,ACC-0058,SLO,11,154000.0,14000.0,Monthly,2024-08-01,2025-01-31,1,Inactive
SUB-00166,CTR-00189,ACC-0058,LOKI-ENT,6,180000.0,30000.0,Annual,2023-10-01,2025-12-31,1,Active
SUB-00169,CTR-00192,ACC-0058,SLO,19,266000.0,14000.0,Monthly,2025-02-01,2025-12-31,1,Active
SUB-00170,CTR-00194,ACC-0059,TEMPO-ENT,8,224000.0,28000.0,Annual,2025-05-01,2025-10-31,1,Inactive
SUB-00171,CTR-00195,ACC-0059,TEMPO-ENT,12,336000.0,28000.0,Annual,2025-11-01,2025-12-31,1,Active
SUB-00172,CTR-00196,ACC-0060,TEMPO-ENT,8,224000.0,28000.0,Monthly,2025-06-01,2025-12-31,1,Active
SUB-00173,CTR-00196,ACC-0060,ENT-STACK,5,475000.0,95000.0,Monthly,2025-06-01,2025-12-31,1,Active
SUB-00174,CTR-00197,ACC-0061,PROM-MGD,9,135000.0,15000.0,Monthly,2024-03-01,2024-08-31,1,Inactive
SUB-00175,CTR-00198,ACC-0061,PROM-MGD,13,195000.0,15000.0,Annual,2024-09-01,2025-12-31,1,Active
SUB-00176,CTR-00200,ACC-0062,GC-LOGS,1,22000.0,22000.0,Monthly,2023-02-01,2023-10-31,1,Inactive
SUB-00177,CTR-00201,ACC-0062,GC-LOGS,2,44000.0,22000.0,Monthly,2023-11-01,2025-12-31,1,Active
SUB-00178,CTR-00204,ACC-0063,PROM-MGD,4,60000.0,15000.0,Annual,2023-09-01,2025-12-31,1,Active
SUB-00179,CTR-00207,ACC-0064,ONCALL,3,36000.0,12000.0,Annual,2025-03-01,2025-09-30,1,Inactive
SUB-00180,CTR-00207,ACC-0064,ENT-STACK,6,570000.0,95000.0,Monthly,2025-03-01,2025-12-31,1,Active
SUB-00181,CTR-00208,ACC-0064,GC-TRACES,8,128000.0,16000.0,Annual,2025-06-01,2025-12-31,1,Active
SUB-00182,CTR-00209,ACC-0064,ONCALL,10,120000.0,12000.0,Annual,2025-10-01,2025-12-31,1,Active
SUB-00183,CTR-00210,ACC-0065,ONCALL,8,96000.0,12000.0,Annual,2023-08-01,2024-06-30,1,Inactive
SUB-00184,CTR-00210,ACC-0065,TEMPO-ENT,9,252000.0,28000.0,Monthly,2023-08-01,2025-12-31,1,Active
SUB-00185,CTR-00211,ACC-0065,ONCALL,13,156000.0,12000.0,Annual,2024-07-01,2025-12-31,1,Active
SUB-00186,CTR-00214,ACC-0066,GC-METRICS,4,72000.0,18000.0,Monthly,2024-10-01,2025-12-31,1,Active
SUB-00187,CTR-00216,ACC-0067,GC-LOGS,8,176000.0,22000.0,Annual,2024-11-01,2025-11-30,1,Inactive
SUB-00188,CTR-00216,ACC-0067,LOKI-ENT,9,270000.0,30000.0,Monthly,2024-11-01,2025-11-30,1,Inactive
SUB-00189,CTR-00216,ACC-0067,ONCALL,5,60000.0,12000.0,Annual,2024-11-01,2025-11-30,1,Inactive
SUB-00190,CTR-00217,ACC-0067,GC-TRACES,12,192000.0,16000.0,Monthly,2025-02-01,2025-11-30,1,Inactive
SUB-00192,CTR-00219,ACC-0068,PROM-MGD,12,180000.0,15000.0,Annual,2025-01-01,2025-08-31,1,Inactive
SUB-00191,CTR-00219,ACC-0068,TEMPO-ENT,6,168000.0,28000.0,Monthly,2025-01-01,2025-12-31,1,Active
SUB-00193,CTR-00220,ACC-0068,PROM-MGD,18,270000.0,15000.0,Annual,2025-09-01,2025-12-31,1,Active
SUB-00195,CTR-00221,ACC-0069,GC-LOGS,5,110000.0,22000.0,Annual,2024-11-01,2025-10-31,1,Inactive
SUB-00194,CTR-00221,ACC-0069,LOKI-ENT,7,210000.0,30000.0,Monthly,2024-11-01,2025-12-31,1,Active
SUB-00197,CTR-00224,ACC-0069,GC-LOGS,14,308000.0,22000.0,Monthly,2025-11-01,2025-12-31,1,Active
SUB-00198,CTR-00225,ACC-0070,GC-TRACES,4,64000.0,16000.0,Annual,2025-03-01,2025-05-31,1,Inactive
SUB-00199,CTR-00226,ACC-0070,GC-TRACES,11,176000.0,16000.0,Annual,2025-06-01,2025-10-31,1,Inactive
SUB-00200,CTR-00227,ACC-0070,GC-TRACES,15,240000.0,16000.0,Monthly,2025-11-01,2025-12-31,1,Active
SUB-00201,CTR-00228,ACC-0071,TEMPO-ENT,5,140000.0,28000.0,Monthly,2025-02-01,2025-05-31,1,Inactive
SUB-00202,CTR-00229,ACC-0071,TEMPO-ENT,12,336000.0,28000.0,Annual,2025-06-01,2025-12-31,1,Active
SUB-00203,CTR-00230,ACC-0071,GC-METRICS,2,36000.0,18000.0,Annual,2025-07-01,2025-12-31,1,Active
SUB-00205,CTR-00231,ACC-0072,GC-TRACES,5,80000.0,16000.0,Annual,2024-02-01,2025-07-31,1,Inactive
SUB-00204,CTR-00231,ACC-0072,ENT-STACK,11,1045000.0,95000.0,Annual,2024-02-01,2025-12-31,1,Active
SUB-00206,CTR-00233,ACC-0072,GC-TRACES,9,144000.0,16000.0,Annual,2025-08-01,2025-12-31,1,Active
SUB-00208,CTR-00234,ACC-0073,PROM-MGD,8,120000.0,15000.0,Annual,2023-06-01,2024-01-31,1,Inactive
SUB-00207,CTR-00234,ACC-0073,SLO,7,98000.0,14000.0,Monthly,2023-06-01,2025-12-31,1,Active
SUB-00209,CTR-00234,ACC-0073,GC-LOGS,8,176000.0,22000.0,Monthly,2023-06-01,2025-12-31,1,Active
SUB-00210,CTR-00235,ACC-0073,PROM-MGD,9,135000.0,15000.0,Annual,2024-02-01,2025-12-31,1,Active
SUB-00211,CTR-00238,ACC-0074,TEMPO-ENT,9,252000.0,28000.0,Annual,2024-10-01,2025-08-31,1,Inactive
SUB-00212,CTR-00239,ACC-0074,TEMPO-ENT,17,476000.0,28000.0,Annual,2025-09-01,2025-12-31,1,Active
SUB-00213,CTR-00240,ACC-0074,GC-LOGS,2,44000.0,22000.0,Annual,2025-09-01,2025-12-31,1,Active
SUB-00216,CTR-00242,ACC-0075,ENT-STACK,10,950000.0,95000.0,Monthly,2024-02-01,2025-09-30,1,Inactive
SUB-00214,CTR-00242,ACC-0075,ONCALL,11,132000.0,12000.0,Annual,2024-02-01,2025-12-31,1,Active
SUB-00215,CTR-00242,ACC-0075,LOKI-ENT,3,90000.0,30000.0,Annual,2024-02-01,2025-12-31,1,Active
SUB-00217,CTR-00244,ACC-0075,ENT-STACK,17,1615000.0,95000.0,Annual,2025-10-01,2025-12-31,1,Active
SUB-00219,CTR-00245,ACC-0076,ENT-STACK,2,190000.0,95000.0,Annual,2023-05-01,2025-03-31,1,Inactive
SUB-00218,CTR-00245,ACC-0076,PROM-MGD,10,150000.0,15000.0,Monthly,2023-05-01,2025-12-31,1,Active
SUB-00220,CTR-00247,ACC-0076,ENT-STACK,3,285000.0,95000.0,Monthly,2025-04-01,2025-12-31,1,Active
SUB-00221,CTR-00249,ACC-0077,GC-METRICS,5,90000.0,18000.0,Monthly,2025-06-01,2025-12-31,1,Active
SUB-00222,CTR-00249,ACC-0077,TEMPO-ENT,5,140000.0,28000.0,Monthly,2025-06-01,2025-12-31,1,Active
SUB-00223,CTR-00249,ACC-0077,ONCALL,5,60000.0,12000.0,Monthly,2025-06-01,2025-12-31,1,Active
SUB-00224,CTR-00250,ACC-0077,SLO,11,154000.0,14000.0,Annual,2025-12-01,2025-12-31,1,Active
SUB-00225,CTR-00251,ACC-0078,ENT-STACK,1,95000.0,95000.0,Annual,2023-07-01,2025-12-31,1,Active
SUB-00226,CTR-00251,ACC-0078,TEMPO-ENT,9,252000.0,28000.0,Annual,2023-07-01,2025-12-31,1,Active
SUB-00227,CTR-00252,ACC-0078,GC-METRICS,3,54000.0,18000.0,Annual,2024-02-01,2025-12-31,1,Active
SUB-00229,CTR-00255,ACC-0079,ONCALL,2,24000.0,12000.0,Annual,2023-09-01,2024-04-30,1,Inactive
SUB-00228,CTR-00255,ACC-0079,ENT-STACK,11,1045000.0,95000.0,Annual,2023-09-01,2025-12-31,1,Active
SUB-00230,CTR-00256,ACC-0079,ONCALL,1,12000.0,12000.0,Annual,2024-05-01,2025-12-31,1,Active
SUB-00231,CTR-00259,ACC-0080,LOKI-ENT,11,330000.0,30000.0,Monthly,2025-04-01,2025-12-31,1,Active
SUB-00232,CTR-00259,ACC-0080,GC-TRACES,7,112000.0,16000.0,Annual,2025-04-01,2025-12-31,1,Active
SUB-00233,CTR-00260,ACC-0080,ENT-STACK,5,475000.0,95000.0,Monthly,2025-11-01,2025-12-31,1,Active
SUB-00234,CTR-00261,ACC-0081,LOKI-ENT,5,150000.0,30000.0,Annual,2025-04-01,2025-12-31,1,Active
SUB-00235,CTR-00261,ACC-0081,SLO,11,154000.0,14000.0,Annual,2025-04-01,2025-12-31,1,Active
SUB-00236,CTR-00262,ACC-0082,GC-TRACES,11,176000.0,16000.0,Monthly,2024-10-01,2025-10-31,1,Inactive
SUB-00237,CTR-00262,ACC-0082,ENT-STACK,2,190000.0,95000.0,Monthly,2024-10-01,2025-10-31,1,Inactive
SUB-00238,CTR-00263,ACC-0082,SLO,10,140000.0,14000.0,Monthly,2025-05-01,2025-10-31,1,Inactive
SUB-00239,CTR-00265,ACC-0083,GC-METRICS,10,180000.0,18000.0,Monthly,2025-06-01,2025-12-31,1,Active
SUB-00240,CTR-00266,ACC-0083,ONCALL,9,108000.0,12000.0,Annual,2025-10-01,2025-12-31,1,Active
SUB-00241,CTR-00267,ACC-0084,PROM-MGD,8,120000.0,15000.0,Annual,2025-05-01,2025-08-31,1,Inactive
SUB-00242,CTR-00268,ACC-0084,PROM-MGD,13,195000.0,15000.0,Monthly,2025-09-01,2025-12-31,1,Active
SUB-00244,CTR-00270,ACC-0084,GC-LOGS,15,330000.0,22000.0,Annual,2025-10-01,2025-12-31,1,Active
SUB-00245,CTR-00271,ACC-0085,SLO,3,42000.0,14000.0,Monthly,2023-07-01,2025-05-31,1,Inactive
SUB-00246,CTR-00273,ACC-0085,SLO,2,28000.0,14000.0,Annual,2025-06-01,2025-12-31,1,Active
SUB-00249,CTR-00278,ACC-0086,GC-LOGS,5,110000.0,22000.0,Monthly,2025-03-01,2025-08-31,1,Inactive
SUB-00247,CTR-00275,ACC-0086,SLO,7,98000.0,14000.0,Annual,2024-02-01,2025-12-31,1,Active
SUB-00248,CTR-00276,ACC-0086,GC-TRACES,3,48000.0,16000.0,Monthly,2024-05-01,2025-12-31,1,Active
SUB-00250,CTR-00279,ACC-0086,GC-LOGS,11,242000.0,22000.0,Annual,2025-09-01,2025-12-31,1,Active
SUB-00251,CTR-00280,ACC-0087,LOKI-ENT,3,90000.0,30000.0,Monthly,2023-11-01,2025-12-31,1,Active
SUB-00252,CTR-00283,ACC-0088,GC-TRACES,9,144000.0,16000.0,Monthly,2024-09-01,2025-12-31,1,Active
SUB-00254,CTR-00285,ACC-0089,GC-LOGS,12,264000.0,22000.0,Annual,2024-01-01,2025-07-31,1,Inactive
SUB-00253,CTR-00285,ACC-0089,SLO,4,56000.0,14000.0,Monthly,2024-01-01,2025-12-31,1,Active
SUB-00255,CTR-00287,ACC-0089,GC-LOGS,14,308000.0,22000.0,Annual,2025-08-01,2025-12-31,1,Active
SUB-00256,CTR-00288,ACC-0089,PROM-MGD,5,75000.0,15000.0,Monthly,2025-11-01,2025-12-31,1,Active
SUB-00257,CTR-00289,ACC-0090,GC-METRICS,9,162000.0,18000.0,Monthly,2024-11-01,2025-12-31,1,Active
SUB-00258,CTR-00291,ACC-0091,PROM-MGD,5,75000.0,15000.0,Annual,2023-05-01,2024-06-30,1,Inactive
SUB-00259,CTR-00291,ACC-0091,ENT-STACK,11,1045000.0,95000.0,Annual,2023-05-01,2024-06-30,1,Inactive
SUB-00260,CTR-00293,ACC-0092,GC-METRICS,1,18000.0,18000.0,Annual,2024-12-01,2025-03-31,1,Inactive
SUB-00261,CTR-00294,ACC-0092,GC-METRICS,8,144000.0,18000.0,Monthly,2025-04-01,2025-11-30,1,Inactive
SUB-00262,CTR-00296,ACC-0092,GC-METRICS,9,162000.0,18000.0,Monthly,2025-12-01,2025-12-31,1,Active
SUB-00263,CTR-00297,ACC-0093,SLO,10,140000.0,14000.0,Annual,2025-06-01,2025-09-30,1,Inactive
SUB-00264,CTR-00297,ACC-0093,GC-LOGS,7,154000.0,22000.0,Annual,2025-06-01,2025-11-30,1,Inactive
SUB-00265,CTR-00298,ACC-0093,SLO,15,210000.0,14000.0,Annual,2025-10-01,2025-12-31,1,Active
SUB-00266,CTR-00299,ACC-0093,GC-LOGS,13,286000.0,22000.0,Monthly,2025-12-01,2025-12-31,1,Active
SUB-00267,CTR-00300,ACC-0094,LOKI-ENT,8,240000.0,30000.0,Annual,2024-11-01,2025-10-31,1,Inactive
SUB-00268,CTR-00302,ACC-0094,LOKI-ENT,12,360000.0,30000.0,Annual,2025-11-01,2025-11-30,1,Inactive
SUB-00269,CTR-00303,ACC-0094,LOKI-ENT,3,90000.0,30000.0,Monthly,2025-12-01,2025-12-31,1,Active
SUB-00271,CTR-00305,ACC-0095,GC-TRACES,9,144000.0,16000.0,Annual,2023-07-01,2023-08-31,1,Inactive
SUB-00270,CTR-00304,ACC-0095,SLO,2,28000.0,14000.0,Monthly,2023-03-01,2024-05-31,1,Inactive
SUB-00272,CTR-00306,ACC-0095,GC-TRACES,15,240000.0,16000.0,Annual,2023-09-01,2024-05-31,1,Inactive
SUB-00273,CTR-00308,ACC-0096,PROM-MGD,11,165000.0,15000.0,Annual,2024-11-01,2025-02-28,1,Inactive
SUB-00274,CTR-00308,ACC-0096,ENT-STACK,4,380000.0,95000.0,Monthly,2024-11-01,2025-11-30,1,Inactive
SUB-00275,CTR-00309,ACC-0096,PROM-MGD,16,240000.0,15000.0,Annual,2025-03-01,2025-11-30,1,Inactive
SUB-00276,CTR-00311,ACC-0097,ONCALL,1,12000.0,12000.0,Annual,2024-11-01,2025-11-30,1,Inactive
SUB-00278,CTR-00313,ACC-0098,ENT-STACK,3,285000.0,95000.0,Annual,2024-04-01,2025-06-30,1,Inactive
SUB-00277,CTR-00313,ACC-0098,GC-LOGS,12,264000.0,22000.0,Monthly,2024-04-01,2025-12-31,1,Active
SUB-00279,CTR-00315,ACC-0098,ENT-STACK,6,570000.0,95000.0,Monthly,2025-07-01,2025-12-31,1,Active
SUB-00280,CTR-00316,ACC-0099,ENT-STACK,6,570000.0,95000.0,Annual,2024-11-01,2025-12-31,1,Active
SUB-00282,CTR-00318,ACC-0100,PROM-MGD,9,135000.0,15000.0,Monthly,2024-11-01,2025-09-30,1,Inactive
SUB-00281,CTR-00318,ACC-0100,TEMPO-ENT,6,168000.0,28000.0,Monthly,2024-11-01,2025-12-31,1,Active
SUB-00283,CTR-00319,ACC-0100,GC-TRACES,3,48000.0,16000.0,Annual,2025-08-01,2025-12-31,1,Active
SUB-00284,CTR-00320,ACC-0100,PROM-MGD,12,180000.0,15000.0,Monthly,2025-10-01,2025-12-31,1,Active
SUB-00285,CTR-00322,ACC-0101,SLO,2,28000.0,14000.0,Monthly,2023-07-01,2024-09-30,1,Inactive
SUB-00286,CTR-00324,ACC-0101,SLO,3,42000.0,14000.0,Annual,2024-10-01,2025-12-31,1,Active
SUB-00289,CTR-00326,ACC-0102,ONCALL,5,60000.0,12000.0,Monthly,2025-03-01,2025-05-31,1,Inactive
SUB-00287,CTR-00326,ACC-0102,TEMPO-ENT,12,336000.0,28000.0,Annual,2025-03-01,2025-08-31,1,Inactive
SUB-00288,CTR-00326,ACC-0102,LOKI-ENT,4,120000.0,30000.0,Annual,2025-03-01,2025-12-31,1,Active
SUB-00290,CTR-00327,ACC-0102,ONCALL,10,120000.0,12000.0,Annual,2025-06-01,2025-12-31,1,Active
SUB-00291,CTR-00328,ACC-0102,TEMPO-ENT,15,420000.0,28000.0,Monthly,2025-09-01,2025-12-31,1,Active
SUB-00292,CTR-00329,ACC-0103,GC-TRACES,10,160000.0,16000.0,Annual,2025-01-01,2025-11-30,1,Inactive
SUB-00293,CTR-00329,ACC-0103,SLO,9,126000.0,14000.0,Annual,2025-01-01,2025-12-31,1,Active
SUB-00295,CTR-00331,ACC-0103,GC-TRACES,17,272000.0,16000.0,Annual,2025-12-01,2025-12-31,1,Active
SUB-00296,CTR-00332,ACC-0103,PROM-MGD,11,165000.0,15000.0,Annual,2025-12-01,2025-12-31,1,Active
SUB-00299,CTR-00334,ACC-0104,GC-LOGS,9,198000.0,22000.0,Annual,2025-11-01,2025-11-30,1,Inactive
SUB-00297,CTR-00333,ACC-0104,TEMPO-ENT,2,56000.0,28000.0,Monthly,2025-07-01,2025-12-31,1,Active
SUB-00298,CTR-00333,ACC-0104,ONCALL,7,84000.0,12000.0,Annual,2025-07-01,2025-12-31,1,Active
SUB-00300,CTR-00335,ACC-0104,GC-LOGS,10,220000.0,22000.0,Monthly,2025-12-01,2025-12-31,1,Active
SUB-00301,CTR-00336,ACC-0105,ONCALL,9,108000.0,12000.0,Annual,2024-09-01,2025-12-31,1,Active
SUB-00302,CTR-00336,ACC-0105,PROM-MGD,12,180000.0,15000.0,Monthly,2024-09-01,2025-12-31,1,Active
SUB-00303,CTR-00336,ACC-0105,SLO,12,168000.0,14000.0,Monthly,2024-09-01,2025-12-31,1,Active
SUB-00304,CTR-00338,ACC-0106,ENT-STACK,10,950000.0,95000.0,Annual,2023-02-01,2025-07-31,1,Inactive
SUB-00305,CTR-00338,ACC-0106,PROM-MGD,4,60000.0,15000.0,Annual,2023-02-01,2025-12-31,1,Active
SUB-00306,CTR-00341,ACC-0106,ENT-STACK,12,1140000.0,95000.0,Annual,2025-08-01,2025-12-31,1,Active
SUB-00307,CTR-00342,ACC-0107,GC-TRACES,7,112000.0,16000.0,Monthly,2023-10-01,2025-12-31,1,Active
SUB-00308,CTR-00342,ACC-0107,SLO,7,98000.0,14000.0,Annual,2023-10-01,2025-12-31,1,Active
SUB-00309,CTR-00343,ACC-0107,GC-LOGS,11,242000.0,22000.0,Monthly,2024-05-01,2025-12-31,1,Active
SUB-00310,CTR-00346,ACC-0108,ENT-STACK,2,190000.0,95000.0,Annual,2024-07-01,2024-11-30,1,Inactive
SUB-00311,CTR-00347,ACC-0108,ENT-STACK,10,950000.0,95000.0,Monthly,2024-12-01,2025-08-31,1,Inactive
SUB-00312,CTR-00349,ACC-0108,SLO,6,84000.0,14000.0,Monthly,2025-07-01,2025-08-31,1,Inactive
SUB-00313,CTR-00350,ACC-0109,LOKI-ENT,8,240000.0,30000.0,Annual,2023-04-01,2025-12-31,1,Active
SUB-00314,CTR-00350,ACC-0109,TEMPO-ENT,8,224000.0,28000.0,Annual,2023-04-01,2025-12-31,1,Active
SUB-00315,CTR-00353,ACC-0110,TEMPO-ENT,3,84000.0,28000.0,Monthly,2024-11-01,2025-05-31,1,Inactive
SUB-00316,CTR-00354,ACC-0110,TEMPO-ENT,7,196000.0,28000.0,Annual,2025-06-01,2025-11-30,1,Inactive
SUB-00318,CTR-00356,ACC-0111,GC-METRICS,5,90000.0,18000.0,Annual,2025-03-01,2025-07-31,1,Inactive
SUB-00317,CTR-00356,ACC-0111,LOKI-ENT,9,270000.0,30000.0,Monthly,2025-03-01,2025-12-31,1,Active
SUB-00319,CTR-00357,ACC-0111,GC-METRICS,7,126000.0,18000.0,Monthly,2025-08-01,2025-12-31,1,Active
SUB-00320,CTR-00358,ACC-0111,SLO,4,56000.0,14000.0,Monthly,2025-12-01,2025-12-31,1,Active
SUB-00321,CTR-00359,ACC-0112,GC-LOGS,3,66000.0,22000.0,Annual,2025-01-01,2025-03-31,1,Inactive
SUB-00322,CTR-00360,ACC-0112,GC-LOGS,9,198000.0,22000.0,Monthly,2025-04-01,2025-10-31,1,Inactive
SUB-00323,CTR-00361,ACC-0112,GC-LOGS,2,44000.0,22000.0,Annual,2025-11-01,2025-12-31,1,Active
SUB-00324,CTR-00362,ACC-0113,ENT-STACK,11,1045000.0,95000.0,Monthly,2023-02-01,2025-12-31,1,Active
SUB-00325,CTR-00365,ACC-0113,SLO,8,112000.0,14000.0,Annual,2025-05-01,2025-12-31,1,Active
SUB-00326,CTR-00366,ACC-0114,LOKI-ENT,2,60000.0,30000.0,Annual,2025-05-01,2025-12-31,1,Active
SUB-00327,CTR-00367,ACC-0115,ONCALL,12,144000.0,12000.0,Annual,2024-11-01,2025-12-31,1,Active
SUB-00328,CTR-00367,ACC-0115,TEMPO-ENT,2,56000.0,28000.0,Annual,2024-11-01,2025-12-31,1,Active
SUB-00329,CTR-00369,ACC-0116,ENT-STACK,1,95000.0,95000.0,Monthly,2024-07-01,2025-12-31,1,Active
SUB-00330,CTR-00370,ACC-0116,GC-METRICS,12,216000.0,18000.0,Annual,2024-12-01,2025-12-31,1,Active
SUB-00331,CTR-00372,ACC-0117,GC-LOGS,10,220000.0,22000.0,Annual,2023-06-01,2025-06-30,1,Inactive
SUB-00332,CTR-00372,ACC-0117,ENT-STACK,11,1045000.0,95000.0,Annual,2023-06-01,2025-06-30,1,Inactive
SUB-00333,CTR-00374,ACC-0117,TEMPO-ENT,9,252000.0,28000.0,Annual,2024-11-01,2025-06-30,1,Inactive
SUB-00334,CTR-00376,ACC-0118,PROM-MGD,8,120000.0,15000.0,Annual,2023-02-01,2025-03-31,1,Inactive
SUB-00335,CTR-00376,ACC-0118,ENT-STACK,11,1045000.0,95000.0,Monthly,2023-02-01,2025-12-31,1,Active
SUB-00336,CTR-00379,ACC-0118,PROM-MGD,4,60000.0,15000.0,Annual,2025-04-01,2025-12-31,1,Active
SUB-00337,CTR-00380,ACC-0118,SLO,2,28000.0,14000.0,Annual,2025-08-01,2025-12-31,1,Active
SUB-00338,CTR-00381,ACC-0119,GC-METRICS,10,180000.0,18000.0,Monthly,2024-02-01,2024-07-31,1,Inactive
SUB-00339,CTR-00382,ACC-0119,GC-METRICS,17,306000.0,18000.0,Monthly,2024-08-01,2025-02-28,1,Inactive
SUB-00340,CTR-00384,ACC-0119,GC-METRICS,20,360000.0,18000.0,Monthly,2025-03-01,2025-12-31,1,Active
SUB-00341,CTR-00385,ACC-0120,TEMPO-ENT,3,84000.0,28000.0,Annual,2024-04-01,2024-09-30,1,Inactive
SUB-00342,CTR-00385,ACC-0120,ONCALL,11,132000.0,12000.0,Annual,2024-04-01,2025-12-31,1,Active
SUB-00343,CTR-00385,ACC-0120,ENT-STACK,2,190000.0,95000.0,Annual,2024-04-01,2025-12-31,1,Active
SUB-00344,CTR-00386,ACC-0120,TEMPO-ENT,10,280000.0,28000.0,Monthly,2024-10-01,2025-12-31,1,Active
SUB-00345,CTR-00388,ACC-0120,GC-METRICS,5,90000.0,18000.0,Monthly,2025-07-01,2025-12-31,1,Active
SUB-00346,CTR-00389,ACC-0120,PROM-MGD,12,180000.0,15000.0,Annual,2025-12-01,2025-12-31,1,Active
SUB-00347,CTR-00390,ACC-0121,GC-METRICS,3,54000.0,18000.0,Annual,2024-09-01,2025-02-28,1,Inactive
SUB-00348,CTR-00391,ACC-0121,GC-METRICS,6,108000.0,18000.0,Annual,2025-03-01,2025-12-31,1,Active
SUB-00349,CTR-00393,ACC-0121,ONCALL,11,132000.0,12000.0,Annual,2025-12-01,2025-12-31,1,Active
SUB-00350,CTR-00394,ACC-0122,PROM-MGD,2,30000.0,15000.0,Monthly,2023-07-01,2025-11-30,1,Inactive
SUB-00351,CTR-00397,ACC-0122,PROM-MGD,4,60000.0,15000.0,Monthly,2025-12-01,2025-12-31,1,Active
SUB-00353,CTR-00398,ACC-0123,ENT-STACK,8,760000.0,95000.0,Monthly,2025-07-01,2025-11-30,1,Inactive
SUB-00352,CTR-00398,ACC-0123,GC-TRACES,12,192000.0,16000.0,Annual,2025-07-01,2025-12-31,1,Active
SUB-00354,CTR-00399,ACC-0123,GC-METRICS,7,126000.0,18000.0,Monthly,2025-11-01,2025-12-31,1,Active
SUB-00355,CTR-00400,ACC-0123,ENT-STACK,4,380000.0,95000.0,Monthly,2025-12-01,2025-12-31,1,Active
SUB-00356,CTR-00401,ACC-0124,PROM-MGD,7,105000.0,15000.0,Monthly,2023-01-01,2024-04-30,1,Inactive
SUB-00357,CTR-00403,ACC-0124,PROM-MGD,4,60000.0,15000.0,Annual,2024-05-01,2024-08-31,1,Inactive
SUB-00358,CTR-00404,ACC-0124,PROM-MGD,7,105000.0,15000.0,Monthly,2024-09-01,2025-09-30,1,Inactive
SUB-00359,CTR-00406,ACC-0124,PROM-MGD,13,195000.0,15000.0,Annual,2025-10-01,2025-12-31,1,Active
SUB-00360,CTR-00407,ACC-0125,SLO,9,126000.0,14000.0,Annual,2025-05-01,2025-10-31,1,Inactive
SUB-00361,CTR-00407,ACC-0125,GC-LOGS,5,110000.0,22000.0,Annual,2025-05-01,2025-12-31,1,Active
SUB-00362,CTR-00407,ACC-0125,ONCALL,7,84000.0,12000.0,Annual,2025-05-01,2025-12-31,1,Active
SUB-00363,CTR-00408,ACC-0125,GC-TRACES,2,32000.0,16000.0,Annual,2025-08-01,2025-12-31,1,Active
SUB-00364,CTR-00409,ACC-0125,SLO,5,70000.0,14000.0,Monthly,2025-11-01,2025-12-31,1,Active
SUB-00365,CTR-00410,ACC-0126,GC-TRACES,9,144000.0,16000.0,Annual,2023-11-01,2025-12-31,1,Active
SUB-00366,CTR-00410,ACC-0126,GC-LOGS,5,110000.0,22000.0,Annual,2023-11-01,2025-12-31,1,Active
SUB-00367,CTR-00413,ACC-0127,PROM-MGD,4,60000.0,15000.0,Annual,2023-05-01,2025-12-31,1,Active
SUB-00368,CTR-00413,ACC-0127,GC-TRACES,9,144000.0,16000.0,Annual,2023-05-01,2025-12-31,1,Active
SUB-00369,CTR-00416,ACC-0128,ENT-STACK,10,950000.0,95000.0,Monthly,2025-02-01,2025-05-31,1,Inactive
SUB-00370,CTR-00417,ACC-0128,ENT-STACK,15,1425000.0,95000.0,Annual,2025-06-01,2025-12-31,1,Active
SUB-00371,CTR-00418,ACC-0128,TEMPO-ENT,11,308000.0,28000.0,Annual,2025-12-01,2025-12-31,1,Active
SUB-00372,CTR-00419,ACC-0129,GC-TRACES,6,96000.0,16000.0,Annual,2024-07-01,2024-10-31,1,Inactive
SUB-00373,CTR-00420,ACC-0129,GC-TRACES,12,192000.0,16000.0,Annual,2024-11-01,2025-12-31,1,Active
SUB-00374,CTR-00422,ACC-0130,TEMPO-ENT,11,308000.0,28000.0,Monthly,2023-06-01,2025-12-31,1,Active
SUB-00375,CTR-00424,ACC-0130,GC-LOGS,1,22000.0,22000.0,Monthly,2024-11-01,2025-12-31,1,Active
SUB-00376,CTR-00426,ACC-0131,SLO,9,126000.0,14000.0,Annual,2024-01-01,2025-12-31,1,Active
SUB-00377,CTR-00428,ACC-0132,GC-LOGS,3,66000.0,22000.0,Annual,2023-08-01,2024-08-31,1,Inactive
SUB-00378,CTR-00430,ACC-0132,GC-LOGS,1,22000.0,22000.0,Monthly,2024-09-01,2025-12-31,1,Active
SUB-00379,CTR-00432,ACC-0133,TEMPO-ENT,7,196000.0,28000.0,Monthly,2025-02-01,2025-06-30,1,Inactive
SUB-00380,CTR-00433,ACC-0133,TEMPO-ENT,12,336000.0,28000.0,Annual,2025-07-01,2025-12-31,1,Active
SUB-00381,CTR-00434,ACC-0133,LOKI-ENT,1,30000.0,30000.0,Annual,2025-12-01,2025-12-31,1,Active
SUB-00382,CTR-00435,ACC-0134,LOKI-ENT,3,90000.0,30000.0,Annual,2024-02-01,2025-05-31,1,Inactive
SUB-00383,CTR-00437,ACC-0135,ONCALL,2,24000.0,12000.0,Annual,2023-10-01,2025-07-31,1,Inactive
SUB-00384,CTR-00437,ACC-0135,LOKI-ENT,3,90000.0,30000.0,Monthly,2023-10-01,2025-12-31,1,Active
SUB-00385,CTR-00439,ACC-0135,ONCALL,7,84000.0,12000.0,Monthly,2025-08-01,2025-12-31,1,Active
SUB-00386,CTR-00441,ACC-0136,TEMPO-ENT,5,140000.0,28000.0,Annual,2023-05-01,2025-01-31,1,Inactive
SUB-00387,CTR-00441,ACC-0136,ONCALL,8,96000.0,12000.0,Annual,2023-05-01,2025-01-31,1,Inactive
SUB-00388,CTR-00443,ACC-0137,GC-METRICS,12,216000.0,18000.0,Annual,2025-05-01,2025-12-31,1,Active
SUB-00389,CTR-00443,ACC-0137,PROM-MGD,4,60000.0,15000.0,Annual,2025-05-01,2025-12-31,1,Active
SUB-00390,CTR-00444,ACC-0138,LOKI-ENT,7,210000.0,30000.0,Annual,2023-04-01,2024-10-31,1,Inactive
SUB-00391,CTR-00444,ACC-0138,SLO,11,154000.0,14000.0,Annual,2023-04-01,2025-05-31,1,Inactive
SUB-00392,CTR-00446,ACC-0138,LOKI-ENT,11,330000.0,30000.0,Annual,2024-11-01,2025-12-31,1,Active
SUB-00393,CTR-00448,ACC-0138,SLO,10,140000.0,14000.0,Monthly,2025-06-01,2025-12-31,1,Active
SUB-00394,CTR-00449,ACC-0139,PROM-MGD,4,60000.0,15000.0,Annual,2024-04-01,2025-12-31,1,Active
SUB-00395,CTR-00451,ACC-0140,ENT-STACK,11,1045000.0,95000.0,Annual,2023-05-01,2025-12-31,1,Active
SUB-00396,CTR-00454,ACC-0141,GC-LOGS,9,198000.0,22000.0,Annual,2024-11-01,2025-09-30,1,Inactive
SUB-00397,CTR-00455,ACC-0141,GC-METRICS,11,198000.0,18000.0,Monthly,2025-06-01,2025-12-31,1,Active
SUB-00399,CTR-00457,ACC-0141,GC-LOGS,19,418000.0,22000.0,Monthly,2025-10-01,2025-12-31,1,Active
SUB-00400,CTR-00459,ACC-0142,PROM-MGD,9,135000.0,15000.0,Monthly,2023-11-01,2024-11-30,1,Inactive
SUB-00401,CTR-00459,ACC-0142,ENT-STACK,11,1045000.0,95000.0,Annual,2023-11-01,2024-11-30,1,Inactive
SUB-00402,CTR-00461,ACC-0143,TEMPO-ENT,4,112000.0,28000.0,Annual,2024-11-01,2025-02-28,1,Inactive
SUB-00403,CTR-00462,ACC-0143,TEMPO-ENT,5,140000.0,28000.0,Monthly,2025-03-01,2025-11-30,1,Inactive
SUB-00404,CTR-00464,ACC-0143,TEMPO-ENT,7,196000.0,28000.0,Annual,2025-12-01,2025-12-31,1,Active
SUB-00405,CTR-00465,ACC-0144,ENT-STACK,11,1045000.0,95000.0,Annual,2024-06-01,2025-12-31,1,Active
SUB-00406,CTR-00466,ACC-0144,ONCALL,2,24000.0,12000.0,Monthly,2024-12-01,2025-12-31,1,Active
SUB-00407,CTR-00468,ACC-0145,SLO,6,84000.0,14000.0,Annual,2024-10-01,2025-12-31,1,Active
SUB-00408,CTR-00468,ACC-0145,TEMPO-ENT,9,252000.0,28000.0,Annual,2024-10-01,2025-12-31,1,Active
SUB-00409,CTR-00469,ACC-0145,LOKI-ENT,9,270000.0,30000.0,Annual,2025-06-01,2025-12-31,1,Active
SUB-00410,CTR-00470,ACC-0145,GC-TRACES,1,16000.0,16000.0,Annual,2025-07-01,2025-12-31,1,Active
SUB-00411,CTR-00472,ACC-0146,LOKI-ENT,12,360000.0,30000.0,Annual,2023-01-01,2025-12-31,1,Active
SUB-00412,CTR-00472,ACC-0146,TEMPO-ENT,5,140000.0,28000.0,Annual,2023-01-01,2025-12-31,1,Active
SUB-00413,CTR-00472,ACC-0146,GC-METRICS,9,162000.0,18000.0,Annual,2023-01-01,2025-12-31,1,Active
SUB-00415,CTR-00476,ACC-0147,SLO,2,28000.0,14000.0,Monthly,2025-06-01,2025-06-30,1,Inactive
SUB-00414,CTR-00475,ACC-0147,ONCALL,10,120000.0,12000.0,Annual,2025-02-01,2025-12-31,1,Active
SUB-00416,CTR-00477,ACC-0147,SLO,9,126000.0,14000.0,Monthly,2025-07-01,2025-12-31,1,Active
SUB-00419,CTR-00478,ACC-0148,GC-LOGS,6,132000.0,22000.0,Monthly,2024-12-01,2025-04-30,1,Inactive
SUB-00417,CTR-00478,ACC-0148,ONCALL,9,108000.0,12000.0,Annual,2024-12-01,2025-08-31,1,Inactive
SUB-00418,CTR-00478,ACC-0148,GC-METRICS,1,18000.0,18000.0,Annual,2024-12-01,2025-12-31,1,Active
SUB-00420,CTR-00479,ACC-0148,GC-LOGS,8,176000.0,22000.0,Monthly,2025-05-01,2025-12-31,1,Active
SUB-00421,CTR-00480,ACC-0148,ONCALL,6,72000.0,12000.0,Annual,2025-09-01,2025-12-31,1,Active
SUB-00422,CTR-00482,ACC-0149,ONCALL,12,144000.0,12000.0,Monthly,2023-09-01,2025-12-31,1,Active
SUB-00423,CTR-00484,ACC-0149,SLO,6,84000.0,14000.0,Annual,2025-08-01,2025-12-31,1,Active
SUB-00424,CTR-00486,ACC-0150,GC-METRICS,5,90000.0,18000.0,Annual,2023-07-01,2024-11-30,1,Inactive
SUB-00425,CTR-00488,ACC-0150,GC-METRICS,6,108000.0,18000.0,Annual,2024-12-01,2025-12-31,1,Active
SUB-00426,CTR-00490,ACC-0151,SLO,1,14000.0,14000.0,Annual,2025-02-01,2025-12-31,1,Active
SUB-00427,CTR-00491,ACC-0151,GC-METRICS,7,126000.0,18000.0,Monthly,2025-09-01,2025-12-31,1,Active
SUB-00428,CTR-00492,ACC-0152,GC-TRACES,4,64000.0,16000.0,Annual,2023-02-01,2023-04-30,1,Inactive
SUB-00429,CTR-00493,ACC-0152,GC-TRACES,5,80000.0,16000.0,Monthly,2023-05-01,2025-12-31,1,Active
SUB-00430,CTR-00496,ACC-0153,ENT-STACK,8,760000.0,95000.0,Annual,2024-06-01,2024-08-31,1,Inactive
SUB-00431,CTR-00497,ACC-0153,ENT-STACK,13,1235000.0,95000.0,Annual,2024-09-01,2025-05-31,1,Inactive
SUB-00432,CTR-00499,ACC-0153,ENT-STACK,19,1805000.0,95000.0,Annual,2025-06-01,2025-12-31,1,Active
SUB-00433,CTR-00500,ACC-0153,ONCALL,9,108000.0,12000.0,Annual,2025-09-01,2025-12-31,1,Active
SUB-00434,CTR-00501,ACC-0154,GC-LOGS,7,154000.0,22000.0,Monthly,2023-08-01,2025-12-31,1,Active
SUB-00435,CTR-00502,ACC-0154,LOKI-ENT,5,150000.0,30000.0,Annual,2024-05-01,2025-12-31,1,Active
SUB-00436,CTR-00505,ACC-0155,GC-LOGS,12,264000.0,22000.0,Annual,2023-04-01,2025-12-31,1,Active
SUB-00437,CTR-00508,ACC-0155,TEMPO-ENT,10,280000.0,28000.0,Annual,2025-12-01,2025-12-31,1,Active
SUB-00438,CTR-00509,ACC-0156,GC-METRICS,6,108000.0,18000.0,Monthly,2024-08-01,2025-08-31,1,Inactive
SUB-00439,CTR-00511,ACC-0156,GC-METRICS,7,126000.0,18000.0,Annual,2025-09-01,2025-12-31,1,Active
SUB-00442,CTR-00512,ACC-0157,ONCALL,3,36000.0,12000.0,Annual,2025-06-01,2025-11-30,1,Inactive
SUB-00440,CTR-00512,ACC-0157,LOKI-ENT,4,120000.0,30000.0,Annual,2025-06-01,2025-12-31,1,Active
SUB-00441,CTR-00512,ACC-0157,ENT-STACK,2,190000.0,95000.0,Monthly,2025-06-01,2025-12-31,1,Active
SUB-00444,CTR-00514,ACC-0157,ONCALL,2,24000.0,12000.0,Monthly,2025-12-01,2025-12-31,1,Active
SUB-00445,CTR-00515,ACC-0158,LOKI-ENT,1,30000.0,30000.0,Annual,2024-03-01,2025-12-31,1,Active
SUB-00446,CTR-00515,ACC-0158,ONCALL,9,108000.0,12000.0,Monthly,2024-03-01,2025-12-31,1,Active
SUB-00447,CTR-00515,ACC-0158,TEMPO-ENT,7,196000.0,28000.0,Annual,2024-03-01,2025-12-31,1,Active
SUB-00448,CTR-00517,ACC-0158,ENT-STACK,9,855000.0,95000.0,Annual,2025-03-01,2025-12-31,1,Active
SUB-00450,CTR-00518,ACC-0159,GC-LOGS,12,264000.0,22000.0,Monthly,2024-03-01,2024-10-31,1,Inactive
SUB-00449,CTR-00518,ACC-0159,PROM-MGD,10,150000.0,15000.0,Monthly,2024-03-01,2025-12-31,1,Active
SUB-00451,CTR-00519,ACC-0159,GC-LOGS,14,308000.0,22000.0,Monthly,2024-11-01,2025-12-31,1,Active
SUB-00452,CTR-00521,ACC-0160,PROM-MGD,12,180000.0,15000.0,Monthly,2024-11-01,2025-03-31,1,Inactive
SUB-00453,CTR-00521,ACC-0160,ONCALL,9,108000.0,12000.0,Annual,2024-11-01,2025-12-31,1,Active
SUB-00454,CTR-00522,ACC-0160,PROM-MGD,9,135000.0,15000.0,Annual,2025-04-01,2025-12-31,1,Active
SUB-00455,CTR-00524,ACC-0161,GC-LOGS,2,44000.0,22000.0,Annual,2024-12-01,2025-02-28,1,Inactive
SUB-00456,CTR-00525,ACC-0161,GC-LOGS,6,132000.0,22000.0,Annual,2025-03-01,2025-12-31,1,Active
SUB-00457,CTR-00526,ACC-0161,SLO,8,112000.0,14000.0,Annual,2025-10-01,2025-12-31,1,Active
SUB-00458,CTR-00528,ACC-0162,LOKI-ENT,3,90000.0,30000.0,Annual,2024-08-01,2025-03-31,1,Inactive
SUB-00459,CTR-00528,ACC-0162,GC-METRICS,3,54000.0,18000.0,Annual,2024-08-01,2025-11-30,1,Inactive
SUB-00460,CTR-00529,ACC-0162,LOKI-ENT,1,30000.0,30000.0,Annual,2025-04-01,2025-11-30,1,Inactive
SUB-00461,CTR-00531,ACC-0163,GC-METRICS,2,36000.0,18000.0,Monthly,2024-12-01,2025-03-31,1,Inactive
SUB-00462,CTR-00532,ACC-0163,GC-METRICS,9,162000.0,18000.0,Annual,2025-04-01,2025-12-31,1,Active
SUB-00463,CTR-00533,ACC-0163,PROM-MGD,2,30000.0,15000.0,Annual,2025-09-01,2025-12-31,1,Active
SUB-00464,CTR-00535,ACC-0164,GC-TRACES,6,96000.0,16000.0,Monthly,2024-11-01,2025-12-31,1,Active
SUB-00465,CTR-00535,ACC-0164,ONCALL,5,60000.0,12000.0,Annual,2024-11-01,2025-12-31,1,Active
SUB-00466,CTR-00535,ACC-0164,ENT-STACK,9,855000.0,95000.0,Annual,2024-11-01,2025-12-31,1,Active
SUB-00467,CTR-00536,ACC-0164,PROM-MGD,10,150000.0,15000.0,Annual,2025-09-01,2025-12-31,1,Active
SUB-00468,CTR-00538,ACC-0165,LOKI-ENT,7,210000.0,30000.0,Annual,2024-03-01,2025-12-31,1,Active
SUB-00469,CTR-00538,ACC-0165,ONCALL,1,12000.0,12000.0,Monthly,2024-03-01,2025-12-31,1,Active
SUB-00470,CTR-00540,ACC-0166,PROM-MGD,6,90000.0,15000.0,Monthly,2024-06-01,2025-12-31,1,Active
SUB-00471,CTR-00540,ACC-0166,TEMPO-ENT,7,196000.0,28000.0,Annual,2024-06-01,2025-12-31,1,Active
SUB-00472,CTR-00542,ACC-0167,SLO,8,112000.0,14000.0,Annual,2024-09-01,2025-12-31,1,Active
SUB-00473,CTR-00542,ACC-0167,TEMPO-ENT,7,196000.0,28000.0,Monthly,2024-09-01,2025-12-31,1,Active
SUB-00474,CTR-00544,ACC-0167,ENT-STACK,6,570000.0,95000.0,Monthly,2025-11-01,2025-12-31,1,Active
SUB-00475,CTR-00545,ACC-0168,ONCALL,11,132000.0,12000.0,Annual,2025-03-01,2025-09-30,1,Inactive
SUB-00476,CTR-00546,ACC-0168,ONCALL,12,144000.0,12000.0,Monthly,2025-10-01,2025-12-31,1,Active
SUB-00477,CTR-00547,ACC-0169,GC-TRACES,4,64000.0,16000.0,Monthly,2024-04-01,2024-12-31,1,Inactive
SUB-00478,CTR-00548,ACC-0169,GC-TRACES,3,48000.0,16000.0,Monthly,2025-01-01,2025-12-31,1,Active
SUB-00479,CTR-00550,ACC-0169,PROM-MGD,9,135000.0,15000.0,Annual,2025-09-01,2025-12-31,1,Active
SUB-00480,CTR-00551,ACC-0170,ENT-STACK,2,190000.0,95000.0,Annual,2023-02-01,2023-06-30,1,Inactive
SUB-00481,CTR-00552,ACC-0170,ENT-STACK,7,665000.0,95000.0,Monthly,2023-07-01,2025-12-31,1,Active
SUB-00482,CTR-00555,ACC-0171,PROM-MGD,1,15000.0,15000.0,Annual,2023-09-01,2025-12-31,1,Active
SUB-00483,CTR-00558,ACC-0172,TEMPO-ENT,1,28000.0,28000.0,Monthly,2023-03-01,2025-12-31,1,Active
SUB-00484,CTR-00558,ACC-0172,SLO,3,42000.0,14000.0,Annual,2023-03-01,2025-12-31,1,Active
SUB-00485,CTR-00561,ACC-0173,ENT-STACK,8,760000.0,95000.0,Annual,2023-11-01,2025-12-31,1,Active
SUB-00486,CTR-00561,ACC-0173,PROM-MGD,10,150000.0,15000.0,Monthly,2023-11-01,2025-12-31,1,Active
SUB-00487,CTR-00563,ACC-0173,LOKI-ENT,7,210000.0,30000.0,Annual,2025-10-01,2025-12-31,1,Active
SUB-00488,CTR-00565,ACC-0174,TEMPO-ENT,8,224000.0,28000.0,Annual,2023-01-01,2025-12-31,1,Active
SUB-00489,CTR-00565,ACC-0174,SLO,3,42000.0,14000.0,Annual,2023-01-01,2025-12-31,1,Active
SUB-00490,CTR-00568,ACC-0174,LOKI-ENT,4,120000.0,30000.0,Monthly,2025-05-01,2025-12-31,1,Active
SUB-00491,CTR-00569,ACC-0175,TEMPO-ENT,4,112000.0,28000.0,Annual,2023-06-01,2025-12-31,1,Active
SUB-00492,CTR-00571,ACC-0175,ENT-STACK,6,570000.0,95000.0,Monthly,2024-07-01,2025-12-31,1,Active
SUB-00493,CTR-00573,ACC-0176,ONCALL,8,96000.0,12000.0,Monthly,2024-08-01,2025-12-31,1,Active
SUB-00494,CTR-00573,ACC-0176,TEMPO-ENT,11,308000.0,28000.0,Annual,2024-08-01,2025-12-31,1,Active
SUB-00495,CTR-00574,ACC-0176,GC-TRACES,5,80000.0,16000.0,Monthly,2024-11-01,2025-12-31,1,Active
SUB-00496,CTR-00576,ACC-0176,GC-LOGS,10,220000.0,22000.0,Annual,2025-11-01,2025-12-31,1,Active
SUB-00497,CTR-00577,ACC-0177,GC-METRICS,3,54000.0,18000.0,Annual,2025-06-01,2025-10-31,1,Inactive
SUB-00498,CTR-00577,ACC-0177,ONCALL,5,60000.0,12000.0,Monthly,2025-06-01,2025-12-31,1,Active
SUB-00499,CTR-00577,ACC-0177,SLO,1,14000.0,14000.0,Monthly,2025-06-01,2025-12-31,1,Active
SUB-00500,CTR-00578,ACC-0177,GC-METRICS,10,180000.0,18000.0,Monthly,2025-11-01,2025-12-31,1,Active
SUB-00501,CTR-00579,ACC-0178,ONCALL,9,108000.0,12000.0,Annual,2023-11-01,2025-09-30,1,Inactive
SUB-00502,CTR-00581,ACC-0178,GC-LOGS,12,264000.0,22000.0,Monthly,2025-01-01,2025-09-30,1,Inactive
SUB-00503,CTR-00582,ACC-0179,ONCALL,9,108000.0,12000.0,Annual,2023-05-01,2025-12-31,1,Active
SUB-00504,CTR-00582,ACC-0179,GC-LOGS,7,154000.0,22000.0,Monthly,2023-05-01,2025-12-31,1,Active
SUB-00505,CTR-00582,ACC-0179,LOKI-ENT,9,270000.0,30000.0,Annual,2023-05-01,2025-12-31,1,Active
SUB-00506,CTR-00585,ACC-0180,GC-METRICS,10,180000.0,18000.0,Annual,2024-07-01,2024-10-31,1,Inactive
SUB-00508,CTR-00588,ACC-0180,PROM-MGD,6,90000.0,15000.0,Monthly,2025-09-01,2025-10-31,1,Inactive
SUB-00507,CTR-00586,ACC-0180,GC-METRICS,12,216000.0,18000.0,Annual,2024-11-01,2025-12-31,1,Active
SUB-00509,CTR-00589,ACC-0180,PROM-MGD,1,15000.0,15000.0,Annual,2025-11-01,2025-12-31,1,Active
SUB-00510,CTR-00590,ACC-0181,GC-TRACES,5,80000.0,16000.0,Annual,2023-11-01,2024-11-30,1,Inactive
SUB-00511,CTR-00592,ACC-0182,GC-TRACES,5,80000.0,16000.0,Monthly,2023-05-01,2025-02-28,1,Inactive
SUB-00512,CTR-00594,ACC-0182,ENT-STACK,3,285000.0,95000.0,Monthly,2025-02-01,2025-12-31,1,Active
SUB-00513,CTR-00595,ACC-0182,GC-TRACES,8,128000.0,16000.0,Monthly,2025-03-01,2025-12-31,1,Active
SUB-00514,CTR-00597,ACC-0183,TEMPO-ENT,1,28000.0,28000.0,Annual,2024-12-01,2025-09-30,1,Inactive
SUB-00515,CTR-00598,ACC-0183,TEMPO-ENT,8,224000.0,28000.0,Annual,2025-10-01,2025-12-31,1,Active
SUB-00516,CTR-00600,ACC-0184,TEMPO-ENT,9,252000.0,28000.0,Annual,2023-10-01,2025-12-31,1,Active
SUB-00517,CTR-00602,ACC-0184,GC-TRACES,11,176000.0,16000.0,Annual,2025-02-01,2025-12-31,1,Active
SUB-00518,CTR-00604,ACC-0185,GC-LOGS,9,198000.0,22000.0,Annual,2024-05-01,2025-08-31,1,Inactive
SUB-00519,CTR-00604,ACC-0185,TEMPO-ENT,1,28000.0,28000.0,Monthly,2024-05-01,2025-08-31,1,Inactive
SUB-00521,CTR-00606,ACC-0186,LOKI-ENT,11,330000.0,30000.0,Annual,2023-02-01,2024-03-31,1,Inactive
SUB-00520,CTR-00606,ACC-0186,GC-METRICS,10,180000.0,18000.0,Monthly,2023-02-01,2025-12-31,1,Active
SUB-00522,CTR-00608,ACC-0186,LOKI-ENT,6,180000.0,30000.0,Monthly,2024-04-01,2025-12-31,1,Active
SUB-00523,CTR-00610,ACC-0187,TEMPO-ENT,1,28000.0,28000.0,Monthly,2023-09-01,2025-04-30,1,Inactive
SUB-00524,CTR-00611,ACC-0187,GC-LOGS,9,198000.0,22000.0,Monthly,2024-06-01,2025-04-30,1,Inactive
SUB-00525,CTR-00613,ACC-0188,GC-TRACES,1,16000.0,16000.0,Monthly,2023-03-01,2025-12-31,1,Active
SUB-00526,CTR-00613,ACC-0188,SLO,8,112000.0,14000.0,Annual,2023-03-01,2025-12-31,1,Active
SUB-00527,CTR-00614,ACC-0188,GC-METRICS,9,162000.0,18000.0,Monthly,2023-10-01,2025-12-31,1,Active
SUB-00528,CTR-00617,ACC-0189,TEMPO-ENT,11,308000.0,28000.0,Monthly,2023-04-01,2024-04-30,1,Inactive
SUB-00529,CTR-00617,ACC-0189,ENT-STACK,5,475000.0,95000.0,Monthly,2023-04-01,2025-12-31,1,Active
SUB-00530,CTR-00619,ACC-0189,TEMPO-ENT,16,448000.0,28000.0,Annual,2024-05-01,2025-12-31,1,Active
SUB-00531,CTR-00620,ACC-0189,LOKI-ENT,2,60000.0,30000.0,Annual,2024-09-01,2025-12-31,1,Active
SUB-00532,CTR-00622,ACC-0190,ONCALL,2,24000.0,12000.0,Monthly,2024-12-01,2025-02-28,1,Inactive
SUB-00534,CTR-00624,ACC-0190,ONCALL,10,120000.0,12000.0,Annual,2025-03-01,2025-09-30,1,Inactive
SUB-00535,CTR-00625,ACC-0190,ONCALL,9,108000.0,12000.0,Annual,2025-10-01,2025-12-31,1,Active
SUB-00537,CTR-00627,ACC-0191,SLO,10,140000.0,14000.0,Annual,2024-09-01,2025-08-31,1,Inactive
SUB-00536,CTR-00627,ACC-0191,PROM-MGD,3,45000.0,15000.0,Monthly,2024-09-01,2025-12-31,1,Active
SUB-00538,CTR-00627,ACC-0191,GC-TRACES,2,32000.0,16000.0,Monthly,2024-09-01,2025-12-31,1,Active
SUB-00539,CTR-00629,ACC-0191,SLO,12,168000.0,14000.0,Annual,2025-09-01,2025-12-31,1,Active
SUB-00541,CTR-00630,ACC-0192,TEMPO-ENT,2,56000.0,28000.0,Annual,2023-11-01,2025-03-31,1,Inactive
SUB-00540,CTR-00630,ACC-0192,GC-LOGS,2,44000.0,22000.0,Monthly,2023-11-01,2025-12-31,1,Active
SUB-00542,CTR-00632,ACC-0192,TEMPO-ENT,5,140000.0,28000.0,Annual,2025-04-01,2025-12-31,1,Active
SUB-00543,CTR-00634,ACC-0193,ONCALL,3,36000.0,12000.0,Annual,2024-11-01,2025-11-30,1,Inactive
SUB-00544,CTR-00634,ACC-0193,SLO,4,56000.0,14000.0,Annual,2024-11-01,2025-11-30,1,Inactive
SUB-00545,CTR-00634,ACC-0193,TEMPO-ENT,3,84000.0,28000.0,Monthly,2024-11-01,2025-11-30,1,Inactive
SUB-00546,CTR-00636,ACC-0194,GC-METRICS,9,162000.0,18000.0,Annual,2024-09-01,2025-11-30,1,Inactive
SUB-00547,CTR-00638,ACC-0194,GC-METRICS,6,108000.0,18000.0,Monthly,2025-12-01,2025-12-31,1,Active
SUB-00548,CTR-00639,ACC-0195,TEMPO-ENT,5,140000.0,28000.0,Annual,2023-06-01,2025-12-31,1,Active
SUB-00550,CTR-00642,ACC-0196,ONCALL,12,144000.0,12000.0,Annual,2025-05-01,2025-07-31,1,Inactive
SUB-00549,CTR-00642,ACC-0196,TEMPO-ENT,4,112000.0,28000.0,Annual,2025-05-01,2025-12-31,1,Active
SUB-00551,CTR-00643,ACC-0196,ONCALL,16,192000.0,12000.0,Annual,2025-08-01,2025-12-31,1,Active
SUB-00553,CTR-00644,ACC-0197,LOKI-ENT,3,90000.0,30000.0,Monthly,2024-04-01,2024-07-31,1,Inactive
SUB-00556,CTR-00646,ACC-0197,LOKI-ENT,6,180000.0,30000.0,Annual,2024-08-01,2024-12-31,1,Inactive
SUB-00552,CTR-00644,ACC-0197,GC-LOGS,8,176000.0,22000.0,Annual,2024-04-01,2025-11-30,1,Inactive
SUB-00554,CTR-00644,ACC-0197,GC-TRACES,7,112000.0,16000.0,Annual,2024-04-01,2025-11-30,1,Inactive
SUB-00555,CTR-00645,ACC-0197,ONCALL,3,36000.0,12000.0,Monthly,2024-08-01,2025-11-30,1,Inactive
SUB-00557,CTR-00647,ACC-0197,LOKI-ENT,14,420000.0,30000.0,Monthly,2025-01-01,2025-11-30,1,Inactive
SUB-00558,CTR-00649,ACC-0198,ONCALL,10,120000.0,12000.0,Annual,2025-04-01,2025-06-30,1,Inactive
SUB-00559,CTR-00650,ACC-0198,ONCALL,17,204000.0,12000.0,Annual,2025-07-01,2025-12-31,1,Active
SUB-00560,CTR-00651,ACC-0199,LOKI-ENT,9,270000.0,30000.0,Monthly,2025-02-01,2025-12-31,1,Active
SUB-00561,CTR-00651,ACC-0199,PROM-MGD,1,15000.0,15000.0,Annual,2025-02-01,2025-12-31,1,Active
SUB-00562,CTR-00652,ACC-0199,SLO,5,70000.0,14000.0,Monthly,2025-08-01,2025-12-31,1,Active
SUB-00563,CTR-00653,ACC-0200,GC-METRICS,8,144000.0,18000.0,Annual,2025-04-01,2025-12-31,1,Active
SUB-00564,CTR-00653,ACC-0200,SLO,3,42000.0,14000.0,Monthly,2025-04-01,2025-12-31,1,Active
SUB-00565,CTR-00654,ACC-0200,GC-TRACES,12,192000.0,16000.0,Annual,2025-12-01,2025-12-31,1,Active
