opportunity_line_id,opportunity_id,product_id,quantity,unit_price,term_months,is_recurring,line_amount
OLI-000001,OPP-000001,TEMPO-ENT,2,28000.0,24,1,56000.0
OLI-000002,OPP-000001,SLO,10,14000.0,24,1,140000.0
OLI-000003,OPP-000001,ONCALL,3,12000.0,24,1,36000.0
OLI-000004,OPP-000002,ONCALL,2,12000.0,24,1,24000.0
OLI-000005,OPP-000003,TEMPO-ENT,2,28000.0,24,1,56000.0
OLI-000006,OPP-000003,SLO,10,14000.0,24,1,140000.0
OLI-000007,OPP-000003,ONCALL,5,12000.0,24,1,60000.0
OLI-000008,OPP-000004,TEMPO-ENT,2,28000.0,24,1,56000.0
OLI-000009,OPP-000004,SLO,10,14000.0,24,1,140000.0
OLI-000010,OPP-000004,ONCALL,5,12000.0,24,1,60000.0
OLI-000011,OPP-000005,TEMPO-ENT,2,28000.0,12,1,56000.0
OLI-000012,OPP-000005,SLO,10,14000.0,12,1,140000.0
OLI-000013,OPP-000005,ONCALL,5,12000.0,12,1,60000.0
OLI-000014,OPP-000006,TEMPO-ENT,2,28000.0,24,1,56000.0
OLI-000015,OPP-000006,ENT-STACK,9,95000.0,24,1,855000.0
OLI-000016,OPP-000006,SLO,9,14000.0,24,1,126000.0
OLI-000017,OPP-000006,PS-TRAIN,1,8000.0,24,0,8000.0
OLI-000018,OPP-000007,ENT-STACK,-1,95000.0,12,1,-95000.0
OLI-000019,OPP-000008,TEMPO-ENT,2,28000.0,12,1,56000.0
OLI-000020,OPP-000008,SLO,9,14000.0,12,1,126000.0
OLI-000021,OPP-000008,ENT-STACK,8,95000.0,12,1,760000.0
OLI-000022,OPP-000009,GC-TRACES,2,16000.0,12,1,32000.0
OLI-000023,OPP-000010,GC-TRACES,7,16000.0,24,1,112000.0
OLI-000024,OPP-000011,TEMPO-ENT,2,28000.0,12,1,56000.0
OLI-000025,OPP-000011,SLO,9,14000.0,12,1,126000.0
OLI-000026,OPP-000011,ENT-STACK,8,95000.0,12,1,760000.0
OLI-000027,OPP-000011,GC-TRACES,9,16000.0,12,1,144000.0
OLI-000028,OPP-000012,ENT-STACK,11,95000.0,36,1,1045000.0
OLI-000029,OPP-000013,TEMPO-ENT,9,28000.0,12,1,252000.0
OLI-000030,OPP-000014,TEMPO-ENT,3,28000.0,12,1,84000.0
OLI-000031,OPP-000015,ENT-STACK,3,95000.0,12,1,285000.0
OLI-000032,OPP-000016,TEMPO-ENT,12,28000.0,36,1,336000.0
OLI-000033,OPP-000016,ENT-STACK,14,95000.0,36,1,1330000.0
OLI-000034,OPP-000017,GC-TRACES,11,16000.0,12,1,176000.0
OLI-000035,OPP-000017,PS-MIGR,1,18000.0,12,0,18000.0
OLI-000036,OPP-000018,GC-TRACES,11,16000.0,36,1,176000.0
OLI-000037,OPP-000019,GC-TRACES,11,16000.0,24,1,176000.0
OLI-000038,OPP-000020,GC-METRICS,8,18000.0,12,1,144000.0
OLI-000039,OPP-000020,GC-LOGS,7,22000.0,12,1,154000.0
OLI-000040,OPP-000020,PS-IMPL,1,25000.0,12,0,25000.0
OLI-000041,OPP-000021,GC-METRICS,8,18000.0,24,1,144000.0
OLI-000042,OPP-000021,GC-LOGS,7,22000.0,24,1,154000.0
OLI-000043,OPP-000022,ONCALL,2,12000.0,36,1,24000.0
OLI-000044,OPP-000023,GC-LOGS,2,22000.0,12,1,44000.0
OLI-000045,OPP-000023,PS-TRAIN,1,8000.0,12,0,8000.0
OLI-000046,OPP-000024,GC-LOGS,2,22000.0,24,1,44000.0
OLI-000047,OPP-000025,GC-LOGS,-1,22000.0,12,1,-22000.0
OLI-000048,OPP-000026,GC-LOGS,1,22000.0,24,1,22000.0
OLI-000049,OPP-000027,GC-LOGS,1,22000.0,12,1,22000.0
OLI-000050,OPP-000028,GC-LOGS,1,22000.0,24,1,22000.0
OLI-000051,OPP-000029,ONCALL,1,12000.0,12,1,12000.0
OLI-000052,OPP-000029,TEMPO-ENT,7,28000.0,12,1,196000.0
OLI-000053,OPP-000029,PS-MIGR,1,18000.0,12,0,18000.0
OLI-000054,OPP-000030,ENT-STACK,10,95000.0,12,1,950000.0
OLI-000055,OPP-000031,TEMPO-ENT,9,28000.0,24,1,252000.0
OLI-000056,OPP-000032,TEMPO-ENT,9,28000.0,24,1,252000.0
OLI-000057,OPP-000033,TEMPO-ENT,6,28000.0,36,1,168000.0
OLI-000058,OPP-000034,TEMPO-ENT,15,28000.0,12,1,420000.0
OLI-000059,OPP-000035,ENT-STACK,12,95000.0,12,1,1140000.0
OLI-000060,OPP-000035,SLO,10,14000.0,12,1,140000.0
OLI-000061,OPP-000035,PS-IMPL,1,25000.0,12,0,25000.0
OLI-000062,OPP-000036,ENT-STACK,12,95000.0,12,1,1140000.0
OLI-000063,OPP-000036,SLO,10,14000.0,12,1,140000.0
OLI-000064,OPP-000037,GC-METRICS,3,18000.0,36,1,54000.0
OLI-000065,OPP-000037,SLO,9,14000.0,36,1,126000.0
OLI-000066,OPP-000038,GC-METRICS,3,18000.0,12,1,54000.0
OLI-000067,OPP-000038,SLO,9,14000.0,12,1,126000.0
OLI-000068,OPP-000039,GC-METRICS,3,18000.0,12,1,54000.0
OLI-000069,OPP-000039,SLO,9,14000.0,12,1,126000.0
OLI-000070,OPP-000040,LOKI-ENT,7,30000.0,12,1,210000.0
OLI-000071,OPP-000041,SLO,6,14000.0,36,1,84000.0
OLI-000072,OPP-000042,LOKI-ENT,7,30000.0,12,1,210000.0
OLI-000073,OPP-000042,SLO,6,14000.0,12,1,84000.0
OLI-000074,OPP-000043,SLO,4,14000.0,12,1,56000.0
OLI-000075,OPP-000044,GC-TRACES,4,16000.0,12,1,64000.0
OLI-000076,OPP-000044,ENT-STACK,12,95000.0,12,1,1140000.0
OLI-000077,OPP-000044,TEMPO-ENT,12,28000.0,12,1,336000.0
OLI-000078,OPP-000044,PS-TRAIN,1,8000.0,12,0,8000.0
OLI-000079,OPP-000045,GC-LOGS,3,22000.0,24,1,66000.0
OLI-000080,OPP-000046,GC-TRACES,4,16000.0,12,1,64000.0
OLI-000081,OPP-000046,ENT-STACK,12,95000.0,12,1,1140000.0
OLI-000082,OPP-000046,TEMPO-ENT,12,28000.0,12,1,336000.0
OLI-000083,OPP-000046,GC-LOGS,3,22000.0,12,1,66000.0
OLI-000084,OPP-000047,GC-TRACES,4,16000.0,12,1,64000.0
OLI-000085,OPP-000047,ENT-STACK,12,95000.0,12,1,1140000.0
OLI-000086,OPP-000047,TEMPO-ENT,12,28000.0,12,1,336000.0
OLI-000087,OPP-000047,GC-LOGS,3,22000.0,12,1,66000.0
OLI-000088,OPP-000048,ENT-STACK,12,95000.0,36,1,1140000.0
OLI-000089,OPP-000048,PS-IMPL,1,25000.0,36,0,25000.0
OLI-000090,OPP-000049,LOKI-ENT,1,30000.0,36,1,30000.0
OLI-000091,OPP-000049,PS-TRAIN,1,8000.0,36,0,8000.0
OLI-000092,OPP-000050,LOKI-ENT,6,30000.0,12,1,180000.0
OLI-000093,OPP-000051,LOKI-ENT,3,30000.0,12,1,90000.0
OLI-000094,OPP-000051,GC-METRICS,7,18000.0,12,1,126000.0
OLI-000095,OPP-000052,LOKI-ENT,-2,30000.0,36,1,-60000.0
OLI-000096,OPP-000053,SLO,2,14000.0,12,1,28000.0
OLI-000097,OPP-000053,GC-TRACES,6,16000.0,12,1,96000.0
OLI-000098,OPP-000053,PROM-MGD,3,15000.0,12,1,45000.0
OLI-000099,OPP-000054,LOKI-ENT,10,30000.0,36,1,300000.0
OLI-000100,OPP-000054,GC-LOGS,11,22000.0,36,1,242000.0
OLI-000101,OPP-000055,LOKI-ENT,10,30000.0,12,1,300000.0
OLI-000102,OPP-000055,GC-LOGS,11,22000.0,12,1,242000.0
OLI-000103,OPP-000056,LOKI-ENT,10,30000.0,12,1,300000.0
OLI-000104,OPP-000056,GC-LOGS,11,22000.0,12,1,242000.0
OLI-000105,OPP-000057,TEMPO-ENT,10,28000.0,24,1,280000.0
OLI-000106,OPP-000057,GC-TRACES,12,16000.0,24,1,192000.0
OLI-000107,OPP-000058,SLO,5,14000.0,36,1,70000.0
OLI-000108,OPP-000059,TEMPO-ENT,10,28000.0,12,1,280000.0
OLI-000109,OPP-000059,GC-TRACES,12,16000.0,12,1,192000.0
OLI-000110,OPP-000059,SLO,5,14000.0,12,1,70000.0
OLI-000111,OPP-000060,GC-TRACES,3,16000.0,12,1,48000.0
OLI-000112,OPP-000061,TEMPO-ENT,10,28000.0,12,1,280000.0
OLI-000113,OPP-000061,SLO,5,14000.0,12,1,70000.0
OLI-000114,OPP-000061,GC-TRACES,15,16000.0,12,1,240000.0
OLI-000115,OPP-000062,LOKI-ENT,11,30000.0,24,1,330000.0
OLI-000116,OPP-000062,ENT-STACK,10,95000.0,24,1,950000.0
OLI-000117,OPP-000063,LOKI-ENT,3,30000.0,12,1,90000.0
OLI-000118,OPP-000064,SLO,9,14000.0,12,1,126000.0
OLI-000119,OPP-000064,PROM-MGD,8,15000.0,12,1,120000.0
OLI-000120,OPP-000065,SLO,9,14000.0,12,1,126000.0
OLI-000121,OPP-000065,PROM-MGD,8,15000.0,12,1,120000.0
OLI-000122,OPP-000066,SLO,2,14000.0,12,1,28000.0
OLI-000123,OPP-000067,GC-METRICS,8,18000.0,12,1,144000.0
OLI-000124,OPP-000067,PROM-MGD,1,15000.0,12,1,15000.0
OLI-000125,OPP-000067,PS-IMPL,1,25000.0,12,0,25000.0
OLI-000126,OPP-000068,GC-METRICS,6,18000.0,12,1,108000.0
OLI-000127,OPP-000069,PROM-MGD,1,15000.0,24,1,15000.0
OLI-000128,OPP-000069,GC-METRICS,14,18000.0,24,1,252000.0
OLI-000129,OPP-000070,SLO,7,14000.0,12,1,98000.0
OLI-000130,OPP-000070,ONCALL,4,12000.0,12,1,48000.0
OLI-000131,OPP-000070,GC-TRACES,4,16000.0,12,1,64000.0
OLI-000132,OPP-000070,PS-IMPL,1,25000.0,12,0,25000.0
OLI-000133,OPP-000071,PROM-MGD,4,15000.0,12,1,60000.0
OLI-000134,OPP-000072,TEMPO-ENT,10,28000.0,12,1,280000.0
OLI-000135,OPP-000073,ENT-STACK,4,95000.0,24,1,380000.0
OLI-000136,OPP-000074,ENT-STACK,4,95000.0,36,1,380000.0
OLI-000137,OPP-000075,GC-METRICS,9,18000.0,12,1,162000.0
OLI-000138,OPP-000076,TEMPO-ENT,8,28000.0,24,1,224000.0
OLI-000139,OPP-000077,TEMPO-ENT,6,28000.0,24,1,168000.0
OLI-000140,OPP-000078,ENT-STACK,4,95000.0,12,1,380000.0
OLI-000141,OPP-000078,GC-METRICS,9,18000.0,12,1,162000.0
OLI-000142,OPP-000078,TEMPO-ENT,14,28000.0,12,1,392000.0
OLI-000143,OPP-000079,GC-TRACES,8,16000.0,12,1,128000.0
OLI-000144,OPP-000079,GC-LOGS,1,22000.0,12,1,22000.0
OLI-000145,OPP-000080,GC-TRACES,8,16000.0,12,1,128000.0
OLI-000146,OPP-000080,GC-LOGS,1,22000.0,12,1,22000.0
OLI-000147,OPP-000081,PROM-MGD,1,15000.0,24,1,15000.0
OLI-000148,OPP-000081,LOKI-ENT,5,30000.0,24,1,150000.0
OLI-000149,OPP-000081,PS-MIGR,1,18000.0,24,0,18000.0
OLI-000150,OPP-000082,LOKI-ENT,6,30000.0,36,1,180000.0
OLI-000151,OPP-000082,PS-IMPL,1,25000.0,36,0,25000.0
OLI-000152,OPP-000083,LOKI-ENT,6,30000.0,24,1,180000.0
OLI-000153,OPP-000084,LOKI-ENT,9,30000.0,12,1,270000.0
OLI-000154,OPP-000084,PS-TRAIN,1,8000.0,12,0,8000.0
OLI-000155,OPP-000085,LOKI-ENT,2,30000.0,24,1,60000.0
OLI-000156,OPP-000086,LOKI-ENT,11,30000.0,12,1,330000.0
OLI-000157,OPP-000087,GC-LOGS,9,22000.0,36,1,198000.0
OLI-000158,OPP-000087,GC-METRICS,10,18000.0,36,1,180000.0
OLI-000159,OPP-000087,ENT-STACK,10,95000.0,36,1,950000.0
OLI-000160,OPP-000088,GC-LOGS,9,22000.0,36,1,198000.0
OLI-000161,OPP-000088,GC-METRICS,10,18000.0,36,1,180000.0
OLI-000162,OPP-000088,ENT-STACK,10,95000.0,36,1,950000.0
OLI-000163,OPP-000089,GC-LOGS,9,22000.0,24,1,198000.0
OLI-000164,OPP-000089,GC-METRICS,10,18000.0,24,1,180000.0
OLI-000165,OPP-000089,ENT-STACK,10,95000.0,24,1,950000.0
OLI-000166,OPP-000090,LOKI-ENT,3,30000.0,12,1,90000.0
OLI-000167,OPP-000091,GC-METRICS,2,18000.0,36,1,36000.0
OLI-000168,OPP-000091,ENT-STACK,11,95000.0,36,1,1045000.0
OLI-000169,OPP-000091,ONCALL,1,12000.0,36,1,12000.0
OLI-000170,OPP-000092,TEMPO-ENT,10,28000.0,12,1,280000.0
OLI-000171,OPP-000092,GC-METRICS,11,18000.0,12,1,198000.0
OLI-000172,OPP-000093,ONCALL,12,12000.0,12,1,144000.0
OLI-000173,OPP-000094,TEMPO-ENT,10,28000.0,12,1,280000.0
OLI-000174,OPP-000094,GC-METRICS,11,18000.0,12,1,198000.0
OLI-000175,OPP-000094,ONCALL,12,12000.0,12,1,144000.0
OLI-000176,OPP-000095,TEMPO-ENT,10,28000.0,24,1,280000.0
OLI-000177,OPP-000095,GC-METRICS,11,18000.0,24,1,198000.0
OLI-000178,OPP-000095,ONCALL,12,12000.0,24,1,144000.0
OLI-000179,OPP-000096,ENT-STACK,5,95000.0,12,1,475000.0
OLI-000180,OPP-000097,ENT-STACK,5,95000.0,24,1,475000.0
OLI-000181,OPP-000098,PROM-MGD,2,15000.0,12,1,30000.0
OLI-000182,OPP-000098,GC-METRICS,7,18000.0,12,1,126000.0
OLI-000183,OPP-000098,PS-MIGR,1,18000.0,12,0,18000.0
OLI-000184,OPP-000099,PROM-MGD,2,15000.0,24,1,30000.0
OLI-000185,OPP-000099,GC-METRICS,7,18000.0,24,1,126000.0
OLI-000186,OPP-000100,PROM-MGD,2,15000.0,36,1,30000.0
OLI-000187,OPP-000100,GC-METRICS,7,18000.0,36,1,126000.0
OLI-000188,OPP-000101,PROM-MGD,2,15000.0,12,1,30000.0
OLI-000189,OPP-000101,GC-METRICS,7,18000.0,12,1,126000.0
OLI-000190,OPP-000102,PROM-MGD,11,15000.0,12,1,165000.0
OLI-000191,OPP-000103,PROM-MGD,11,15000.0,12,1,165000.0
OLI-000192,OPP-000104,GC-TRACES,4,16000.0,24,1,64000.0
OLI-000193,OPP-000104,GC-LOGS,10,22000.0,24,1,220000.0
OLI-000194,OPP-000104,ENT-STACK,7,95000.0,24,1,665000.0
OLI-000195,OPP-000105,GC-METRICS,2,18000.0,12,1,36000.0
OLI-000196,OPP-000106,GC-TRACES,4,16000.0,12,1,64000.0
OLI-000197,OPP-000106,GC-LOGS,10,22000.0,12,1,220000.0
OLI-000198,OPP-000106,ENT-STACK,7,95000.0,12,1,665000.0
OLI-000199,OPP-000106,GC-METRICS,2,18000.0,12,1,36000.0
OLI-000200,OPP-000107,GC-TRACES,4,16000.0,36,1,64000.0
OLI-000201,OPP-000107,GC-LOGS,10,22000.0,36,1,220000.0
OLI-000202,OPP-000107,ENT-STACK,7,95000.0,36,1,665000.0
OLI-000203,OPP-000107,GC-METRICS,2,18000.0,36,1,36000.0
OLI-000204,OPP-000108,TEMPO-ENT,8,28000.0,12,1,224000.0
OLI-000205,OPP-000109,ONCALL,2,12000.0,24,1,24000.0
OLI-000206,OPP-000110,ONCALL,6,12000.0,24,1,72000.0
OLI-000207,OPP-000111,ONCALL,8,12000.0,12,1,96000.0
OLI-000208,OPP-000112,GC-LOGS,2,22000.0,12,1,44000.0
OLI-000209,OPP-000113,PROM-MGD,2,15000.0,36,1,30000.0
OLI-000210,OPP-000113,GC-METRICS,6,18000.0,36,1,108000.0
OLI-000211,OPP-000114,PROM-MGD,3,15000.0,36,1,45000.0
OLI-000212,OPP-000115,GC-METRICS,6,18000.0,12,1,108000.0
OLI-000213,OPP-000115,PROM-MGD,5,15000.0,12,1,75000.0
OLI-000214,OPP-000116,GC-LOGS,3,22000.0,12,1,66000.0
OLI-000215,OPP-000117,TEMPO-ENT,4,28000.0,24,1,112000.0
OLI-000216,OPP-000117,GC-TRACES,12,16000.0,24,1,192000.0
OLI-000217,OPP-000118,GC-TRACES,6,16000.0,12,1,96000.0
OLI-000218,OPP-000119,TEMPO-ENT,4,28000.0,36,1,112000.0
OLI-000219,OPP-000119,GC-TRACES,18,16000.0,36,1,288000.0
OLI-000220,OPP-000120,TEMPO-ENT,4,28000.0,36,1,112000.0
OLI-000221,OPP-000120,GC-TRACES,18,16000.0,36,1,288000.0
OLI-000222,OPP-000121,GC-TRACES,4,16000.0,24,1,64000.0
OLI-000223,OPP-000121,SLO,6,14000.0,24,1,84000.0
OLI-000224,OPP-000121,ENT-STACK,7,95000.0,24,1,665000.0
OLI-000225,OPP-000121,PS-TRAIN,1,8000.0,24,0,8000.0
OLI-000226,OPP-000122,GC-TRACES,4,16000.0,12,1,64000.0
OLI-000227,OPP-000122,SLO,6,14000.0,12,1,84000.0
OLI-000228,OPP-000122,ENT-STACK,7,95000.0,12,1,665000.0
OLI-000229,OPP-000123,GC-TRACES,4,16000.0,24,1,64000.0
OLI-000230,OPP-000123,SLO,6,14000.0,24,1,84000.0
OLI-000231,OPP-000123,ENT-STACK,7,95000.0,24,1,665000.0
OLI-000232,OPP-000124,ONCALL,3,12000.0,12,1,36000.0
OLI-000233,OPP-000124,SLO,11,14000.0,12,1,154000.0
OLI-000234,OPP-000124,PS-TRAIN,1,8000.0,12,0,8000.0
OLI-000235,OPP-000125,SLO,1,14000.0,36,1,14000.0
OLI-000236,OPP-000126,ONCALL,2,12000.0,36,1,24000.0
OLI-000237,OPP-000127,GC-METRICS,6,18000.0,12,1,108000.0
OLI-000238,OPP-000127,ONCALL,7,12000.0,12,1,84000.0
OLI-000239,OPP-000127,PS-IMPL,1,25000.0,12,0,25000.0
OLI-000240,OPP-000128,GC-METRICS,6,18000.0,24,1,108000.0
OLI-000241,OPP-000128,ONCALL,7,12000.0,24,1,84000.0
OLI-000242,OPP-000129,LOKI-ENT,1,30000.0,12,1,30000.0
OLI-000243,OPP-000130,GC-METRICS,2,18000.0,24,1,36000.0
OLI-000244,OPP-000131,ONCALL,7,12000.0,12,1,84000.0
OLI-000245,OPP-000131,LOKI-ENT,1,30000.0,12,1,30000.0
OLI-000246,OPP-000131,GC-METRICS,8,18000.0,12,1,144000.0
OLI-000247,OPP-000132,PROM-MGD,8,15000.0,24,1,120000.0
OLI-000248,OPP-000133,PROM-MGD,4,15000.0,12,1,60000.0
OLI-000249,OPP-000134,PROM-MGD,12,15000.0,12,1,180000.0
OLI-000250,OPP-000135,ONCALL,11,12000.0,24,1,132000.0
OLI-000251,OPP-000135,PS-MIGR,1,18000.0,24,0,18000.0
OLI-000252,OPP-000136,ONCALL,2,12000.0,12,1,24000.0
OLI-000253,OPP-000137,ONCALL,6,12000.0,12,1,72000.0
OLI-000254,OPP-000138,TEMPO-ENT,10,28000.0,24,1,280000.0
OLI-000255,OPP-000138,ONCALL,7,12000.0,24,1,84000.0
OLI-000256,OPP-000139,TEMPO-ENT,10,28000.0,36,1,280000.0
OLI-000257,OPP-000139,ONCALL,7,12000.0,36,1,84000.0
OLI-000258,OPP-000140,TEMPO-ENT,10,28000.0,12,1,280000.0
OLI-000259,OPP-000140,ONCALL,7,12000.0,12,1,84000.0
OLI-000260,OPP-000141,GC-METRICS,3,18000.0,12,1,54000.0
OLI-000261,OPP-000142,GC-LOGS,10,22000.0,24,1,220000.0
OLI-000262,OPP-000142,PS-IMPL,1,25000.0,24,0,25000.0
OLI-000263,OPP-000143,GC-METRICS,6,18000.0,24,1,108000.0
OLI-000264,OPP-000144,GC-LOGS,10,22000.0,12,1,220000.0
OLI-000265,OPP-000144,GC-METRICS,6,18000.0,12,1,108000.0
OLI-000266,OPP-000145,GC-METRICS,8,18000.0,24,1,144000.0
OLI-000267,OPP-000146,GC-LOGS,10,22000.0,12,1,220000.0
OLI-000268,OPP-000146,GC-METRICS,14,18000.0,12,1,252000.0
OLI-000269,OPP-000147,LOKI-ENT,5,30000.0,36,1,150000.0
OLI-000270,OPP-000147,PS-IMPL,1,25000.0,36,0,25000.0
OLI-000271,OPP-000148,LOKI-ENT,5,30000.0,36,1,150000.0
OLI-000272,OPP-000149,GC-METRICS,12,18000.0,12,1,216000.0
OLI-000273,OPP-000150,LOKI-ENT,5,30000.0,24,1,150000.0
OLI-000274,OPP-000150,GC-METRICS,12,18000.0,24,1,216000.0
OLI-000275,OPP-000151,GC-METRICS,1,18000.0,12,1,18000.0
OLI-000276,OPP-000152,PROM-MGD,4,15000.0,12,1,60000.0
OLI-000277,OPP-000152,PS-MIGR,1,18000.0,12,0,18000.0
OLI-000278,OPP-000153,GC-METRICS,10,18000.0,12,1,180000.0
OLI-000279,OPP-000154,ONCALL,3,12000.0,36,1,36000.0
OLI-000280,OPP-000155,ENT-STACK,11,95000.0,36,1,1045000.0
OLI-000281,OPP-000156,ONCALL,8,12000.0,12,1,96000.0
OLI-000282,OPP-000157,ONCALL,7,12000.0,12,1,84000.0
OLI-000283,OPP-000158,ONCALL,-9,12000.0,12,1,-108000.0
OLI-000284,OPP-000159,ENT-STACK,11,95000.0,24,1,1045000.0
OLI-000285,OPP-000159,ONCALL,6,12000.0,24,1,72000.0
OLI-000286,OPP-000160,ENT-STACK,11,95000.0,12,1,1045000.0
OLI-000287,OPP-000160,ONCALL,6,12000.0,12,1,72000.0
OLI-000288,OPP-000161,ENT-STACK,7,95000.0,12,1,665000.0
OLI-000289,OPP-000161,ONCALL,4,12000.0,12,1,48000.0
OLI-000290,OPP-000161,PROM-MGD,8,15000.0,12,1,120000.0
OLI-000291,OPP-000161,PS-TRAIN,1,8000.0,12,0,8000.0
OLI-000292,OPP-000162,ENT-STACK,7,95000.0,12,1,665000.0
OLI-000293,OPP-000162,ONCALL,4,12000.0,12,1,48000.0
OLI-000294,OPP-000162,PROM-MGD,8,15000.0,12,1,120000.0
OLI-000295,OPP-000163,GC-LOGS,8,22000.0,24,1,176000.0
OLI-000296,OPP-000163,PS-TRAIN,1,8000.0,24,0,8000.0
OLI-000297,OPP-000164,GC-LOGS,3,22000.0,12,1,66000.0
OLI-000298,OPP-000165,GC-LOGS,7,22000.0,12,1,154000.0
OLI-000299,OPP-000166,GC-LOGS,18,22000.0,12,1,396000.0
OLI-000300,OPP-000167,SLO,1,14000.0,36,1,14000.0
OLI-000301,OPP-000167,PS-TRAIN,1,8000.0,36,0,8000.0
OLI-000302,OPP-000168,SLO,1,14000.0,12,1,14000.0
OLI-000303,OPP-000169,SLO,1,14000.0,12,1,14000.0
OLI-000304,OPP-000170,SLO,1,14000.0,12,1,14000.0
OLI-000305,OPP-000171,GC-METRICS,10,18000.0,12,1,180000.0
OLI-000306,OPP-000172,GC-METRICS,10,18000.0,24,1,180000.0
OLI-000307,OPP-000173,PROM-MGD,3,15000.0,12,1,45000.0
OLI-000308,OPP-000174,PROM-MGD,4,15000.0,12,1,60000.0
OLI-000309,OPP-000175,GC-METRICS,11,18000.0,36,1,198000.0
OLI-000310,OPP-000176,GC-METRICS,7,18000.0,12,1,126000.0
OLI-000311,OPP-000177,GC-METRICS,18,18000.0,36,1,324000.0
OLI-000312,OPP-000178,ONCALL,6,12000.0,12,1,72000.0
OLI-000313,OPP-000179,ONCALL,7,12000.0,36,1,84000.0
OLI-000314,OPP-000180,ONCALL,5,12000.0,12,1,60000.0
OLI-000315,OPP-000181,ONCALL,3,12000.0,36,1,36000.0
OLI-000316,OPP-000182,ONCALL,21,12000.0,36,1,252000.0
OLI-000317,OPP-000183,ONCALL,21,12000.0,12,1,252000.0
OLI-000318,OPP-000184,PROM-MGD,7,15000.0,12,1,105000.0
OLI-000319,OPP-000184,PS-MIGR,1,18000.0,12,0,18000.0
OLI-000320,OPP-000185,PROM-MGD,8,15000.0,12,1,120000.0
OLI-000321,OPP-000186,LOKI-ENT,6,30000.0,12,1,180000.0
OLI-000322,OPP-000187,GC-METRICS,7,18000.0,12,1,126000.0
OLI-000323,OPP-000187,TEMPO-ENT,5,28000.0,12,1,140000.0
OLI-000324,OPP-000188,GC-METRICS,6,18000.0,24,1,108000.0
OLI-000325,OPP-000189,TEMPO-ENT,5,28000.0,36,1,140000.0
OLI-000326,OPP-000189,GC-METRICS,13,18000.0,36,1,234000.0
OLI-000327,OPP-000190,GC-METRICS,4,18000.0,12,1,72000.0
OLI-000328,OPP-000190,PS-TRAIN,1,8000.0,12,0,8000.0
OLI-000329,OPP-000191,GC-LOGS,10,22000.0,12,1,220000.0
OLI-000330,OPP-000192,GC-METRICS,4,18000.0,12,1,72000.0
OLI-000331,OPP-000193,GC-LOGS,10,22000.0,12,1,220000.0
OLI-000332,OPP-000193,GC-METRICS,8,18000.0,12,1,144000.0
OLI-000333,OPP-000194,GC-LOGS,8,22000.0,12,1,176000.0
OLI-000334,OPP-000195,LOKI-ENT,6,30000.0,36,1,180000.0
OLI-000335,OPP-000195,SLO,10,14000.0,36,1,140000.0
OLI-000336,OPP-000196,SLO,1,14000.0,12,1,14000.0
OLI-000337,OPP-000197,LOKI-ENT,6,30000.0,12,1,180000.0
OLI-000338,OPP-000197,SLO,11,14000.0,12,1,154000.0
OLI-000339,OPP-000198,SLO,8,14000.0,12,1,112000.0
OLI-000340,OPP-000199,LOKI-ENT,6,30000.0,12,1,180000.0
OLI-000341,OPP-000199,SLO,19,14000.0,12,1,266000.0
OLI-000342,OPP-000200,TEMPO-ENT,8,28000.0,36,1,224000.0
OLI-000343,OPP-000201,TEMPO-ENT,4,28000.0,24,1,112000.0
OLI-000344,OPP-000202,TEMPO-ENT,8,28000.0,24,1,224000.0
OLI-000345,OPP-000202,ENT-STACK,5,95000.0,24,1,475000.0
OLI-000346,OPP-000202,PS-IMPL,1,25000.0,24,0,25000.0
OLI-000347,OPP-000203,PROM-MGD,9,15000.0,24,1,135000.0
OLI-000348,OPP-000203,PS-IMPL,1,25000.0,24,0,25000.0
OLI-000349,OPP-000204,PROM-MGD,4,15000.0,12,1,60000.0
OLI-000350,OPP-000205,PROM-MGD,13,15000.0,12,1,195000.0
OLI-000351,OPP-000206,GC-LOGS,1,22000.0,12,1,22000.0
OLI-000352,OPP-000207,GC-LOGS,1,22000.0,12,1,22000.0
OLI-000353,OPP-000208,GC-LOGS,2,22000.0,12,1,44000.0
OLI-000354,OPP-000209,GC-LOGS,2,22000.0,12,1,44000.0
OLI-000355,OPP-000210,PROM-MGD,4,15000.0,12,1,60000.0
OLI-000356,OPP-000211,PROM-MGD,4,15000.0,12,1,60000.0
OLI-000357,OPP-000212,PROM-MGD,4,15000.0,12,1,60000.0
OLI-000358,OPP-000213,ONCALL,3,12000.0,24,1,36000.0
OLI-000359,OPP-000213,ENT-STACK,6,95000.0,24,1,570000.0
OLI-000360,OPP-000213,PS-IMPL,1,25000.0,24,0,25000.0
OLI-000361,OPP-000214,GC-TRACES,8,16000.0,24,1,128000.0
OLI-000362,OPP-000215,ONCALL,7,12000.0,24,1,84000.0
OLI-000363,OPP-000216,ONCALL,8,12000.0,36,1,96000.0
OLI-000364,OPP-000216,TEMPO-ENT,9,28000.0,36,1,252000.0
OLI-000365,OPP-000217,ONCALL,5,12000.0,12,1,60000.0
OLI-000366,OPP-000218,TEMPO-ENT,9,28000.0,36,1,252000.0
OLI-000367,OPP-000218,ONCALL,13,12000.0,36,1,156000.0
OLI-000368,OPP-000219,TEMPO-ENT,9,28000.0,12,1,252000.0
OLI-000369,OPP-000219,ONCALL,13,12000.0,12,1,156000.0
OLI-000370,OPP-000220,GC-METRICS,4,18000.0,12,1,72000.0
OLI-000371,OPP-000221,GC-METRICS,4,18000.0,12,1,72000.0
OLI-000372,OPP-000222,GC-LOGS,8,22000.0,12,1,176000.0
OLI-000373,OPP-000222,LOKI-ENT,9,30000.0,12,1,270000.0
OLI-000374,OPP-000222,ONCALL,5,12000.0,12,1,60000.0
OLI-000375,OPP-000222,PS-IMPL,1,25000.0,12,0,25000.0
OLI-000376,OPP-000223,GC-TRACES,12,16000.0,12,1,192000.0
OLI-000377,OPP-000224,GC-LOGS,8,22000.0,12,1,176000.0
OLI-000378,OPP-000224,LOKI-ENT,9,30000.0,12,1,270000.0
OLI-000379,OPP-000224,ONCALL,5,12000.0,12,1,60000.0
OLI-000380,OPP-000224,GC-TRACES,12,16000.0,12,1,192000.0
OLI-000381,OPP-000225,GC-LOGS,8,22000.0,12,1,176000.0
OLI-000382,OPP-000225,LOKI-ENT,9,30000.0,12,1,270000.0
OLI-000383,OPP-000225,ONCALL,5,12000.0,12,1,60000.0
OLI-000384,OPP-000225,GC-TRACES,12,16000.0,12,1,192000.0
OLI-000385,OPP-000226,TEMPO-ENT,6,28000.0,12,1,168000.0
OLI-000386,OPP-000226,PROM-MGD,12,15000.0,12,1,180000.0
OLI-000387,OPP-000227,PROM-MGD,6,15000.0,24,1,90000.0
OLI-000388,OPP-000228,LOKI-ENT,7,30000.0,36,1,210000.0
OLI-000389,OPP-000228,GC-LOGS,5,22000.0,36,1,110000.0
OLI-000390,OPP-000229,LOKI-ENT,7,30000.0,36,1,210000.0
OLI-000391,OPP-000229,GC-LOGS,5,22000.0,36,1,110000.0
OLI-000392,OPP-000230,GC-LOGS,3,22000.0,12,1,66000.0
OLI-000393,OPP-000231,GC-LOGS,6,22000.0,12,1,132000.0
OLI-000394,OPP-000232,GC-TRACES,4,16000.0,12,1,64000.0
OLI-000395,OPP-000232,PS-IMPL,1,25000.0,12,0,25000.0
OLI-000396,OPP-000233,GC-TRACES,7,16000.0,24,1,112000.0
OLI-000397,OPP-000234,GC-TRACES,4,16000.0,12,1,64000.0
OLI-000398,OPP-000235,TEMPO-ENT,5,28000.0,12,1,140000.0
OLI-000399,OPP-000236,TEMPO-ENT,7,28000.0,24,1,196000.0
OLI-000400,OPP-000237,GC-METRICS,2,18000.0,12,1,36000.0
OLI-000401,OPP-000238,ENT-STACK,11,95000.0,36,1,1045000.0
OLI-000402,OPP-000238,GC-TRACES,5,16000.0,36,1,80000.0
OLI-000403,OPP-000238,PS-IMPL,1,25000.0,36,0,25000.0
OLI-000404,OPP-000239,ENT-STACK,11,95000.0,24,1,1045000.0
OLI-000405,OPP-000239,GC-TRACES,5,16000.0,24,1,80000.0
OLI-000406,OPP-000240,GC-TRACES,4,16000.0,36,1,64000.0
OLI-000407,OPP-000241,SLO,7,14000.0,12,1,98000.0
OLI-000408,OPP-000241,PROM-MGD,8,15000.0,12,1,120000.0
OLI-000409,OPP-000241,GC-LOGS,8,22000.0,12,1,176000.0
OLI-000410,OPP-000242,PROM-MGD,1,15000.0,12,1,15000.0
OLI-000411,OPP-000243,SLO,7,14000.0,12,1,98000.0
OLI-000412,OPP-000243,GC-LOGS,8,22000.0,12,1,176000.0
OLI-000413,OPP-000243,PROM-MGD,9,15000.0,12,1,135000.0
OLI-000414,OPP-000244,SLO,7,14000.0,36,1,98000.0
OLI-000415,OPP-000244,GC-LOGS,8,22000.0,36,1,176000.0
OLI-000416,OPP-000244,PROM-MGD,9,15000.0,36,1,135000.0
OLI-000417,OPP-000245,TEMPO-ENT,9,28000.0,12,1,252000.0
OLI-000418,OPP-000245,PS-MIGR,1,18000.0,12,0,18000.0
OLI-000419,OPP-000246,TEMPO-ENT,8,28000.0,36,1,224000.0
OLI-000420,OPP-000247,GC-LOGS,2,22000.0,12,1,44000.0
OLI-000421,OPP-000248,TEMPO-ENT,17,28000.0,12,1,476000.0
OLI-000422,OPP-000248,GC-LOGS,2,22000.0,12,1,44000.0
OLI-000423,OPP-000249,ONCALL,11,12000.0,12,1,132000.0
OLI-000424,OPP-000249,LOKI-ENT,3,30000.0,12,1,90000.0
OLI-000425,OPP-000249,ENT-STACK,10,95000.0,12,1,950000.0
OLI-000426,OPP-000249,PS-MIGR,1,18000.0,12,0,18000.0
OLI-000427,OPP-000250,ONCALL,11,12000.0,24,1,132000.0
OLI-000428,OPP-000250,LOKI-ENT,3,30000.0,24,1,90000.0
OLI-000429,OPP-000250,ENT-STACK,10,95000.0,24,1,950000.0
OLI-000430,OPP-000251,ENT-STACK,7,95000.0,36,1,665000.0
OLI-000431,OPP-000252,PROM-MGD,10,15000.0,36,1,150000.0
OLI-000432,OPP-000252,ENT-STACK,2,95000.0,36,1,190000.0
OLI-000433,OPP-000253,PROM-MGD,10,15000.0,12,1,150000.0
OLI-000434,OPP-000253,ENT-STACK,2,95000.0,12,1,190000.0
OLI-000435,OPP-000254,ENT-STACK,1,95000.0,12,1,95000.0
OLI-000436,OPP-000255,PROM-MGD,10,15000.0,12,1,150000.0
OLI-000437,OPP-000255,ENT-STACK,3,95000.0,12,1,285000.0
OLI-000438,OPP-000256,GC-METRICS,5,18000.0,12,1,90000.0
OLI-000439,OPP-000256,TEMPO-ENT,5,28000.0,12,1,140000.0
OLI-000440,OPP-000256,ONCALL,5,12000.0,12,1,60000.0
OLI-000441,OPP-000257,SLO,11,14000.0,24,1,154000.0
OLI-000442,OPP-000258,ENT-STACK,1,95000.0,24,1,95000.0
OLI-000443,OPP-000258,TEMPO-ENT,9,28000.0,24,1,252000.0
OLI-000444,OPP-000259,GC-METRICS,3,18000.0,36,1,54000.0
OLI-000445,OPP-000260,ENT-STACK,1,95000.0,12,1,95000.0
OLI-000446,OPP-000260,TEMPO-ENT,9,28000.0,12,1,252000.0
OLI-000447,OPP-000260,GC-METRICS,3,18000.0,12,1,54000.0
OLI-000448,OPP-000261,ENT-STACK,1,95000.0,12,1,95000.0
OLI-000449,OPP-000261,TEMPO-ENT,9,28000.0,12,1,252000.0
OLI-000450,OPP-000261,GC-METRICS,3,18000.0,12,1,54000.0
OLI-000451,OPP-000262,ENT-STACK,11,95000.0,12,1,1045000.0
OLI-000452,OPP-000262,ONCALL,2,12000.0,12,1,24000.0
OLI-000453,OPP-000263,ONCALL,-1,12000.0,36,1,-12000.0
OLI-000454,OPP-000264,ENT-STACK,11,95000.0,12,1,1045000.0
OLI-000455,OPP-000264,ONCALL,1,12000.0,12,1,12000.0
OLI-000456,OPP-000265,ENT-STACK,11,95000.0,12,1,1045000.0
OLI-000457,OPP-000265,ONCALL,1,12000.0,12,1,12000.0
OLI-000458,OPP-000266,LOKI-ENT,11,30000.0,12,1,330000.0
OLI-000459,OPP-000266,GC-TRACES,7,16000.0,12,1,112000.0
OLI-000460,OPP-000267,ENT-STACK,5,95000.0,36,1,475000.0
OLI-000461,OPP-000268,LOKI-ENT,5,30000.0,12,1,150000.0
OLI-000462,OPP-000268,SLO,11,14000.0,12,1,154000.0
OLI-000463,OPP-000269,GC-TRACES,11,16000.0,12,1,176000.0
OLI-000464,OPP-000269,ENT-STACK,2,95000.0,12,1,190000.0
OLI-000465,OPP-000269,PS-TRAIN,1,8000.0,12,0,8000.0
OLI-000466,OPP-000270,SLO,10,14000.0,12,1,140000.0
OLI-000467,OPP-000271,GC-TRACES,11,16000.0,12,1,176000.0
OLI-000468,OPP-000271,ENT-STACK,2,95000.0,12,1,190000.0
OLI-000469,OPP-000271,SLO,10,14000.0,12,1,140000.0
OLI-000470,OPP-000272,GC-TRACES,11,16000.0,12,1,176000.0
OLI-000471,OPP-000272,ENT-STACK,2,95000.0,12,1,190000.0
OLI-000472,OPP-000272,SLO,10,14000.0,12,1,140000.0
OLI-000473,OPP-000273,GC-METRICS,10,18000.0,24,1,180000.0
OLI-000474,OPP-000274,ONCALL,9,12000.0,24,1,108000.0
OLI-000475,OPP-000275,PROM-MGD,8,15000.0,36,1,120000.0
OLI-000476,OPP-000275,PS-TRAIN,1,8000.0,36,0,8000.0
OLI-000477,OPP-000276,PROM-MGD,5,15000.0,12,1,75000.0
OLI-000478,OPP-000277,GC-LOGS,8,22000.0,12,1,176000.0
OLI-000479,OPP-000278,GC-LOGS,7,22000.0,24,1,154000.0
OLI-000480,OPP-000279,SLO,3,14000.0,12,1,42000.0
OLI-000481,OPP-000279,PS-MIGR,1,18000.0,12,0,18000.0
OLI-000482,OPP-000280,SLO,3,14000.0,12,1,42000.0
OLI-000483,OPP-000281,SLO,-1,14000.0,12,1,-14000.0
OLI-000484,OPP-000282,SLO,2,14000.0,12,1,28000.0
OLI-000485,OPP-000283,SLO,7,14000.0,24,1,98000.0
OLI-000486,OPP-000283,PS-MIGR,1,18000.0,24,0,18000.0
OLI-000487,OPP-000284,GC-TRACES,3,16000.0,12,1,48000.0
OLI-000488,OPP-000285,SLO,7,14000.0,36,1,98000.0
OLI-000489,OPP-000285,GC-TRACES,3,16000.0,36,1,48000.0
OLI-000490,OPP-000286,GC-LOGS,5,22000.0,12,1,110000.0
OLI-000491,OPP-000287,GC-LOGS,6,22000.0,36,1,132000.0
OLI-000492,OPP-000288,LOKI-ENT,3,30000.0,24,1,90000.0
OLI-000493,OPP-000289,LOKI-ENT,3,30000.0,12,1,90000.0
OLI-000494,OPP-000290,LOKI-ENT,3,30000.0,12,1,90000.0
OLI-000495,OPP-000291,GC-TRACES,9,16000.0,12,1,144000.0
OLI-000496,OPP-000292,GC-TRACES,9,16000.0,12,1,144000.0
OLI-000497,OPP-000293,SLO,4,14000.0,12,1,56000.0
OLI-000498,OPP-000293,GC-LOGS,12,22000.0,12,1,264000.0
OLI-000499,OPP-000294,SLO,4,14000.0,12,1,56000.0
OLI-000500,OPP-000294,GC-LOGS,12,22000.0,12,1,264000.0
OLI-000501,OPP-000295,GC-LOGS,2,22000.0,12,1,44000.0
OLI-000502,OPP-000296,PROM-MGD,5,15000.0,36,1,75000.0
OLI-000503,OPP-000297,GC-METRICS,9,18000.0,24,1,162000.0
OLI-000504,OPP-000297,PS-IMPL,1,25000.0,24,0,25000.0
OLI-000505,OPP-000298,GC-METRICS,9,18000.0,12,1,162000.0
OLI-000506,OPP-000299,PROM-MGD,5,15000.0,12,1,75000.0
OLI-000507,OPP-000299,ENT-STACK,11,95000.0,12,1,1045000.0
OLI-000508,OPP-000299,PS-TRAIN,1,8000.0,12,0,8000.0
OLI-000509,OPP-000300,PROM-MGD,5,15000.0,12,1,75000.0
OLI-000510,OPP-000300,ENT-STACK,11,95000.0,12,1,1045000.0
OLI-000511,OPP-000301,PROM-MGD,5,15000.0,12,1,75000.0
OLI-000512,OPP-000301,ENT-STACK,11,95000.0,12,1,1045000.0
OLI-000513,OPP-000302,GC-METRICS,1,18000.0,12,1,18000.0
OLI-000514,OPP-000303,GC-METRICS,7,18000.0,12,1,126000.0
OLI-000515,OPP-000304,GC-METRICS,8,18000.0,24,1,144000.0
OLI-000516,OPP-000305,GC-METRICS,1,18000.0,12,1,18000.0
OLI-000517,OPP-000306,SLO,10,14000.0,36,1,140000.0
OLI-000518,OPP-000306,GC-LOGS,7,22000.0,36,1,154000.0
OLI-000519,OPP-000307,SLO,5,14000.0,12,1,70000.0
OLI-000520,OPP-000308,GC-LOGS,6,22000.0,36,1,132000.0
OLI-000521,OPP-000309,LOKI-ENT,8,30000.0,36,1,240000.0
OLI-000522,OPP-000309,PS-MIGR,1,18000.0,36,0,18000.0
OLI-000523,OPP-000310,LOKI-ENT,8,30000.0,24,1,240000.0
OLI-000524,OPP-000311,LOKI-ENT,4,30000.0,24,1,120000.0
OLI-000525,OPP-000312,LOKI-ENT,-9,30000.0,36,1,-270000.0
OLI-000526,OPP-000313,SLO,2,14000.0,24,1,28000.0
OLI-000527,OPP-000314,GC-TRACES,9,16000.0,36,1,144000.0
OLI-000528,OPP-000315,GC-TRACES,6,16000.0,24,1,96000.0
OLI-000529,OPP-000316,SLO,2,14000.0,24,1,28000.0
OLI-000530,OPP-000316,GC-TRACES,15,16000.0,24,1,240000.0
OLI-000531,OPP-000317,SLO,2,14000.0,12,1,28000.0
OLI-000532,OPP-000317,GC-TRACES,15,16000.0,12,1,240000.0
OLI-000533,OPP-000318,PROM-MGD,11,15000.0,12,1,165000.0
OLI-000534,OPP-000318,ENT-STACK,4,95000.0,12,1,380000.0
OLI-000535,OPP-000318,PS-TRAIN,1,8000.0,12,0,8000.0
OLI-000536,OPP-000319,PROM-MGD,5,15000.0,24,1,75000.0
OLI-000537,OPP-000320,ENT-STACK,4,95000.0,12,1,380000.0
OLI-000538,OPP-000320,PROM-MGD,16,15000.0,12,1,240000.0
OLI-000539,OPP-000321,ENT-STACK,4,95000.0,12,1,380000.0
OLI-000540,OPP-000321,PROM-MGD,16,15000.0,12,1,240000.0
OLI-000541,OPP-000322,ONCALL,1,12000.0,12,1,12000.0
OLI-000542,OPP-000323,ONCALL,1,12000.0,12,1,12000.0
OLI-000543,OPP-000324,ONCALL,1,12000.0,12,1,12000.0
OLI-000544,OPP-000325,GC-LOGS,12,22000.0,36,1,264000.0
OLI-000545,OPP-000325,ENT-STACK,3,95000.0,36,1,285000.0
OLI-000546,OPP-000325,PS-MIGR,1,18000.0,36,0,18000.0
OLI-000547,OPP-000326,GC-LOGS,12,22000.0,12,1,264000.0
OLI-000548,OPP-000326,ENT-STACK,3,95000.0,12,1,285000.0
OLI-000549,OPP-000327,ENT-STACK,3,95000.0,12,1,285000.0
OLI-000550,OPP-000328,ENT-STACK,6,95000.0,36,1,570000.0
OLI-000551,OPP-000329,ENT-STACK,6,95000.0,12,1,570000.0
OLI-000552,OPP-000330,TEMPO-ENT,6,28000.0,12,1,168000.0
OLI-000553,OPP-000330,PROM-MGD,9,15000.0,12,1,135000.0
OLI-000554,OPP-000330,PS-MIGR,1,18000.0,12,0,18000.0
OLI-000555,OPP-000331,GC-TRACES,3,16000.0,12,1,48000.0
OLI-000556,OPP-000332,PROM-MGD,3,15000.0,12,1,45000.0
OLI-000557,OPP-000333,TEMPO-ENT,6,28000.0,12,1,168000.0
OLI-000558,OPP-000333,GC-TRACES,3,16000.0,12,1,48000.0
OLI-000559,OPP-000333,PROM-MGD,12,15000.0,12,1,180000.0
OLI-000560,OPP-000334,SLO,2,14000.0,36,1,28000.0
OLI-000561,OPP-000335,SLO,2,14000.0,12,1,28000.0
OLI-000562,OPP-000336,SLO,1,14000.0,24,1,14000.0
OLI-000563,OPP-000337,SLO,3,14000.0,12,1,42000.0
OLI-000564,OPP-000338,TEMPO-ENT,12,28000.0,12,1,336000.0
OLI-000565,OPP-000338,LOKI-ENT,4,30000.0,12,1,120000.0
OLI-000566,OPP-000338,ONCALL,5,12000.0,12,1,60000.0
OLI-000567,OPP-000338,PS-MIGR,1,18000.0,12,0,18000.0
OLI-000568,OPP-000339,ONCALL,5,12000.0,12,1,60000.0
OLI-000569,OPP-000340,TEMPO-ENT,3,28000.0,12,1,84000.0
OLI-000570,OPP-000341,GC-TRACES,10,16000.0,36,1,160000.0
OLI-000571,OPP-000341,SLO,9,14000.0,36,1,126000.0
OLI-000572,OPP-000341,PS-MIGR,1,18000.0,36,0,18000.0
OLI-000573,OPP-000342,GC-TRACES,6,16000.0,12,1,96000.0
OLI-000574,OPP-000343,GC-TRACES,1,16000.0,12,1,16000.0
OLI-000575,OPP-000344,PROM-MGD,11,15000.0,24,1,165000.0
OLI-000576,OPP-000345,TEMPO-ENT,2,28000.0,12,1,56000.0
OLI-000577,OPP-000345,ONCALL,7,12000.0,12,1,84000.0
OLI-000578,OPP-000345,PS-MIGR,1,18000.0,12,0,18000.0
OLI-000579,OPP-000346,GC-LOGS,9,22000.0,12,1,198000.0
OLI-000580,OPP-000347,GC-LOGS,1,22000.0,36,1,22000.0
OLI-000581,OPP-000348,ONCALL,9,12000.0,12,1,108000.0
OLI-000582,OPP-000348,PROM-MGD,12,15000.0,12,1,180000.0
OLI-000583,OPP-000348,SLO,12,14000.0,12,1,168000.0
OLI-000584,OPP-000349,ONCALL,9,12000.0,12,1,108000.0
OLI-000585,OPP-000349,PROM-MGD,12,15000.0,12,1,180000.0
OLI-000586,OPP-000349,SLO,12,14000.0,12,1,168000.0
OLI-000587,OPP-000350,ENT-STACK,10,95000.0,12,1,950000.0
OLI-000588,OPP-000350,PROM-MGD,4,15000.0,12,1,60000.0
OLI-000589,OPP-000351,ENT-STACK,10,95000.0,12,1,950000.0
OLI-000590,OPP-000351,PROM-MGD,4,15000.0,12,1,60000.0
OLI-000591,OPP-000352,ENT-STACK,10,95000.0,36,1,950000.0
OLI-000592,OPP-000352,PROM-MGD,4,15000.0,36,1,60000.0
OLI-000593,OPP-000353,ENT-STACK,2,95000.0,36,1,190000.0
OLI-000594,OPP-000354,GC-TRACES,7,16000.0,12,1,112000.0
OLI-000595,OPP-000354,SLO,7,14000.0,12,1,98000.0
OLI-000596,OPP-000355,GC-LOGS,11,22000.0,36,1,242000.0
OLI-000597,OPP-000356,GC-TRACES,7,16000.0,12,1,112000.0
OLI-000598,OPP-000356,SLO,7,14000.0,12,1,98000.0
OLI-000599,OPP-000356,GC-LOGS,11,22000.0,12,1,242000.0
OLI-000600,OPP-000357,GC-TRACES,7,16000.0,12,1,112000.0
OLI-000601,OPP-000357,SLO,7,14000.0,12,1,98000.0
OLI-000602,OPP-000357,GC-LOGS,11,22000.0,12,1,242000.0
OLI-000603,OPP-000358,ENT-STACK,2,95000.0,36,1,190000.0
OLI-000604,OPP-000358,PS-MIGR,1,18000.0,36,0,18000.0
OLI-000605,OPP-000359,ENT-STACK,8,95000.0,36,1,760000.0
OLI-000606,OPP-000360,ENT-STACK,10,95000.0,12,1,950000.0
OLI-000607,OPP-000361,SLO,6,14000.0,36,1,84000.0
OLI-000608,OPP-000362,ENT-STACK,10,95000.0,12,1,950000.0
OLI-000609,OPP-000362,SLO,6,14000.0,12,1,84000.0
OLI-000610,OPP-000363,LOKI-ENT,8,30000.0,12,1,240000.0
OLI-000611,OPP-000363,TEMPO-ENT,8,28000.0,12,1,224000.0
OLI-000612,OPP-000363,PS-MIGR,1,18000.0,12,0,18000.0
OLI-000613,OPP-000364,LOKI-ENT,8,30000.0,12,1,240000.0
OLI-000614,OPP-000364,TEMPO-ENT,8,28000.0,12,1,224000.0
OLI-000615,OPP-000365,LOKI-ENT,8,30000.0,12,1,240000.0
OLI-000616,OPP-000365,TEMPO-ENT,8,28000.0,12,1,224000.0
OLI-000617,OPP-000366,TEMPO-ENT,3,28000.0,24,1,84000.0
OLI-000618,OPP-000367,TEMPO-ENT,4,28000.0,12,1,112000.0
OLI-000619,OPP-000368,TEMPO-ENT,7,28000.0,12,1,196000.0
OLI-000620,OPP-000369,TEMPO-ENT,7,28000.0,12,1,196000.0
OLI-000621,OPP-000370,LOKI-ENT,9,30000.0,36,1,270000.0
OLI-000622,OPP-000370,GC-METRICS,5,18000.0,36,1,90000.0
OLI-000623,OPP-000371,GC-METRICS,2,18000.0,12,1,36000.0
OLI-000624,OPP-000372,SLO,4,14000.0,12,1,56000.0
OLI-000625,OPP-000373,GC-LOGS,3,22000.0,36,1,66000.0
OLI-000626,OPP-000374,GC-LOGS,6,22000.0,12,1,132000.0
OLI-000627,OPP-000375,GC-LOGS,-7,22000.0,12,1,-154000.0
OLI-000628,OPP-000376,ENT-STACK,11,95000.0,12,1,1045000.0
OLI-000629,OPP-000377,ENT-STACK,11,95000.0,12,1,1045000.0
OLI-000630,OPP-000378,ENT-STACK,11,95000.0,12,1,1045000.0
OLI-000631,OPP-000379,SLO,8,14000.0,12,1,112000.0
OLI-000632,OPP-000380,LOKI-ENT,2,30000.0,12,1,60000.0
OLI-000633,OPP-000381,ONCALL,12,12000.0,12,1,144000.0
OLI-000634,OPP-000381,TEMPO-ENT,2,28000.0,12,1,56000.0
OLI-000635,OPP-000381,PS-TRAIN,1,8000.0,12,0,8000.0
OLI-000636,OPP-000382,ONCALL,12,12000.0,12,1,144000.0
OLI-000637,OPP-000382,TEMPO-ENT,2,28000.0,12,1,56000.0
OLI-000638,OPP-000383,ENT-STACK,1,95000.0,36,1,95000.0
OLI-000639,OPP-000384,GC-METRICS,12,18000.0,36,1,216000.0
OLI-000640,OPP-000385,ENT-STACK,1,95000.0,24,1,95000.0
OLI-000641,OPP-000385,GC-METRICS,12,18000.0,24,1,216000.0
OLI-000642,OPP-000386,GC-LOGS,10,22000.0,12,1,220000.0
OLI-000643,OPP-000386,ENT-STACK,11,95000.0,12,1,1045000.0
OLI-000644,OPP-000387,GC-LOGS,10,22000.0,24,1,220000.0
OLI-000645,OPP-000387,ENT-STACK,11,95000.0,24,1,1045000.0
OLI-000646,OPP-000388,TEMPO-ENT,9,28000.0,12,1,252000.0
OLI-000647,OPP-000389,GC-LOGS,10,22000.0,36,1,220000.0
OLI-000648,OPP-000389,ENT-STACK,11,95000.0,36,1,1045000.0
OLI-000649,OPP-000389,TEMPO-ENT,9,28000.0,36,1,252000.0
OLI-000650,OPP-000390,GC-LOGS,10,22000.0,12,1,220000.0
OLI-000651,OPP-000390,ENT-STACK,11,95000.0,12,1,1045000.0
OLI-000652,OPP-000390,TEMPO-ENT,9,28000.0,12,1,252000.0
OLI-000653,OPP-000391,PROM-MGD,8,15000.0,36,1,120000.0
OLI-000654,OPP-000391,ENT-STACK,11,95000.0,36,1,1045000.0
OLI-000655,OPP-000391,PS-MIGR,1,18000.0,36,0,18000.0
OLI-000656,OPP-000392,PROM-MGD,8,15000.0,24,1,120000.0
OLI-000657,OPP-000392,ENT-STACK,11,95000.0,24,1,1045000.0
OLI-000658,OPP-000393,PROM-MGD,8,15000.0,24,1,120000.0
OLI-000659,OPP-000393,ENT-STACK,11,95000.0,24,1,1045000.0
OLI-000660,OPP-000394,PROM-MGD,-4,15000.0,36,1,-60000.0
OLI-000661,OPP-000395,SLO,2,14000.0,12,1,28000.0
OLI-000662,OPP-000396,GC-METRICS,10,18000.0,12,1,180000.0
OLI-000663,OPP-000397,GC-METRICS,7,18000.0,12,1,126000.0
OLI-000664,OPP-000398,GC-METRICS,17,18000.0,12,1,306000.0
OLI-000665,OPP-000399,GC-METRICS,3,18000.0,24,1,54000.0
OLI-000666,OPP-000400,TEMPO-ENT,3,28000.0,12,1,84000.0
OLI-000667,OPP-000400,ONCALL,11,12000.0,12,1,132000.0
OLI-000668,OPP-000400,ENT-STACK,2,95000.0,12,1,190000.0
OLI-000669,OPP-000401,TEMPO-ENT,7,28000.0,12,1,196000.0
OLI-000670,OPP-000402,ONCALL,11,12000.0,12,1,132000.0
OLI-000671,OPP-000402,ENT-STACK,2,95000.0,12,1,190000.0
OLI-000672,OPP-000402,TEMPO-ENT,10,28000.0,12,1,280000.0
OLI-000673,OPP-000403,GC-METRICS,5,18000.0,12,1,90000.0
OLI-000674,OPP-000404,PROM-MGD,12,15000.0,36,1,180000.0
OLI-000675,OPP-000405,GC-METRICS,3,18000.0,36,1,54000.0
OLI-000676,OPP-000406,GC-METRICS,3,18000.0,36,1,54000.0
OLI-000677,OPP-000407,GC-METRICS,6,18000.0,12,1,108000.0
OLI-000678,OPP-000408,ONCALL,11,12000.0,24,1,132000.0
OLI-000679,OPP-000409,PROM-MGD,2,15000.0,36,1,30000.0
OLI-000680,OPP-000410,PROM-MGD,2,15000.0,12,1,30000.0
OLI-000681,OPP-000411,PROM-MGD,2,15000.0,12,1,30000.0
OLI-000682,OPP-000412,PROM-MGD,2,15000.0,36,1,30000.0
OLI-000683,OPP-000413,GC-TRACES,12,16000.0,12,1,192000.0
OLI-000684,OPP-000413,ENT-STACK,8,95000.0,12,1,760000.0
OLI-000685,OPP-000414,GC-METRICS,7,18000.0,12,1,126000.0
OLI-000686,OPP-000415,ENT-STACK,-4,95000.0,12,1,-380000.0
OLI-000687,OPP-000416,PROM-MGD,7,15000.0,12,1,105000.0
OLI-000688,OPP-000417,PROM-MGD,7,15000.0,12,1,105000.0
OLI-000689,OPP-000418,PROM-MGD,-3,15000.0,12,1,-45000.0
OLI-000690,OPP-000419,PROM-MGD,3,15000.0,12,1,45000.0
OLI-000691,OPP-000420,PROM-MGD,7,15000.0,24,1,105000.0
OLI-000692,OPP-000421,PROM-MGD,6,15000.0,12,1,90000.0
OLI-000693,OPP-000422,SLO,9,14000.0,36,1,126000.0
OLI-000694,OPP-000422,GC-LOGS,5,22000.0,36,1,110000.0
OLI-000695,OPP-000422,ONCALL,7,12000.0,36,1,84000.0
OLI-000696,OPP-000422,PS-MIGR,1,18000.0,36,0,18000.0
OLI-000697,OPP-000423,GC-TRACES,2,16000.0,12,1,32000.0
OLI-000698,OPP-000424,SLO,-4,14000.0,12,1,-56000.0
OLI-000699,OPP-000425,GC-TRACES,9,16000.0,12,1,144000.0
OLI-000700,OPP-000425,GC-LOGS,5,22000.0,12,1,110000.0
OLI-000701,OPP-000425,PS-TRAIN,1,8000.0,12,0,8000.0
OLI-000702,OPP-000426,GC-TRACES,9,16000.0,24,1,144000.0
OLI-000703,OPP-000426,GC-LOGS,5,22000.0,24,1,110000.0
OLI-000704,OPP-000427,GC-TRACES,9,16000.0,12,1,144000.0
OLI-000705,OPP-000427,GC-LOGS,5,22000.0,12,1,110000.0
OLI-000706,OPP-000428,PROM-MGD,4,15000.0,36,1,60000.0
OLI-000707,OPP-000428,GC-TRACES,9,16000.0,36,1,144000.0
OLI-000708,OPP-000428,PS-TRAIN,1,8000.0,36,0,8000.0
OLI-000709,OPP-000429,PROM-MGD,4,15000.0,12,1,60000.0
OLI-000710,OPP-000429,GC-TRACES,9,16000.0,12,1,144000.0
OLI-000711,OPP-000430,PROM-MGD,4,15000.0,36,1,60000.0
OLI-000712,OPP-000430,GC-TRACES,9,16000.0,36,1,144000.0
OLI-000713,OPP-000431,ENT-STACK,10,95000.0,24,1,950000.0
OLI-000714,OPP-000431,PS-IMPL,1,25000.0,24,0,25000.0
OLI-000715,OPP-000432,ENT-STACK,5,95000.0,12,1,475000.0
OLI-000716,OPP-000433,TEMPO-ENT,11,28000.0,12,1,308000.0
OLI-000717,OPP-000434,GC-TRACES,6,16000.0,36,1,96000.0
OLI-000718,OPP-000434,PS-MIGR,1,18000.0,36,0,18000.0
OLI-000719,OPP-000435,GC-TRACES,6,16000.0,12,1,96000.0
OLI-000720,OPP-000436,GC-TRACES,12,16000.0,36,1,192000.0
OLI-000721,OPP-000437,TEMPO-ENT,11,28000.0,12,1,308000.0
OLI-000722,OPP-000437,PS-TRAIN,1,8000.0,12,0,8000.0
OLI-000723,OPP-000438,TEMPO-ENT,11,28000.0,36,1,308000.0
OLI-000724,OPP-000439,GC-LOGS,1,22000.0,12,1,22000.0
OLI-000725,OPP-000440,TEMPO-ENT,11,28000.0,12,1,308000.0
OLI-000726,OPP-000440,GC-LOGS,1,22000.0,12,1,22000.0
OLI-000727,OPP-000441,SLO,9,14000.0,12,1,126000.0
OLI-000728,OPP-000441,PS-TRAIN,1,8000.0,12,0,8000.0
OLI-000729,OPP-000442,SLO,9,14000.0,12,1,126000.0
OLI-000730,OPP-000443,GC-LOGS,3,22000.0,12,1,66000.0
OLI-000731,OPP-000444,GC-LOGS,3,22000.0,12,1,66000.0
OLI-000732,OPP-000445,GC-LOGS,-2,22000.0,36,1,-44000.0
OLI-000733,OPP-000446,GC-LOGS,1,22000.0,12,1,22000.0
OLI-000734,OPP-000447,TEMPO-ENT,7,28000.0,12,1,196000.0
OLI-000735,OPP-000447,PS-TRAIN,1,8000.0,12,0,8000.0
OLI-000736,OPP-000448,TEMPO-ENT,5,28000.0,24,1,140000.0
OLI-000737,OPP-000449,LOKI-ENT,1,30000.0,12,1,30000.0
OLI-000738,OPP-000450,LOKI-ENT,3,30000.0,36,1,90000.0
OLI-000739,OPP-000451,LOKI-ENT,3,30000.0,36,1,90000.0
OLI-000740,OPP-000452,LOKI-ENT,3,30000.0,12,1,90000.0
OLI-000741,OPP-000453,ONCALL,2,12000.0,36,1,24000.0
OLI-000742,OPP-000453,LOKI-ENT,3,30000.0,36,1,90000.0
OLI-000743,OPP-000453,PS-IMPL,1,25000.0,36,0,25000.0
OLI-000744,OPP-000454,ONCALL,2,12000.0,12,1,24000.0
OLI-000745,OPP-000454,LOKI-ENT,3,30000.0,12,1,90000.0
OLI-000746,OPP-000455,ONCALL,5,12000.0,12,1,60000.0
OLI-000747,OPP-000456,LOKI-ENT,3,30000.0,24,1,90000.0
OLI-000748,OPP-000456,ONCALL,7,12000.0,24,1,84000.0
OLI-000749,OPP-000457,TEMPO-ENT,5,28000.0,12,1,140000.0
OLI-000750,OPP-000457,ONCALL,8,12000.0,12,1,96000.0
OLI-000751,OPP-000458,TEMPO-ENT,5,28000.0,24,1,140000.0
OLI-000752,OPP-000458,ONCALL,8,12000.0,24,1,96000.0
OLI-000753,OPP-000459,TEMPO-ENT,5,28000.0,12,1,140000.0
OLI-000754,OPP-000459,ONCALL,8,12000.0,12,1,96000.0
OLI-000755,OPP-000460,GC-METRICS,12,18000.0,12,1,216000.0
OLI-000756,OPP-000460,PROM-MGD,4,15000.0,12,1,60000.0
OLI-000757,OPP-000460,PS-TRAIN,1,8000.0,12,0,8000.0
OLI-000758,OPP-000461,LOKI-ENT,7,30000.0,36,1,210000.0
OLI-000759,OPP-000461,SLO,11,14000.0,36,1,154000.0
OLI-000760,OPP-000462,LOKI-ENT,7,30000.0,12,1,210000.0
OLI-000761,OPP-000462,SLO,11,14000.0,12,1,154000.0
OLI-000762,OPP-000463,LOKI-ENT,4,30000.0,12,1,120000.0
OLI-000763,OPP-000464,SLO,11,14000.0,12,1,154000.0
OLI-000764,OPP-000464,LOKI-ENT,11,30000.0,12,1,330000.0
OLI-000765,OPP-000465,SLO,-1,14000.0,24,1,-14000.0
OLI-000766,OPP-000466,PROM-MGD,4,15000.0,36,1,60000.0
OLI-000767,OPP-000466,PS-IMPL,1,25000.0,36,0,25000.0
OLI-000768,OPP-000467,PROM-MGD,4,15000.0,12,1,60000.0
OLI-000769,OPP-000468,ENT-STACK,11,95000.0,24,1,1045000.0
OLI-000770,OPP-000469,ENT-STACK,11,95000.0,12,1,1045000.0
OLI-000771,OPP-000470,ENT-STACK,11,95000.0,24,1,1045000.0
OLI-000772,OPP-000471,GC-LOGS,9,22000.0,24,1,198000.0
OLI-000773,OPP-000471,PS-MIGR,1,18000.0,24,0,18000.0
OLI-000774,OPP-000472,GC-METRICS,11,18000.0,24,1,198000.0
OLI-000775,OPP-000473,GC-LOGS,6,22000.0,12,1,132000.0
OLI-000776,OPP-000474,GC-LOGS,4,22000.0,12,1,88000.0
OLI-000777,OPP-000475,GC-METRICS,11,18000.0,36,1,198000.0
OLI-000778,OPP-000475,GC-LOGS,19,22000.0,36,1,418000.0
OLI-000779,OPP-000476,PROM-MGD,9,15000.0,24,1,135000.0
OLI-000780,OPP-000476,ENT-STACK,11,95000.0,24,1,1045000.0
OLI-000781,OPP-000476,PS-IMPL,1,25000.0,24,0,25000.0
OLI-000782,OPP-000477,PROM-MGD,9,15000.0,36,1,135000.0
OLI-000783,OPP-000477,ENT-STACK,11,95000.0,36,1,1045000.0
OLI-000784,OPP-000478,PROM-MGD,9,15000.0,12,1,135000.0
OLI-000785,OPP-000478,ENT-STACK,11,95000.0,12,1,1045000.0
OLI-000786,OPP-000479,TEMPO-ENT,4,28000.0,36,1,112000.0
OLI-000787,OPP-000480,TEMPO-ENT,1,28000.0,24,1,28000.0
OLI-000788,OPP-000481,TEMPO-ENT,5,28000.0,12,1,140000.0
OLI-000789,OPP-000482,TEMPO-ENT,2,28000.0,12,1,56000.0
OLI-000790,OPP-000483,ENT-STACK,11,95000.0,24,1,1045000.0
OLI-000791,OPP-000483,PS-MIGR,1,18000.0,24,0,18000.0
OLI-000792,OPP-000484,ONCALL,2,12000.0,24,1,24000.0
OLI-000793,OPP-000485,ENT-STACK,11,95000.0,36,1,1045000.0
OLI-000794,OPP-000485,ONCALL,2,12000.0,36,1,24000.0
OLI-000795,OPP-000486,SLO,6,14000.0,12,1,84000.0
OLI-000796,OPP-000486,TEMPO-ENT,9,28000.0,12,1,252000.0
OLI-000797,OPP-000487,LOKI-ENT,9,30000.0,12,1,270000.0
OLI-000798,OPP-000488,GC-TRACES,1,16000.0,24,1,16000.0
OLI-000799,OPP-000489,SLO,6,14000.0,12,1,84000.0
OLI-000800,OPP-000489,TEMPO-ENT,9,28000.0,12,1,252000.0
OLI-000801,OPP-000489,LOKI-ENT,9,30000.0,12,1,270000.0
OLI-000802,OPP-000489,GC-TRACES,1,16000.0,12,1,16000.0
OLI-000803,OPP-000490,LOKI-ENT,12,30000.0,12,1,360000.0
OLI-000804,OPP-000490,TEMPO-ENT,5,28000.0,12,1,140000.0
OLI-000805,OPP-000490,GC-METRICS,9,18000.0,12,1,162000.0
OLI-000806,OPP-000491,LOKI-ENT,12,30000.0,12,1,360000.0
OLI-000807,OPP-000491,TEMPO-ENT,5,28000.0,12,1,140000.0
OLI-000808,OPP-000491,GC-METRICS,9,18000.0,12,1,162000.0
OLI-000809,OPP-000492,LOKI-ENT,12,30000.0,36,1,360000.0
OLI-000810,OPP-000492,TEMPO-ENT,5,28000.0,36,1,140000.0
OLI-000811,OPP-000492,GC-METRICS,9,18000.0,36,1,162000.0
OLI-000812,OPP-000493,ONCALL,10,12000.0,12,1,120000.0
OLI-000813,OPP-000494,SLO,2,14000.0,36,1,28000.0
OLI-000814,OPP-000495,SLO,7,14000.0,12,1,98000.0
OLI-000815,OPP-000496,ONCALL,9,12000.0,36,1,108000.0
OLI-000816,OPP-000496,GC-METRICS,1,18000.0,36,1,18000.0
OLI-000817,OPP-000496,GC-LOGS,6,22000.0,36,1,132000.0
OLI-000818,OPP-000497,GC-LOGS,2,22000.0,36,1,44000.0
OLI-000819,OPP-000498,ONCALL,-3,12000.0,24,1,-36000.0
OLI-000820,OPP-000499,GC-METRICS,1,18000.0,36,1,18000.0
OLI-000821,OPP-000499,GC-LOGS,8,22000.0,36,1,176000.0
OLI-000822,OPP-000499,ONCALL,6,12000.0,36,1,72000.0
OLI-000823,OPP-000500,ONCALL,12,12000.0,12,1,144000.0
OLI-000824,OPP-000500,PS-IMPL,1,25000.0,12,0,25000.0
OLI-000825,OPP-000501,ONCALL,12,12000.0,36,1,144000.0
OLI-000826,OPP-000502,SLO,6,14000.0,12,1,84000.0
OLI-000827,OPP-000503,ONCALL,12,12000.0,24,1,144000.0
OLI-000828,OPP-000503,SLO,6,14000.0,24,1,84000.0
OLI-000829,OPP-000504,GC-METRICS,5,18000.0,12,1,90000.0
OLI-000830,OPP-000504,PS-TRAIN,1,8000.0,12,0,8000.0
OLI-000831,OPP-000505,GC-METRICS,5,18000.0,12,1,90000.0
OLI-000832,OPP-000506,GC-METRICS,1,18000.0,12,1,18000.0
OLI-000833,OPP-000507,GC-METRICS,6,18000.0,12,1,108000.0
OLI-000834,OPP-000508,SLO,1,14000.0,12,1,14000.0
OLI-000835,OPP-000508,PS-MIGR,1,18000.0,12,0,18000.0
OLI-000836,OPP-000509,GC-METRICS,7,18000.0,12,1,126000.0
OLI-000837,OPP-000510,GC-TRACES,4,16000.0,12,1,64000.0
OLI-000838,OPP-000511,GC-TRACES,1,16000.0,12,1,16000.0
OLI-000839,OPP-000512,GC-TRACES,5,16000.0,12,1,80000.0
OLI-000840,OPP-000513,GC-TRACES,5,16000.0,12,1,80000.0
OLI-000841,OPP-000514,ENT-STACK,8,95000.0,12,1,760000.0
OLI-000842,OPP-000515,ENT-STACK,5,95000.0,12,1,475000.0
OLI-000843,OPP-000516,ENT-STACK,13,95000.0,24,1,1235000.0
OLI-000844,OPP-000517,ENT-STACK,6,95000.0,12,1,570000.0
OLI-000845,OPP-000518,ONCALL,9,12000.0,12,1,108000.0
OLI-000846,OPP-000519,GC-LOGS,7,22000.0,24,1,154000.0
OLI-000847,OPP-000520,LOKI-ENT,5,30000.0,12,1,150000.0
OLI-000848,OPP-000521,GC-LOGS,7,22000.0,12,1,154000.0
OLI-000849,OPP-000521,LOKI-ENT,5,30000.0,12,1,150000.0
OLI-000850,OPP-000522,GC-LOGS,7,22000.0,12,1,154000.0
OLI-000851,OPP-000522,LOKI-ENT,5,30000.0,12,1,150000.0
OLI-000852,OPP-000523,GC-LOGS,12,22000.0,12,1,264000.0
OLI-000853,OPP-000523,PS-TRAIN,1,8000.0,12,0,8000.0
OLI-000854,OPP-000524,GC-LOGS,12,22000.0,12,1,264000.0
OLI-000855,OPP-000525,GC-LOGS,12,22000.0,12,1,264000.0
OLI-000856,OPP-000526,TEMPO-ENT,10,28000.0,36,1,280000.0
OLI-000857,OPP-000527,GC-METRICS,6,18000.0,12,1,108000.0
OLI-000858,OPP-000527,PS-TRAIN,1,8000.0,12,0,8000.0
OLI-000859,OPP-000528,GC-METRICS,6,18000.0,24,1,108000.0
OLI-000860,OPP-000529,GC-METRICS,1,18000.0,12,1,18000.0
OLI-000861,OPP-000530,LOKI-ENT,4,30000.0,12,1,120000.0
OLI-000862,OPP-000530,ENT-STACK,2,95000.0,12,1,190000.0
OLI-000863,OPP-000530,ONCALL,3,12000.0,12,1,36000.0
OLI-000864,OPP-000531,ONCALL,-2,12000.0,24,1,-24000.0
OLI-000865,OPP-000532,ONCALL,1,12000.0,36,1,12000.0
OLI-000866,OPP-000533,LOKI-ENT,1,30000.0,12,1,30000.0
OLI-000867,OPP-000533,ONCALL,9,12000.0,12,1,108000.0
OLI-000868,OPP-000533,TEMPO-ENT,7,28000.0,12,1,196000.0
OLI-000869,OPP-000534,LOKI-ENT,1,30000.0,12,1,30000.0
OLI-000870,OPP-000534,ONCALL,9,12000.0,12,1,108000.0
OLI-000871,OPP-000534,TEMPO-ENT,7,28000.0,12,1,196000.0
OLI-000872,OPP-000535,ENT-STACK,9,95000.0,12,1,855000.0
OLI-000873,OPP-000536,PROM-MGD,10,15000.0,12,1,150000.0
OLI-000874,OPP-000536,GC-LOGS,12,22000.0,12,1,264000.0
OLI-000875,OPP-000537,GC-LOGS,2,22000.0,12,1,44000.0
OLI-000876,OPP-000538,PROM-MGD,10,15000.0,12,1,150000.0
OLI-000877,OPP-000538,GC-LOGS,14,22000.0,12,1,308000.0
OLI-000878,OPP-000539,PROM-MGD,12,15000.0,24,1,180000.0
OLI-000879,OPP-000539,ONCALL,9,12000.0,24,1,108000.0
OLI-000880,OPP-000540,PROM-MGD,-3,15000.0,12,1,-45000.0
OLI-000881,OPP-000541,ONCALL,9,12000.0,12,1,108000.0
OLI-000882,OPP-000541,PROM-MGD,9,15000.0,12,1,135000.0
OLI-000883,OPP-000542,GC-LOGS,2,22000.0,24,1,44000.0
OLI-000884,OPP-000543,GC-LOGS,4,22000.0,24,1,88000.0
OLI-000885,OPP-000544,SLO,8,14000.0,24,1,112000.0
OLI-000886,OPP-000545,GC-LOGS,6,22000.0,12,1,132000.0
OLI-000887,OPP-000545,SLO,8,14000.0,12,1,112000.0
OLI-000888,OPP-000546,LOKI-ENT,3,30000.0,36,1,90000.0
OLI-000889,OPP-000546,GC-METRICS,3,18000.0,36,1,54000.0
OLI-000890,OPP-000546,PS-TRAIN,1,8000.0,36,0,8000.0
OLI-000891,OPP-000547,LOKI-ENT,-2,30000.0,12,1,-60000.0
OLI-000892,OPP-000548,GC-METRICS,3,18000.0,36,1,54000.0
OLI-000893,OPP-000548,LOKI-ENT,1,30000.0,36,1,30000.0
OLI-000894,OPP-000549,GC-METRICS,3,18000.0,12,1,54000.0
OLI-000895,OPP-000549,LOKI-ENT,1,30000.0,12,1,30000.0
OLI-000896,OPP-000550,GC-METRICS,2,18000.0,36,1,36000.0
OLI-000897,OPP-000551,GC-METRICS,7,18000.0,12,1,126000.0
OLI-000898,OPP-000552,PROM-MGD,2,15000.0,12,1,30000.0
OLI-000899,OPP-000553,GC-METRICS,9,18000.0,36,1,162000.0
OLI-000900,OPP-000553,PROM-MGD,2,15000.0,36,1,30000.0
OLI-000901,OPP-000554,GC-TRACES,6,16000.0,36,1,96000.0
OLI-000902,OPP-000554,ONCALL,5,12000.0,36,1,60000.0
OLI-000903,OPP-000554,ENT-STACK,9,95000.0,36,1,855000.0
OLI-000904,OPP-000555,PROM-MGD,10,15000.0,24,1,150000.0
OLI-000905,OPP-000556,GC-TRACES,6,16000.0,12,1,96000.0
OLI-000906,OPP-000556,ONCALL,5,12000.0,12,1,60000.0
OLI-000907,OPP-000556,ENT-STACK,9,95000.0,12,1,855000.0
OLI-000908,OPP-000556,PROM-MGD,10,15000.0,12,1,150000.0
OLI-000909,OPP-000557,LOKI-ENT,7,30000.0,12,1,210000.0
OLI-000910,OPP-000557,ONCALL,1,12000.0,12,1,12000.0
OLI-000911,OPP-000557,PS-MIGR,1,18000.0,12,0,18000.0
OLI-000912,OPP-000558,LOKI-ENT,7,30000.0,12,1,210000.0
OLI-000913,OPP-000558,ONCALL,1,12000.0,12,1,12000.0
OLI-000914,OPP-000559,PROM-MGD,6,15000.0,12,1,90000.0
OLI-000915,OPP-000559,TEMPO-ENT,7,28000.0,12,1,196000.0
OLI-000916,OPP-000560,PROM-MGD,6,15000.0,24,1,90000.0
OLI-000917,OPP-000560,TEMPO-ENT,7,28000.0,24,1,196000.0
OLI-000918,OPP-000561,SLO,8,14000.0,12,1,112000.0
OLI-000919,OPP-000561,TEMPO-ENT,7,28000.0,12,1,196000.0
OLI-000920,OPP-000562,SLO,8,14000.0,12,1,112000.0
OLI-000921,OPP-000562,TEMPO-ENT,7,28000.0,12,1,196000.0
OLI-000922,OPP-000563,ENT-STACK,6,95000.0,12,1,570000.0
OLI-000923,OPP-000564,ONCALL,11,12000.0,12,1,132000.0
OLI-000924,OPP-000565,ONCALL,1,12000.0,12,1,12000.0
OLI-000925,OPP-000566,GC-TRACES,4,16000.0,12,1,64000.0
OLI-000926,OPP-000567,GC-TRACES,-1,16000.0,36,1,-16000.0
OLI-000927,OPP-000568,GC-TRACES,3,16000.0,36,1,48000.0
OLI-000928,OPP-000569,PROM-MGD,9,15000.0,12,1,135000.0
OLI-000929,OPP-000570,ENT-STACK,2,95000.0,24,1,190000.0
OLI-000930,OPP-000570,PS-IMPL,1,25000.0,24,0,25000.0
OLI-000931,OPP-000571,ENT-STACK,5,95000.0,12,1,475000.0
OLI-000932,OPP-000572,ENT-STACK,7,95000.0,12,1,665000.0
OLI-000933,OPP-000573,ENT-STACK,7,95000.0,12,1,665000.0
OLI-000934,OPP-000574,PROM-MGD,1,15000.0,12,1,15000.0
OLI-000935,OPP-000575,PROM-MGD,1,15000.0,12,1,15000.0
OLI-000936,OPP-000576,PROM-MGD,1,15000.0,12,1,15000.0
OLI-000937,OPP-000577,TEMPO-ENT,1,28000.0,12,1,28000.0
OLI-000938,OPP-000577,SLO,3,14000.0,12,1,42000.0
OLI-000939,OPP-000577,PS-MIGR,1,18000.0,12,0,18000.0
OLI-000940,OPP-000578,TEMPO-ENT,1,28000.0,12,1,28000.0
OLI-000941,OPP-000578,SLO,3,14000.0,12,1,42000.0
OLI-000942,OPP-000579,TEMPO-ENT,1,28000.0,24,1,28000.0
OLI-000943,OPP-000579,SLO,3,14000.0,24,1,42000.0
OLI-000944,OPP-000580,ENT-STACK,8,95000.0,12,1,760000.0
OLI-000945,OPP-000580,PROM-MGD,10,15000.0,12,1,150000.0
OLI-000946,OPP-000580,PS-MIGR,1,18000.0,12,0,18000.0
OLI-000947,OPP-000581,ENT-STACK,8,95000.0,12,1,760000.0
OLI-000948,OPP-000581,PROM-MGD,10,15000.0,12,1,150000.0
OLI-000949,OPP-000582,LOKI-ENT,7,30000.0,12,1,210000.0
OLI-000950,OPP-000583,ENT-STACK,8,95000.0,12,1,760000.0
OLI-000951,OPP-000583,PROM-MGD,10,15000.0,12,1,150000.0
OLI-000952,OPP-000583,LOKI-ENT,7,30000.0,12,1,210000.0
OLI-000953,OPP-000584,TEMPO-ENT,8,28000.0,12,1,224000.0
OLI-000954,OPP-000584,SLO,3,14000.0,12,1,42000.0
OLI-000955,OPP-000584,PS-TRAIN,1,8000.0,12,0,8000.0
OLI-000956,OPP-000585,TEMPO-ENT,8,28000.0,12,1,224000.0
OLI-000957,OPP-000585,SLO,3,14000.0,12,1,42000.0
OLI-000958,OPP-000586,TEMPO-ENT,8,28000.0,12,1,224000.0
OLI-000959,OPP-000586,SLO,3,14000.0,12,1,42000.0
OLI-000960,OPP-000587,LOKI-ENT,4,30000.0,36,1,120000.0
OLI-000961,OPP-000588,TEMPO-ENT,4,28000.0,24,1,112000.0
OLI-000962,OPP-000589,TEMPO-ENT,4,28000.0,12,1,112000.0
OLI-000963,OPP-000590,ENT-STACK,6,95000.0,12,1,570000.0
OLI-000964,OPP-000591,TEMPO-ENT,4,28000.0,12,1,112000.0
OLI-000965,OPP-000591,ENT-STACK,6,95000.0,12,1,570000.0
OLI-000966,OPP-000592,ONCALL,8,12000.0,12,1,96000.0
OLI-000967,OPP-000592,TEMPO-ENT,11,28000.0,12,1,308000.0
OLI-000968,OPP-000593,GC-TRACES,5,16000.0,24,1,80000.0
OLI-000969,OPP-000594,ONCALL,8,12000.0,24,1,96000.0
OLI-000970,OPP-000594,TEMPO-ENT,11,28000.0,24,1,308000.0
OLI-000971,OPP-000594,GC-TRACES,5,16000.0,24,1,80000.0
OLI-000972,OPP-000595,GC-LOGS,10,22000.0,12,1,220000.0
OLI-000973,OPP-000596,GC-METRICS,3,18000.0,12,1,54000.0
OLI-000974,OPP-000596,ONCALL,5,12000.0,12,1,60000.0
OLI-000975,OPP-000596,SLO,1,14000.0,12,1,14000.0
OLI-000976,OPP-000596,PS-MIGR,1,18000.0,12,0,18000.0
OLI-000977,OPP-000597,GC-METRICS,7,18000.0,12,1,126000.0
OLI-000978,OPP-000598,ONCALL,9,12000.0,24,1,108000.0
OLI-000979,OPP-000598,PS-IMPL,1,25000.0,24,0,25000.0
OLI-000980,OPP-000599,ONCALL,9,12000.0,12,1,108000.0
OLI-000981,OPP-000600,GC-LOGS,12,22000.0,12,1,264000.0
OLI-000982,OPP-000601,ONCALL,9,12000.0,12,1,108000.0
OLI-000983,OPP-000601,GC-LOGS,12,22000.0,12,1,264000.0
OLI-000984,OPP-000602,ONCALL,9,12000.0,24,1,108000.0
OLI-000985,OPP-000602,GC-LOGS,7,22000.0,24,1,154000.0
OLI-000986,OPP-000602,LOKI-ENT,9,30000.0,24,1,270000.0
OLI-000987,OPP-000603,ONCALL,9,12000.0,36,1,108000.0
OLI-000988,OPP-000603,GC-LOGS,7,22000.0,36,1,154000.0
OLI-000989,OPP-000603,LOKI-ENT,9,30000.0,36,1,270000.0
OLI-000990,OPP-000604,ONCALL,9,12000.0,36,1,108000.0
OLI-000991,OPP-000604,GC-LOGS,7,22000.0,36,1,154000.0
OLI-000992,OPP-000604,LOKI-ENT,9,30000.0,36,1,270000.0
OLI-000993,OPP-000605,GC-METRICS,10,18000.0,12,1,180000.0
OLI-000994,OPP-000605,PS-TRAIN,1,8000.0,12,0,8000.0
OLI-000995,OPP-000606,GC-METRICS,2,18000.0,24,1,36000.0
OLI-000996,OPP-000607,GC-METRICS,12,18000.0,12,1,216000.0
OLI-000997,OPP-000608,PROM-MGD,6,15000.0,12,1,90000.0
OLI-000998,OPP-000609,PROM-MGD,-5,15000.0,24,1,-75000.0
OLI-000999,OPP-000610,GC-TRACES,5,16000.0,24,1,80000.0
OLI-001000,OPP-000610,PS-MIGR,1,18000.0,24,0,18000.0
OLI-001001,OPP-000611,GC-TRACES,5,16000.0,12,1,80000.0
OLI-001002,OPP-000612,GC-TRACES,5,16000.0,12,1,80000.0
OLI-001003,OPP-000613,GC-TRACES,5,16000.0,36,1,80000.0
OLI-001004,OPP-000613,PS-TRAIN,1,8000.0,36,0,8000.0
OLI-001005,OPP-000614,GC-TRACES,5,16000.0,12,1,80000.0
OLI-001006,OPP-000615,ENT-STACK,3,95000.0,12,1,285000.0
OLI-001007,OPP-000616,GC-TRACES,3,16000.0,12,1,48000.0
OLI-001008,OPP-000617,ENT-STACK,3,95000.0,24,1,285000.0
OLI-001009,OPP-000617,GC-TRACES,8,16000.0,24,1,128000.0
OLI-001010,OPP-000618,TEMPO-ENT,1,28000.0,12,1,28000.0
OLI-001011,OPP-000619,TEMPO-ENT,7,28000.0,36,1,196000.0
OLI-001012,OPP-000620,TEMPO-ENT,8,28000.0,12,1,224000.0
OLI-001013,OPP-000621,TEMPO-ENT,9,28000.0,24,1,252000.0
OLI-001014,OPP-000622,TEMPO-ENT,9,28000.0,12,1,252000.0
OLI-001015,OPP-000623,GC-TRACES,11,16000.0,12,1,176000.0
OLI-001016,OPP-000624,TEMPO-ENT,9,28000.0,12,1,252000.0
OLI-001017,OPP-000624,GC-TRACES,11,16000.0,12,1,176000.0
OLI-001018,OPP-000625,GC-LOGS,9,22000.0,12,1,198000.0
OLI-001019,OPP-000625,TEMPO-ENT,1,28000.0,12,1,28000.0
OLI-001020,OPP-000626,GC-LOGS,9,22000.0,12,1,198000.0
OLI-001021,OPP-000626,TEMPO-ENT,1,28000.0,12,1,28000.0
OLI-001022,OPP-000627,GC-LOGS,9,22000.0,12,1,198000.0
OLI-001023,OPP-000627,TEMPO-ENT,1,28000.0,12,1,28000.0
OLI-001024,OPP-000628,GC-METRICS,10,18000.0,12,1,180000.0
OLI-001025,OPP-000628,LOKI-ENT,11,30000.0,12,1,330000.0
OLI-001026,OPP-000628,PS-IMPL,1,25000.0,12,0,25000.0
OLI-001027,OPP-000629,GC-METRICS,10,18000.0,12,1,180000.0
OLI-001028,OPP-000629,LOKI-ENT,11,30000.0,12,1,330000.0
OLI-001029,OPP-000630,LOKI-ENT,-5,30000.0,12,1,-150000.0
OLI-001030,OPP-000631,GC-METRICS,10,18000.0,12,1,180000.0
OLI-001031,OPP-000631,LOKI-ENT,6,30000.0,12,1,180000.0
OLI-001032,OPP-000632,TEMPO-ENT,1,28000.0,12,1,28000.0
OLI-001033,OPP-000632,PS-TRAIN,1,8000.0,12,0,8000.0
OLI-001034,OPP-000633,GC-LOGS,9,22000.0,12,1,198000.0
OLI-001035,OPP-000634,TEMPO-ENT,1,28000.0,12,1,28000.0
OLI-001036,OPP-000634,GC-LOGS,9,22000.0,12,1,198000.0
OLI-001037,OPP-000635,TEMPO-ENT,1,28000.0,12,1,28000.0
OLI-001038,OPP-000635,GC-LOGS,9,22000.0,12,1,198000.0
OLI-001039,OPP-000636,GC-TRACES,1,16000.0,12,1,16000.0
OLI-001040,OPP-000636,SLO,8,14000.0,12,1,112000.0
OLI-001041,OPP-000636,PS-MIGR,1,18000.0,12,0,18000.0
OLI-001042,OPP-000637,GC-METRICS,9,18000.0,36,1,162000.0
OLI-001043,OPP-000638,GC-TRACES,1,16000.0,24,1,16000.0
OLI-001044,OPP-000638,SLO,8,14000.0,24,1,112000.0
OLI-001045,OPP-000638,GC-METRICS,9,18000.0,24,1,162000.0
OLI-001046,OPP-000639,GC-TRACES,1,16000.0,12,1,16000.0
OLI-001047,OPP-000639,SLO,8,14000.0,12,1,112000.0
OLI-001048,OPP-000639,GC-METRICS,9,18000.0,12,1,162000.0
OLI-001049,OPP-000640,TEMPO-ENT,11,28000.0,36,1,308000.0
OLI-001050,OPP-000640,ENT-STACK,5,95000.0,36,1,475000.0
OLI-001051,OPP-000640,PS-MIGR,1,18000.0,36,0,18000.0
OLI-001052,OPP-000641,TEMPO-ENT,11,28000.0,12,1,308000.0
OLI-001053,OPP-000641,ENT-STACK,5,95000.0,12,1,475000.0
OLI-001054,OPP-000642,TEMPO-ENT,5,28000.0,24,1,140000.0
OLI-001055,OPP-000643,LOKI-ENT,2,30000.0,12,1,60000.0
OLI-001056,OPP-000644,ENT-STACK,5,95000.0,12,1,475000.0
OLI-001057,OPP-000644,TEMPO-ENT,16,28000.0,12,1,448000.0
OLI-001058,OPP-000644,LOKI-ENT,2,30000.0,12,1,60000.0
OLI-001059,OPP-000645,ONCALL,2,12000.0,36,1,24000.0
OLI-001060,OPP-000646,ONCALL,4,12000.0,24,1,48000.0
OLI-001061,OPP-000647,ONCALL,4,12000.0,36,1,48000.0
OLI-001062,OPP-000648,ONCALL,-1,12000.0,12,1,-12000.0
OLI-001063,OPP-000649,ONCALL,9,12000.0,12,1,108000.0
OLI-001064,OPP-000650,PROM-MGD,3,15000.0,12,1,45000.0
OLI-001065,OPP-000650,SLO,10,14000.0,12,1,140000.0
OLI-001066,OPP-000650,GC-TRACES,2,16000.0,12,1,32000.0
OLI-001067,OPP-000651,PROM-MGD,3,15000.0,24,1,45000.0
OLI-001068,OPP-000651,SLO,10,14000.0,24,1,140000.0
OLI-001069,OPP-000651,GC-TRACES,2,16000.0,24,1,32000.0
OLI-001070,OPP-000652,SLO,2,14000.0,24,1,28000.0
OLI-001071,OPP-000653,GC-LOGS,2,22000.0,12,1,44000.0
OLI-001072,OPP-000653,TEMPO-ENT,2,28000.0,12,1,56000.0
OLI-001073,OPP-000653,PS-TRAIN,1,8000.0,12,0,8000.0
OLI-001074,OPP-000654,GC-LOGS,2,22000.0,12,1,44000.0
OLI-001075,OPP-000654,TEMPO-ENT,2,28000.0,12,1,56000.0
OLI-001076,OPP-000655,TEMPO-ENT,3,28000.0,36,1,84000.0
OLI-001077,OPP-000656,GC-LOGS,2,22000.0,12,1,44000.0
OLI-001078,OPP-000656,TEMPO-ENT,5,28000.0,12,1,140000.0
OLI-001079,OPP-000657,ONCALL,3,12000.0,36,1,36000.0
OLI-001080,OPP-000657,SLO,4,14000.0,36,1,56000.0
OLI-001081,OPP-000657,TEMPO-ENT,3,28000.0,36,1,84000.0
OLI-001082,OPP-000658,ONCALL,3,12000.0,36,1,36000.0
OLI-001083,OPP-000658,SLO,4,14000.0,36,1,56000.0
OLI-001084,OPP-000658,TEMPO-ENT,3,28000.0,36,1,84000.0
OLI-001085,OPP-000659,ONCALL,3,12000.0,12,1,36000.0
OLI-001086,OPP-000659,SLO,4,14000.0,12,1,56000.0
OLI-001087,OPP-000659,TEMPO-ENT,3,28000.0,12,1,84000.0
OLI-001088,OPP-000660,GC-METRICS,9,18000.0,12,1,162000.0
OLI-001089,OPP-000660,PS-IMPL,1,25000.0,12,0,25000.0
OLI-001090,OPP-000661,GC-METRICS,9,18000.0,24,1,162000.0
OLI-001091,OPP-000662,GC-METRICS,-3,18000.0,12,1,-54000.0
OLI-001092,OPP-000663,TEMPO-ENT,5,28000.0,12,1,140000.0
OLI-001093,OPP-000663,PS-TRAIN,1,8000.0,12,0,8000.0
OLI-001094,OPP-000664,TEMPO-ENT,5,28000.0,36,1,140000.0
OLI-001095,OPP-000665,TEMPO-ENT,5,28000.0,24,1,140000.0
OLI-001096,OPP-000666,TEMPO-ENT,4,28000.0,12,1,112000.0
OLI-001097,OPP-000666,ONCALL,12,12000.0,12,1,144000.0
OLI-001098,OPP-000667,ONCALL,4,12000.0,12,1,48000.0
OLI-001099,OPP-000668,GC-LOGS,8,22000.0,12,1,176000.0
OLI-001100,OPP-000668,LOKI-ENT,3,30000.0,12,1,90000.0
OLI-001101,OPP-000668,GC-TRACES,7,16000.0,12,1,112000.0
OLI-001102,OPP-000668,PS-TRAIN,1,8000.0,12,0,8000.0
OLI-001103,OPP-000669,ONCALL,3,12000.0,24,1,36000.0
OLI-001104,OPP-000670,LOKI-ENT,3,30000.0,36,1,90000.0
OLI-001105,OPP-000671,LOKI-ENT,8,30000.0,12,1,240000.0
OLI-001106,OPP-000672,GC-LOGS,8,22000.0,24,1,176000.0
OLI-001107,OPP-000672,GC-TRACES,7,16000.0,24,1,112000.0
OLI-001108,OPP-000672,ONCALL,3,12000.0,24,1,36000.0
OLI-001109,OPP-000672,LOKI-ENT,14,30000.0,24,1,420000.0
OLI-001110,OPP-000673,GC-LOGS,8,22000.0,12,1,176000.0
OLI-001111,OPP-000673,GC-TRACES,7,16000.0,12,1,112000.0
OLI-001112,OPP-000673,ONCALL,3,12000.0,12,1,36000.0
OLI-001113,OPP-000673,LOKI-ENT,14,30000.0,12,1,420000.0
OLI-001114,OPP-000674,ONCALL,10,12000.0,12,1,120000.0
OLI-001115,OPP-000674,PS-MIGR,1,18000.0,12,0,18000.0
OLI-001116,OPP-000675,ONCALL,7,12000.0,36,1,84000.0
OLI-001117,OPP-000676,LOKI-ENT,9,30000.0,12,1,270000.0
OLI-001118,OPP-000676,PROM-MGD,1,15000.0,12,1,15000.0
OLI-001119,OPP-000677,SLO,5,14000.0,24,1,70000.0
OLI-001120,OPP-000678,GC-METRICS,8,18000.0,36,1,144000.0
OLI-001121,OPP-000678,SLO,3,14000.0,36,1,42000.0
OLI-001122,OPP-000679,GC-TRACES,12,16000.0,12,1,192000.0
OLI-001123,OPP-000680,LOKI-ENT,9,30000.0,12,1,270000.0
OLI-001124,OPP-000681,TEMPO-ENT,10,28000.0,12,1,280000.0
OLI-001125,OPP-000682,GC-TRACES,9,16000.0,36,1,144000.0
OLI-001126,OPP-000683,ENT-STACK,5,95000.0,24,1,475000.0
OLI-001127,OPP-000684,ONCALL,8,12000.0,24,1,96000.0
OLI-001128,OPP-000685,GC-METRICS,4,18000.0,12,1,72000.0
OLI-001129,OPP-000686,LOKI-ENT,8,30000.0,12,1,240000.0
OLI-001130,OPP-000686,PS-IMPL,1,25000.0,12,0,25000.0
OLI-001131,OPP-000687,ENT-STACK,12,95000.0,12,1,1140000.0
OLI-001132,OPP-000688,LOKI-ENT,9,30000.0,36,1,270000.0
OLI-001133,OPP-000689,ENT-STACK,11,95000.0,12,1,1045000.0
OLI-001134,OPP-000689,PS-MIGR,1,18000.0,12,0,18000.0
OLI-001135,OPP-000690,GC-LOGS,12,22000.0,12,1,264000.0
OLI-001136,OPP-000691,GC-LOGS,6,22000.0,12,1,132000.0
OLI-001137,OPP-000691,PS-TRAIN,1,8000.0,12,0,8000.0
OLI-001138,OPP-000692,LOKI-ENT,2,30000.0,12,1,60000.0
OLI-001139,OPP-000693,ENT-STACK,9,95000.0,12,1,855000.0
OLI-001140,OPP-000694,GC-LOGS,7,22000.0,12,1,154000.0
OLI-001141,OPP-000695,GC-LOGS,6,22000.0,12,1,132000.0
OLI-001142,OPP-000695,PS-MIGR,1,18000.0,12,0,18000.0
OLI-001143,OPP-000696,PROM-MGD,9,15000.0,24,1,135000.0
OLI-001144,OPP-000697,PROM-MGD,12,15000.0,36,1,180000.0
OLI-001145,OPP-000697,PS-MIGR,1,18000.0,36,0,18000.0
OLI-001146,OPP-000698,GC-METRICS,1,18000.0,12,1,18000.0
OLI-001147,OPP-000699,ONCALL,12,12000.0,12,1,144000.0
OLI-001148,OPP-000700,GC-LOGS,8,22000.0,36,1,176000.0
OLI-001149,OPP-000701,GC-TRACES,9,16000.0,12,1,144000.0
OLI-001150,OPP-000702,ONCALL,3,12000.0,12,1,36000.0
OLI-001151,OPP-000702,PS-TRAIN,1,8000.0,12,0,8000.0
OLI-001152,OPP-000703,GC-METRICS,1,18000.0,24,1,18000.0
OLI-001153,OPP-000704,TEMPO-ENT,2,28000.0,12,1,56000.0
OLI-001154,OPP-000704,PS-TRAIN,1,8000.0,12,0,8000.0
OLI-001155,OPP-000705,GC-METRICS,5,18000.0,12,1,90000.0
OLI-001156,OPP-000706,GC-TRACES,2,16000.0,36,1,32000.0
OLI-001157,OPP-000707,GC-TRACES,12,16000.0,12,1,192000.0
OLI-001158,OPP-000707,PS-IMPL,1,25000.0,12,0,25000.0
OLI-001159,OPP-000708,ENT-STACK,2,95000.0,24,1,190000.0
OLI-001160,OPP-000708,PS-MIGR,1,18000.0,24,0,18000.0
OLI-001161,OPP-000709,PROM-MGD,11,15000.0,36,1,165000.0
OLI-001162,OPP-000710,GC-METRICS,11,18000.0,24,1,198000.0
OLI-001163,OPP-000711,ONCALL,4,12000.0,12,1,48000.0
OLI-001164,OPP-000712,GC-TRACES,4,16000.0,12,1,64000.0
OLI-001165,OPP-000713,ONCALL,10,12000.0,12,1,120000.0
OLI-001166,OPP-000713,PS-TRAIN,1,8000.0,12,0,8000.0
OLI-001167,OPP-000714,GC-METRICS,4,18000.0,12,1,72000.0
OLI-001168,OPP-000715,GC-METRICS,11,18000.0,12,1,198000.0
OLI-001169,OPP-000715,PS-IMPL,1,25000.0,12,0,25000.0
OLI-001170,OPP-000716,GC-LOGS,3,22000.0,24,1,66000.0
OLI-001171,OPP-000717,LOKI-ENT,11,30000.0,24,1,330000.0
OLI-001172,OPP-000717,PS-TRAIN,1,8000.0,24,0,8000.0
OLI-001173,OPP-000718,GC-TRACES,1,16000.0,12,1,16000.0
OLI-001174,OPP-000719,PROM-MGD,5,15000.0,24,1,75000.0
OLI-001175,OPP-000719,PS-TRAIN,1,8000.0,24,0,8000.0
OLI-001176,OPP-000720,GC-TRACES,11,16000.0,12,1,176000.0
OLI-001177,OPP-000720,PS-IMPL,1,25000.0,12,0,25000.0
OLI-001178,OPP-000721,LOKI-ENT,8,30000.0,24,1,240000.0
OLI-001179,OPP-000722,GC-TRACES,12,16000.0,12,1,192000.0
OLI-001180,OPP-000723,PROM-MGD,10,15000.0,12,1,150000.0
OLI-001181,OPP-000724,ENT-STACK,3,95000.0,36,1,285000.0
OLI-001182,OPP-000725,TEMPO-ENT,1,28000.0,36,1,28000.0
OLI-001183,OPP-000726,LOKI-ENT,11,30000.0,12,1,330000.0
OLI-001184,OPP-000727,TEMPO-ENT,1,28000.0,12,1,28000.0
OLI-001185,OPP-000728,GC-METRICS,12,18000.0,36,1,216000.0
OLI-001186,OPP-000728,PS-MIGR,1,18000.0,36,0,18000.0
OLI-001187,OPP-000729,ENT-STACK,12,95000.0,24,1,1140000.0
OLI-001188,OPP-000729,PS-MIGR,1,18000.0,24,0,18000.0
OLI-001189,OPP-000730,TEMPO-ENT,2,28000.0,12,1,56000.0
OLI-001190,OPP-000730,PS-IMPL,1,25000.0,12,0,25000.0
OLI-001191,OPP-000731,PROM-MGD,6,15000.0,12,1,90000.0
OLI-001192,OPP-000732,GC-METRICS,8,18000.0,12,1,144000.0
OLI-001193,OPP-000733,PROM-MGD,9,15000.0,12,1,135000.0
OLI-001194,OPP-000734,SLO,9,14000.0,12,1,126000.0
OLI-001195,OPP-000735,GC-LOGS,3,22000.0,12,1,66000.0
OLI-001196,OPP-000735,PS-IMPL,1,25000.0,12,0,25000.0
OLI-001197,OPP-000736,GC-METRICS,11,18000.0,24,1,198000.0
OLI-001198,OPP-000737,ONCALL,3,12000.0,12,1,36000.0
OLI-001199,OPP-000738,GC-METRICS,9,18000.0,12,1,162000.0
OLI-001200,OPP-000738,PS-TRAIN,1,8000.0,12,0,8000.0
OLI-001201,OPP-000739,LOKI-ENT,12,30000.0,24,1,360000.0
OLI-001202,OPP-000740,ONCALL,3,12000.0,24,1,36000.0
OLI-001203,OPP-000741,ONCALL,5,12000.0,12,1,60000.0
OLI-001204,OPP-000742,LOKI-ENT,12,30000.0,12,1,360000.0
OLI-001205,OPP-000743,ENT-STACK,3,95000.0,12,1,285000.0
OLI-001206,OPP-000744,ENT-STACK,9,95000.0,12,1,855000.0
OLI-001207,OPP-000744,PS-MIGR,1,18000.0,12,0,18000.0
OLI-001208,OPP-000745,ONCALL,8,12000.0,12,1,96000.0
OLI-001209,OPP-000746,SLO,2,14000.0,36,1,28000.0
OLI-001210,OPP-000747,GC-METRICS,1,18000.0,12,1,18000.0
OLI-001211,OPP-000748,PROM-MGD,2,15000.0,12,1,30000.0
OLI-001212,OPP-000749,GC-METRICS,12,18000.0,36,1,216000.0
OLI-001213,OPP-000749,PS-TRAIN,1,8000.0,36,0,8000.0
OLI-001214,OPP-000750,PROM-MGD,9,15000.0,12,1,135000.0
OLI-001215,OPP-000751,GC-LOGS,5,22000.0,12,1,110000.0
OLI-001216,OPP-000752,GC-METRICS,1,18000.0,24,1,18000.0
OLI-001217,OPP-000753,PROM-MGD,6,15000.0,12,1,90000.0
OLI-001218,OPP-000754,GC-LOGS,5,22000.0,24,1,110000.0
OLI-001219,OPP-000755,ONCALL,12,12000.0,36,1,144000.0
OLI-001220,OPP-000755,PS-MIGR,1,18000.0,36,0,18000.0
OLI-001221,OPP-000756,ENT-STACK,8,95000.0,36,1,760000.0
OLI-001222,OPP-000757,GC-LOGS,2,22000.0,12,1,44000.0
OLI-001223,OPP-000757,PS-IMPL,1,25000.0,12,0,25000.0
OLI-001224,OPP-000758,GC-TRACES,11,16000.0,12,1,176000.0
OLI-001225,OPP-000758,PS-TRAIN,1,8000.0,12,0,8000.0
OLI-001226,OPP-000759,PROM-MGD,7,15000.0,36,1,105000.0
OLI-001227,OPP-000759,PS-IMPL,1,25000.0,36,0,25000.0
OLI-001228,OPP-000760,ENT-STACK,10,95000.0,12,1,950000.0
OLI-001229,OPP-000761,ONCALL,12,12000.0,12,1,144000.0
OLI-001230,OPP-000761,PS-MIGR,1,18000.0,12,0,18000.0
OLI-001231,OPP-000762,GC-METRICS,7,18000.0,24,1,126000.0
OLI-001232,OPP-000762,PS-MIGR,1,18000.0,24,0,18000.0
