contract_id,account_id,contract_number,start_date,end_date,term_months,contract_status,currency_code,external_order_ref,total_contract_value
CTR-00001,ACC-0001,C-00001,2023-05-01,2025-04-30,24,Expired,EUR,ORDREF-00001,464000.0
CTR-00002,ACC-0001,C-00002,2023-11-01,2025-10-31,24,Expired,EUR,ORDREF-00002,48000.0
CTR-00003,ACC-0001,C-00003,2024-05-01,2026-04-30,24,Active,EUR,ORDREF-00003,512000.0
CTR-00004,ACC-0001,C-00004,2025-05-01,2027-04-30,24,Active,EUR,ORDREF-00004,512000.0
CTR-00005,ACC-0002,C-00005,2023-06-01,2025-05-31,24,Expired,USD,ORDREF-00005,2082000.0
CTR-00006,ACC-0002,C-00006,2023-12-01,2024-11-30,12,Expired,USD,ORDREF-00006,95000.0
CTR-00007,ACC-0002,C-00007,2024-06-01,2025-05-31,12,Expired,USD,ORDREF-00007,942000.0
CTR-00008,ACC-0002,C-00008,2024-08-01,2025-07-31,12,Expired,USD,ORDREF-00008,32000.0
CTR-00009,ACC-0002,C-00009,2025-05-01,2027-04-30,24,Active,USD,ORDREF-00009,224000.0
CTR-00010,ACC-0002,C-00010,2025-06-01,2026-05-31,12,Active,USD,ORDREF-00010,1086000.0
CTR-00011,ACC-0003,C-00011,2024-10-01,2027-09-30,36,Active,USD,ORDREF-00011,3135000.0
CTR-00012,ACC-0003,C-00012,2025-01-01,2025-12-31,12,Active,USD,ORDREF-00012,252000.0
CTR-00013,ACC-0003,C-00013,2025-03-01,2026-02-28,12,Active,USD,ORDREF-00013,84000.0
CTR-00014,ACC-0003,C-00014,2025-09-01,2026-08-31,12,Active,USD,ORDREF-00014,285000.0
CTR-00015,ACC-0003,C-00015,2025-10-01,2028-09-30,36,Active,USD,ORDREF-00015,4998000.0
CTR-00016,ACC-0004,C-00016,2023-02-01,2024-01-31,12,Expired,EUR,ORDREF-00016,194000.0
CTR-00017,ACC-0004,C-00017,2024-02-01,2027-01-31,36,Active,EUR,ORDREF-00017,528000.0
CTR-00018,ACC-0004,C-00018,2025-02-01,2027-01-31,24,Active,EUR,ORDREF-00018,352000.0
CTR-00019,ACC-0005,C-00019,2024-01-01,2024-12-31,12,Expired,USD,ORDREF-00019,323000.0
CTR-00020,ACC-0005,C-00020,2025-01-01,2026-12-31,24,Active,USD,ORDREF-00020,596000.0
CTR-00021,ACC-0005,C-00021,2025-02-01,2028-01-31,36,Active,USD,ORDREF-00021,72000.0
CTR-00022,ACC-0006,C-00022,2023-04-01,2024-03-31,12,Expired,USD,ORDREF-00022,52000.0
CTR-00023,ACC-0006,C-00023,2024-04-01,2026-03-31,24,Active,USD,ORDREF-00023,88000.0
CTR-00024,ACC-0006,C-00024,2024-05-01,2025-04-30,12,Expired,USD,ORDREF-00024,22000.0
CTR-00025,ACC-0006,C-00025,2025-04-01,2027-03-31,24,Active,USD,ORDREF-00025,44000.0
CTR-00026,ACC-0006,C-00026,2025-06-01,2026-05-31,12,Active,USD,ORDREF-00026,22000.0
CTR-00027,ACC-0006,C-00027,2025-11-01,2027-10-31,24,Active,USD,ORDREF-00027,44000.0
CTR-00028,ACC-0007,C-00028,2025-05-01,2026-04-30,12,Active,USD,ORDREF-00028,226000.0
CTR-00029,ACC-0007,C-00029,2025-11-01,2026-10-31,12,Active,USD,ORDREF-00029,950000.0
CTR-00030,ACC-0008,C-00030,2023-04-01,2025-03-31,24,Expired,EUR,ORDREF-00030,504000.0
CTR-00031,ACC-0008,C-00031,2024-04-01,2026-03-31,24,Active,EUR,ORDREF-00031,504000.0
CTR-00032,ACC-0008,C-00032,2024-11-01,2027-10-31,36,Active,EUR,ORDREF-00032,504000.0
CTR-00033,ACC-0009,C-00033,2024-12-01,2025-11-30,12,Expired,USD,ORDREF-00033,1305000.0
CTR-00034,ACC-0009,C-00034,2025-12-01,2026-11-30,12,Active,USD,ORDREF-00034,1280000.0
CTR-00035,ACC-0010,C-00035,2023-09-01,2026-08-31,36,Active,EUR,ORDREF-00035,540000.0
CTR-00036,ACC-0010,C-00036,2024-09-01,2025-08-31,12,Expired,EUR,ORDREF-00036,180000.0
CTR-00037,ACC-0010,C-00037,2025-09-01,2026-08-31,12,Active,EUR,ORDREF-00037,180000.0
CTR-00038,ACC-0011,C-00038,2024-02-01,2025-01-31,12,Expired,USD,ORDREF-00038,210000.0
CTR-00039,ACC-0011,C-00039,2024-09-01,2027-08-31,36,Active,USD,ORDREF-00039,252000.0
CTR-00040,ACC-0011,C-00040,2025-02-01,2026-01-31,12,Active,USD,ORDREF-00040,294000.0
CTR-00041,ACC-0011,C-00041,2025-10-01,2026-09-30,12,Active,USD,ORDREF-00041,56000.0
CTR-00042,ACC-0012,C-00042,2023-10-01,2024-09-30,12,Expired,USD,ORDREF-00042,1548000.0
CTR-00043,ACC-0012,C-00043,2024-04-01,2026-03-31,24,Active,USD,ORDREF-00043,132000.0
CTR-00044,ACC-0012,C-00044,2024-10-01,2025-09-30,12,Expired,USD,ORDREF-00044,1606000.0
CTR-00045,ACC-0012,C-00045,2025-10-01,2026-09-30,12,Active,USD,ORDREF-00045,1606000.0
CTR-00046,ACC-0013,C-00046,2025-03-01,2028-02-29,36,Active,USD,ORDREF-00046,3445000.0
CTR-00047,ACC-0014,C-00047,2025-05-01,2028-04-30,36,Active,USD,ORDREF-00047,98000.0
CTR-00048,ACC-0014,C-00048,2025-09-01,2026-08-31,12,Active,USD,ORDREF-00048,180000.0
CTR-00049,ACC-0015,C-00049,2025-06-01,2026-05-31,12,Active,USD,ORDREF-00049,216000.0
CTR-00050,ACC-0015,C-00050,2025-10-01,2028-09-30,36,Active,USD,ORDREF-00050,180000.0
CTR-00051,ACC-0016,C-00051,2025-05-01,2026-04-30,12,Active,USD,ORDREF-00051,169000.0
CTR-00052,ACC-0017,C-00052,2023-10-01,2026-09-30,36,Active,USD,ORDREF-00052,1626000.0
CTR-00053,ACC-0017,C-00053,2024-10-01,2025-09-30,12,Expired,USD,ORDREF-00053,542000.0
CTR-00054,ACC-0017,C-00054,2025-10-01,2026-09-30,12,Active,USD,ORDREF-00054,542000.0
CTR-00055,ACC-0018,C-00055,2023-08-01,2025-07-31,24,Expired,USD,ORDREF-00055,944000.0
CTR-00056,ACC-0018,C-00056,2023-12-01,2026-11-30,36,Active,USD,ORDREF-00056,210000.0
CTR-00057,ACC-0018,C-00057,2024-08-01,2025-07-31,12,Expired,USD,ORDREF-00057,542000.0
CTR-00058,ACC-0018,C-00058,2025-01-01,2025-12-31,12,Active,USD,ORDREF-00058,48000.0
CTR-00059,ACC-0018,C-00059,2025-08-01,2026-07-31,12,Active,USD,ORDREF-00059,590000.0
CTR-00060,ACC-0019,C-00060,2025-06-01,2027-05-31,24,Active,USD,ORDREF-00060,2560000.0
CTR-00061,ACC-0019,C-00061,2025-11-01,2026-10-31,12,Active,USD,ORDREF-00061,90000.0
CTR-00062,ACC-0020,C-00062,2024-03-01,2025-02-28,12,Expired,USD,ORDREF-00062,246000.0
CTR-00063,ACC-0020,C-00063,2025-03-01,2026-02-28,12,Active,USD,ORDREF-00063,246000.0
CTR-00064,ACC-0020,C-00064,2025-12-01,2026-11-30,12,Active,USD,ORDREF-00064,28000.0
CTR-00065,ACC-0021,C-00065,2024-11-01,2025-10-31,12,Expired,USD,ORDREF-00065,184000.0
CTR-00066,ACC-0021,C-00066,2025-08-01,2026-07-31,12,Active,USD,ORDREF-00066,108000.0
CTR-00067,ACC-0021,C-00067,2025-11-01,2027-10-31,24,Active,USD,ORDREF-00067,534000.0
CTR-00068,ACC-0022,C-00068,2025-01-01,2025-12-31,12,Active,USD,ORDREF-00068,235000.0
CTR-00069,ACC-0022,C-00069,2025-04-01,2026-03-31,12,Active,USD,ORDREF-00069,60000.0
CTR-00070,ACC-0022,C-00070,2025-10-01,2026-09-30,12,Active,USD,ORDREF-00070,280000.0
CTR-00071,ACC-0023,C-00071,2023-02-01,2025-01-31,24,Expired,USD,ORDREF-00071,760000.0
CTR-00072,ACC-0023,C-00072,2024-02-01,2027-01-31,36,Active,USD,ORDREF-00072,1140000.0
CTR-00073,ACC-0023,C-00073,2024-07-01,2025-06-30,12,Expired,USD,ORDREF-00073,162000.0
CTR-00074,ACC-0023,C-00074,2025-01-01,2026-12-31,24,Active,USD,ORDREF-00074,448000.0
CTR-00075,ACC-0023,C-00075,2025-01-01,2026-12-31,24,Active,USD,ORDREF-00075,336000.0
CTR-00076,ACC-0023,C-00076,2025-02-01,2026-01-31,12,Active,USD,ORDREF-00076,934000.0
CTR-00077,ACC-0024,C-00077,2024-04-01,2025-03-31,12,Expired,USD,ORDREF-00077,150000.0
CTR-00078,ACC-0024,C-00078,2025-04-01,2026-03-31,12,Active,USD,ORDREF-00078,150000.0
CTR-00079,ACC-0025,C-00079,2025-06-01,2027-05-31,24,Active,USD,ORDREF-00079,348000.0
CTR-00080,ACC-0026,C-00080,2024-12-01,2027-11-30,36,Active,USD,ORDREF-00080,565000.0
CTR-00081,ACC-0026,C-00081,2025-12-01,2027-11-30,24,Active,USD,ORDREF-00081,360000.0
CTR-00082,ACC-0027,C-00082,2024-11-01,2025-10-31,12,Expired,USD,ORDREF-00082,278000.0
CTR-00083,ACC-0027,C-00083,2025-06-01,2027-05-31,24,Active,USD,ORDREF-00083,120000.0
CTR-00084,ACC-0027,C-00084,2025-11-01,2026-10-31,12,Active,USD,ORDREF-00084,330000.0
CTR-00085,ACC-0028,C-00085,2023-02-01,2026-01-31,36,Active,USD,ORDREF-00085,3984000.0
CTR-00086,ACC-0028,C-00086,2024-02-01,2027-01-31,36,Active,USD,ORDREF-00086,3984000.0
CTR-00087,ACC-0028,C-00087,2025-02-01,2027-01-31,24,Active,USD,ORDREF-00087,2656000.0
CTR-00088,ACC-0028,C-00088,2025-05-01,2026-04-30,12,Active,USD,ORDREF-00088,90000.0
CTR-00089,ACC-0029,C-00089,2025-06-01,2028-05-31,36,Active,GBP,ORDREF-00089,3279000.0
CTR-00090,ACC-0030,C-00090,2023-01-01,2023-12-31,12,Expired,USD,ORDREF-00090,478000.0
CTR-00091,ACC-0030,C-00091,2023-04-01,2024-03-31,12,Expired,USD,ORDREF-00091,144000.0
CTR-00092,ACC-0030,C-00092,2024-01-01,2024-12-31,12,Expired,USD,ORDREF-00092,622000.0
CTR-00093,ACC-0030,C-00093,2025-01-01,2026-12-31,24,Active,USD,ORDREF-00093,1244000.0
CTR-00094,ACC-0031,C-00094,2024-05-01,2025-04-30,12,Expired,USD,ORDREF-00094,475000.0
CTR-00095,ACC-0031,C-00095,2025-05-01,2027-04-30,24,Active,USD,ORDREF-00095,950000.0
CTR-00096,ACC-0032,C-00096,2023-08-01,2024-07-31,12,Expired,EUR,ORDREF-00096,174000.0
CTR-00097,ACC-0032,C-00097,2024-08-01,2026-07-31,24,Active,EUR,ORDREF-00097,312000.0
CTR-00098,ACC-0032,C-00098,2025-08-01,2028-07-31,36,Active,EUR,ORDREF-00098,468000.0
CTR-00099,ACC-0033,C-00099,2024-04-01,2025-03-31,12,Expired,USD,ORDREF-00099,165000.0
CTR-00100,ACC-0033,C-00100,2025-04-01,2026-03-31,12,Active,USD,ORDREF-00100,165000.0
CTR-00101,ACC-0034,C-00101,2023-05-01,2025-04-30,24,Expired,USD,ORDREF-00101,1898000.0
CTR-00102,ACC-0034,C-00102,2023-12-01,2024-11-30,12,Expired,USD,ORDREF-00102,36000.0
CTR-00103,ACC-0034,C-00103,2024-05-01,2025-04-30,12,Expired,USD,ORDREF-00103,985000.0
CTR-00104,ACC-0034,C-00104,2025-05-01,2028-04-30,36,Active,USD,ORDREF-00104,2955000.0
CTR-00105,ACC-0034,C-00105,2025-06-01,2026-05-31,12,Active,USD,ORDREF-00105,224000.0
CTR-00106,ACC-0035,C-00106,2024-06-01,2026-05-31,24,Active,EUR,ORDREF-00106,48000.0
CTR-00107,ACC-0035,C-00107,2024-11-01,2026-10-31,24,Active,EUR,ORDREF-00107,144000.0
CTR-00108,ACC-0035,C-00108,2025-06-01,2026-05-31,12,Active,EUR,ORDREF-00108,96000.0
CTR-00109,ACC-0035,C-00109,2025-09-01,2026-08-31,12,Active,EUR,ORDREF-00109,44000.0
CTR-00110,ACC-0036,C-00110,2024-06-01,2027-05-31,36,Active,GBP,ORDREF-00110,414000.0
CTR-00111,ACC-0036,C-00111,2024-09-01,2027-08-31,36,Active,GBP,ORDREF-00111,135000.0
CTR-00112,ACC-0036,C-00112,2025-06-01,2026-05-31,12,Active,GBP,ORDREF-00112,183000.0
CTR-00113,ACC-0036,C-00113,2025-09-01,2026-08-31,12,Active,GBP,ORDREF-00113,66000.0
CTR-00114,ACC-0037,C-00114,2023-10-01,2025-09-30,24,Expired,USD,ORDREF-00114,608000.0
CTR-00115,ACC-0037,C-00115,2024-05-01,2025-04-30,12,Expired,USD,ORDREF-00115,96000.0
CTR-00116,ACC-0037,C-00116,2024-10-01,2027-09-30,36,Active,USD,ORDREF-00116,1200000.0
CTR-00117,ACC-0037,C-00117,2025-10-01,2028-09-30,36,Active,USD,ORDREF-00117,1200000.0
CTR-00118,ACC-0038,C-00118,2023-06-01,2025-05-31,24,Expired,USD,ORDREF-00118,1634000.0
CTR-00119,ACC-0038,C-00119,2024-06-01,2025-05-31,12,Expired,USD,ORDREF-00119,813000.0
CTR-00120,ACC-0038,C-00120,2025-06-01,2027-05-31,24,Active,USD,ORDREF-00120,1626000.0
CTR-00121,ACC-0039,C-00121,2025-03-01,2026-02-28,12,Active,EUR,ORDREF-00121,198000.0
CTR-00122,ACC-0039,C-00122,2025-06-01,2028-05-31,36,Active,EUR,ORDREF-00122,42000.0
CTR-00123,ACC-0039,C-00123,2025-10-01,2028-09-30,36,Active,EUR,ORDREF-00123,72000.0
CTR-00124,ACC-0040,C-00124,2023-12-01,2024-11-30,12,Expired,USD,ORDREF-00124,217000.0
CTR-00125,ACC-0040,C-00125,2024-12-01,2026-11-30,24,Active,USD,ORDREF-00125,384000.0
CTR-00126,ACC-0040,C-00126,2025-08-01,2026-07-31,12,Active,USD,ORDREF-00126,30000.0
CTR-00127,ACC-0040,C-00127,2025-09-01,2027-08-31,24,Active,USD,ORDREF-00127,72000.0
CTR-00128,ACC-0040,C-00128,2025-12-01,2026-11-30,12,Active,USD,ORDREF-00128,258000.0
CTR-00129,ACC-0041,C-00129,2024-05-01,2026-04-30,24,Active,USD,ORDREF-00129,240000.0
CTR-00130,ACC-0041,C-00130,2024-11-01,2025-10-31,12,Expired,USD,ORDREF-00130,60000.0
CTR-00131,ACC-0041,C-00131,2025-05-01,2026-04-30,12,Active,USD,ORDREF-00131,180000.0
CTR-00132,ACC-0042,C-00132,2025-07-01,2027-06-30,24,Active,GBP,ORDREF-00132,282000.0
CTR-00133,ACC-0042,C-00133,2025-10-01,2026-09-30,12,Active,GBP,ORDREF-00133,24000.0
CTR-00134,ACC-0042,C-00134,2025-11-01,2026-10-31,12,Active,GBP,ORDREF-00134,72000.0
CTR-00135,ACC-0043,C-00135,2023-09-01,2025-08-31,24,Expired,EUR,ORDREF-00135,728000.0
CTR-00136,ACC-0043,C-00136,2024-09-01,2027-08-31,36,Active,EUR,ORDREF-00136,1092000.0
CTR-00137,ACC-0043,C-00137,2025-09-01,2026-08-31,12,Active,EUR,ORDREF-00137,364000.0
CTR-00138,ACC-0043,C-00138,2025-09-01,2026-08-31,12,Active,EUR,ORDREF-00138,54000.0
CTR-00139,ACC-0044,C-00139,2024-05-01,2026-04-30,24,Active,USD,ORDREF-00139,465000.0
CTR-00140,ACC-0044,C-00140,2025-01-01,2026-12-31,24,Active,USD,ORDREF-00140,216000.0
CTR-00141,ACC-0044,C-00141,2025-05-01,2026-04-30,12,Active,USD,ORDREF-00141,328000.0
CTR-00142,ACC-0044,C-00142,2025-11-01,2027-10-31,24,Active,USD,ORDREF-00142,288000.0
CTR-00143,ACC-0045,C-00143,2023-03-01,2026-02-28,36,Active,USD,ORDREF-00143,475000.0
CTR-00144,ACC-0045,C-00144,2024-03-01,2027-02-28,36,Active,USD,ORDREF-00144,450000.0
CTR-00145,ACC-0045,C-00145,2024-12-01,2025-11-30,12,Expired,USD,ORDREF-00145,216000.0
CTR-00146,ACC-0045,C-00146,2025-03-01,2027-02-28,24,Active,USD,ORDREF-00146,732000.0
CTR-00147,ACC-0045,C-00147,2025-06-01,2026-05-31,12,Active,USD,ORDREF-00147,18000.0
CTR-00148,ACC-0046,C-00148,2025-04-01,2026-03-31,12,Active,EUR,ORDREF-00148,78000.0
CTR-00149,ACC-0046,C-00149,2025-08-01,2026-07-31,12,Active,EUR,ORDREF-00149,180000.0
CTR-00150,ACC-0046,C-00150,2025-11-01,2028-10-31,36,Active,EUR,ORDREF-00150,108000.0
CTR-00151,ACC-0047,C-00151,2023-10-01,2026-09-30,36,Active,USD,ORDREF-00151,3135000.0
CTR-00152,ACC-0047,C-00152,2024-05-01,2025-04-30,12,Expired,USD,ORDREF-00152,96000.0
CTR-00153,ACC-0047,C-00153,2024-05-01,2025-04-30,12,Expired,USD,ORDREF-00153,84000.0
CTR-00154,ACC-0047,C-00154,2024-09-01,2025-08-31,12,Expired,USD,ORDREF-00154,108000.0
CTR-00155,ACC-0047,C-00155,2024-10-01,2026-09-30,24,Active,USD,ORDREF-00155,2234000.0
CTR-00156,ACC-0047,C-00156,2025-10-01,2026-09-30,12,Active,USD,ORDREF-00156,1117000.0
CTR-00157,ACC-0048,C-00157,2024-09-01,2025-08-31,12,Expired,EUR,ORDREF-00157,841000.0
CTR-00158,ACC-0048,C-00158,2025-09-01,2026-08-31,12,Active,EUR,ORDREF-00158,833000.0
CTR-00159,ACC-0049,C-00159,2024-09-01,2026-08-31,24,Active,EUR,ORDREF-00159,360000.0
CTR-00160,ACC-0049,C-00160,2025-04-01,2026-03-31,12,Active,EUR,ORDREF-00160,66000.0
CTR-00161,ACC-0049,C-00161,2025-04-01,2026-03-31,12,Active,EUR,ORDREF-00161,154000.0
CTR-00162,ACC-0049,C-00162,2025-09-01,2026-08-31,12,Active,EUR,ORDREF-00162,396000.0
CTR-00163,ACC-0050,C-00163,2023-05-01,2026-04-30,36,Active,USD,ORDREF-00163,50000.0
CTR-00164,ACC-0050,C-00164,2024-05-01,2025-04-30,12,Expired,USD,ORDREF-00164,14000.0
CTR-00165,ACC-0050,C-00165,2025-05-01,2026-04-30,12,Active,USD,ORDREF-00165,14000.0
CTR-00166,ACC-0051,C-00166,2024-09-01,2025-08-31,12,Expired,USD,ORDREF-00166,180000.0
CTR-00167,ACC-0051,C-00167,2025-09-01,2027-08-31,24,Active,USD,ORDREF-00167,360000.0
CTR-00168,ACC-0052,C-00168,2025-04-01,2026-03-31,12,Active,USD,ORDREF-00168,45000.0
CTR-00169,ACC-0052,C-00169,2025-10-01,2026-09-30,12,Active,USD,ORDREF-00169,60000.0
CTR-00170,ACC-0053,C-00170,2024-12-01,2027-11-30,36,Active,EUR,ORDREF-00170,594000.0
CTR-00171,ACC-0053,C-00171,2025-09-01,2026-08-31,12,Active,EUR,ORDREF-00171,126000.0
CTR-00172,ACC-0053,C-00172,2025-12-01,2028-11-30,36,Active,EUR,ORDREF-00172,972000.0
CTR-00173,ACC-0054,C-00173,2023-12-01,2024-11-30,12,Expired,USD,ORDREF-00173,72000.0
CTR-00174,ACC-0054,C-00174,2024-05-01,2027-04-30,36,Active,USD,ORDREF-00174,252000.0
CTR-00175,ACC-0054,C-00175,2024-05-01,2025-04-30,12,Expired,USD,ORDREF-00175,60000.0
CTR-00176,ACC-0054,C-00176,2024-09-01,2027-08-31,36,Active,USD,ORDREF-00176,108000.0
CTR-00177,ACC-0054,C-00177,2024-12-01,2027-11-30,36,Active,USD,ORDREF-00177,756000.0
CTR-00178,ACC-0055,C-00178,2025-07-01,2026-06-30,12,Active,USD,ORDREF-00178,123000.0
CTR-00179,ACC-0055,C-00179,2025-10-01,2026-09-30,12,Active,USD,ORDREF-00179,120000.0
CTR-00180,ACC-0055,C-00180,2025-12-01,2026-11-30,12,Active,USD,ORDREF-00180,180000.0
CTR-00181,ACC-0056,C-00181,2024-12-01,2025-11-30,12,Expired,USD,ORDREF-00181,266000.0
CTR-00182,ACC-0056,C-00182,2025-10-01,2027-09-30,24,Active,USD,ORDREF-00182,216000.0
CTR-00183,ACC-0056,C-00183,2025-12-01,2028-11-30,36,Active,USD,ORDREF-00183,1122000.0
CTR-00184,ACC-0057,C-00184,2024-05-01,2025-04-30,12,Expired,USD,ORDREF-00184,80000.0
CTR-00185,ACC-0057,C-00185,2024-09-01,2025-08-31,12,Expired,USD,ORDREF-00185,220000.0
CTR-00186,ACC-0057,C-00186,2025-03-01,2026-02-28,12,Active,USD,ORDREF-00186,72000.0
CTR-00187,ACC-0057,C-00187,2025-05-01,2026-04-30,12,Active,USD,ORDREF-00187,364000.0
CTR-00188,ACC-0057,C-00188,2025-09-01,2026-08-31,12,Active,USD,ORDREF-00188,176000.0
CTR-00189,ACC-0058,C-00189,2023-10-01,2026-09-30,36,Active,USD,ORDREF-00189,960000.0
CTR-00190,ACC-0058,C-00190,2024-08-01,2025-07-31,12,Expired,USD,ORDREF-00190,14000.0
CTR-00191,ACC-0058,C-00191,2024-10-01,2025-09-30,12,Expired,USD,ORDREF-00191,334000.0
CTR-00192,ACC-0058,C-00192,2025-02-01,2026-01-31,12,Active,USD,ORDREF-00192,112000.0
CTR-00193,ACC-0058,C-00193,2025-10-01,2026-09-30,12,Active,USD,ORDREF-00193,446000.0
CTR-00194,ACC-0059,C-00194,2025-05-01,2028-04-30,36,Active,USD,ORDREF-00194,672000.0
CTR-00195,ACC-0059,C-00195,2025-11-01,2027-10-31,24,Active,USD,ORDREF-00195,224000.0
CTR-00196,ACC-0060,C-00196,2025-06-01,2027-05-31,24,Active,EUR,ORDREF-00196,1423000.0
CTR-00197,ACC-0061,C-00197,2024-03-01,2026-02-28,24,Active,USD,ORDREF-00197,295000.0
CTR-00198,ACC-0061,C-00198,2024-09-01,2025-08-31,12,Expired,USD,ORDREF-00198,60000.0
CTR-00199,ACC-0061,C-00199,2025-03-01,2026-02-28,12,Active,USD,ORDREF-00199,195000.0
CTR-00200,ACC-0062,C-00200,2023-02-01,2024-01-31,12,Expired,USD,ORDREF-00200,22000.0
CTR-00201,ACC-0062,C-00201,2023-11-01,2024-10-31,12,Expired,USD,ORDREF-00201,22000.0
CTR-00202,ACC-0062,C-00202,2024-02-01,2025-01-31,12,Expired,USD,ORDREF-00202,44000.0
CTR-00203,ACC-0062,C-00203,2025-02-01,2026-01-31,12,Active,USD,ORDREF-00203,44000.0
CTR-00204,ACC-0063,C-00204,2023-09-01,2024-08-31,12,Expired,USD,ORDREF-00204,60000.0
CTR-00205,ACC-0063,C-00205,2024-09-01,2025-08-31,12,Expired,USD,ORDREF-00205,60000.0
CTR-00206,ACC-0063,C-00206,2025-09-01,2026-08-31,12,Active,USD,ORDREF-00206,60000.0
CTR-00207,ACC-0064,C-00207,2025-03-01,2027-02-28,24,Active,USD,ORDREF-00207,1237000.0
CTR-00208,ACC-0064,C-00208,2025-06-01,2027-05-31,24,Active,USD,ORDREF-00208,256000.0
CTR-00209,ACC-0064,C-00209,2025-10-01,2027-09-30,24,Active,USD,ORDREF-00209,168000.0
CTR-00210,ACC-0065,C-00210,2023-08-01,2026-07-31,36,Active,USD,ORDREF-00210,1044000.0
CTR-00211,ACC-0065,C-00211,2024-07-01,2025-06-30,12,Expired,USD,ORDREF-00211,60000.0
CTR-00212,ACC-0065,C-00212,2024-08-01,2027-07-31,36,Active,USD,ORDREF-00212,1224000.0
CTR-00213,ACC-0065,C-00213,2025-08-01,2026-07-31,12,Active,USD,ORDREF-00213,408000.0
CTR-00214,ACC-0066,C-00214,2024-10-01,2025-09-30,12,Expired,USD,ORDREF-00214,72000.0
CTR-00215,ACC-0066,C-00215,2025-10-01,2026-09-30,12,Active,USD,ORDREF-00215,72000.0
CTR-00216,ACC-0067,C-00216,2024-11-01,2025-10-31,12,Expired,USD,ORDREF-00216,531000.0
CTR-00217,ACC-0067,C-00217,2025-02-01,2026-01-31,12,Active,USD,ORDREF-00217,192000.0
CTR-00218,ACC-0067,C-00218,2025-11-01,2026-10-31,12,Active,USD,ORDREF-00218,698000.0
CTR-00219,ACC-0068,C-00219,2025-01-01,2025-12-31,12,Active,USD,ORDREF-00219,348000.0
CTR-00220,ACC-0068,C-00220,2025-09-01,2027-08-31,24,Active,USD,ORDREF-00220,180000.0
CTR-00221,ACC-0069,C-00221,2024-11-01,2027-10-31,36,Active,USD,ORDREF-00221,960000.0
CTR-00222,ACC-0069,C-00222,2025-11-01,2028-10-31,36,Active,USD,ORDREF-00222,960000.0
CTR-00223,ACC-0069,C-00223,2025-11-01,2026-10-31,12,Active,USD,ORDREF-00223,66000.0
CTR-00224,ACC-0069,C-00224,2025-11-01,2026-10-31,12,Active,USD,ORDREF-00224,132000.0
CTR-00225,ACC-0070,C-00225,2025-03-01,2026-02-28,12,Active,USD,ORDREF-00225,89000.0
CTR-00226,ACC-0070,C-00226,2025-06-01,2027-05-31,24,Active,USD,ORDREF-00226,224000.0
CTR-00227,ACC-0070,C-00227,2025-11-01,2026-10-31,12,Active,USD,ORDREF-00227,64000.0
CTR-00228,ACC-0071,C-00228,2025-02-01,2026-01-31,12,Active,USD,ORDREF-00228,140000.0
CTR-00229,ACC-0071,C-00229,2025-06-01,2027-05-31,24,Active,USD,ORDREF-00229,392000.0
CTR-00230,ACC-0071,C-00230,2025-07-01,2026-06-30,12,Active,USD,ORDREF-00230,36000.0
CTR-00231,ACC-0072,C-00231,2024-02-01,2027-01-31,36,Active,EUR,ORDREF-00231,3400000.0
CTR-00232,ACC-0072,C-00232,2025-02-01,2027-01-31,24,Active,EUR,ORDREF-00232,2250000.0
CTR-00233,ACC-0072,C-00233,2025-08-01,2028-07-31,36,Active,EUR,ORDREF-00233,192000.0
CTR-00234,ACC-0073,C-00234,2023-06-01,2024-05-31,12,Expired,USD,ORDREF-00234,394000.0
CTR-00235,ACC-0073,C-00235,2024-02-01,2025-01-31,12,Expired,USD,ORDREF-00235,15000.0
CTR-00236,ACC-0073,C-00236,2024-06-01,2025-05-31,12,Expired,USD,ORDREF-00236,409000.0
CTR-00237,ACC-0073,C-00237,2025-06-01,2028-05-31,36,Active,USD,ORDREF-00237,1227000.0
CTR-00238,ACC-0074,C-00238,2024-10-01,2025-09-30,12,Expired,USD,ORDREF-00238,270000.0
CTR-00239,ACC-0074,C-00239,2025-09-01,2028-08-31,36,Active,USD,ORDREF-00239,672000.0
CTR-00240,ACC-0074,C-00240,2025-09-01,2026-08-31,12,Active,USD,ORDREF-00240,44000.0
CTR-00241,ACC-0074,C-00241,2025-10-01,2026-09-30,12,Active,USD,ORDREF-00241,520000.0
CTR-00242,ACC-0075,C-00242,2024-02-01,2025-01-31,12,Expired,USD,ORDREF-00242,1190000.0
CTR-00243,ACC-0075,C-00243,2025-02-01,2027-01-31,24,Active,USD,ORDREF-00243,2344000.0
CTR-00244,ACC-0075,C-00244,2025-10-01,2028-09-30,36,Active,USD,ORDREF-00244,1995000.0
CTR-00245,ACC-0076,C-00245,2023-05-01,2026-04-30,36,Active,USD,ORDREF-00245,1020000.0
CTR-00246,ACC-0076,C-00246,2024-05-01,2025-04-30,12,Expired,USD,ORDREF-00246,340000.0
CTR-00247,ACC-0076,C-00247,2025-04-01,2026-03-31,12,Active,USD,ORDREF-00247,95000.0
CTR-00248,ACC-0076,C-00248,2025-05-01,2026-04-30,12,Active,USD,ORDREF-00248,435000.0
CTR-00249,ACC-0077,C-00249,2025-06-01,2026-05-31,12,Active,USD,ORDREF-00249,290000.0
CTR-00250,ACC-0077,C-00250,2025-12-01,2027-11-30,24,Active,USD,ORDREF-00250,308000.0
CTR-00251,ACC-0078,C-00251,2023-07-01,2025-06-30,24,Expired,USD,ORDREF-00251,694000.0
CTR-00252,ACC-0078,C-00252,2024-02-01,2027-01-31,36,Active,USD,ORDREF-00252,162000.0
CTR-00253,ACC-0078,C-00253,2024-07-01,2025-06-30,12,Expired,USD,ORDREF-00253,401000.0
CTR-00254,ACC-0078,C-00254,2025-07-01,2026-06-30,12,Active,USD,ORDREF-00254,401000.0
CTR-00255,ACC-0079,C-00255,2023-09-01,2024-08-31,12,Expired,EUR,ORDREF-00255,1069000.0
CTR-00256,ACC-0079,C-00256,2024-05-01,2027-04-30,36,Active,EUR,ORDREF-00256,36000.0
CTR-00257,ACC-0079,C-00257,2024-09-01,2025-08-31,12,Expired,EUR,ORDREF-00257,1057000.0
CTR-00258,ACC-0079,C-00258,2025-09-01,2026-08-31,12,Active,EUR,ORDREF-00258,1057000.0
CTR-00259,ACC-0080,C-00259,2025-04-01,2026-03-31,12,Active,EUR,ORDREF-00259,442000.0
CTR-00260,ACC-0080,C-00260,2025-11-01,2028-10-31,36,Active,EUR,ORDREF-00260,1425000.0
CTR-00261,ACC-0081,C-00261,2025-04-01,2026-03-31,12,Active,EUR,ORDREF-00261,304000.0
CTR-00262,ACC-0082,C-00262,2024-10-01,2025-09-30,12,Expired,EUR,ORDREF-00262,374000.0
CTR-00263,ACC-0082,C-00263,2025-05-01,2026-04-30,12,Active,EUR,ORDREF-00263,140000.0
CTR-00264,ACC-0082,C-00264,2025-10-01,2026-09-30,12,Active,EUR,ORDREF-00264,506000.0
CTR-00265,ACC-0083,C-00265,2025-06-01,2027-05-31,24,Active,USD,ORDREF-00265,360000.0
CTR-00266,ACC-0083,C-00266,2025-10-01,2027-09-30,24,Active,USD,ORDREF-00266,216000.0
CTR-00267,ACC-0084,C-00267,2025-05-01,2028-04-30,36,Active,USD,ORDREF-00267,368000.0
CTR-00268,ACC-0084,C-00268,2025-09-01,2026-08-31,12,Active,USD,ORDREF-00268,75000.0
CTR-00269,ACC-0084,C-00269,2025-10-01,2026-09-30,12,Active,USD,ORDREF-00269,176000.0
CTR-00270,ACC-0084,C-00270,2025-10-01,2027-09-30,24,Active,USD,ORDREF-00270,308000.0
CTR-00271,ACC-0085,C-00271,2023-07-01,2024-06-30,12,Expired,USD,ORDREF-00271,60000.0
CTR-00272,ACC-0085,C-00272,2024-07-01,2025-06-30,12,Expired,USD,ORDREF-00272,42000.0
CTR-00273,ACC-0085,C-00273,2025-06-01,2026-05-31,12,Active,USD,ORDREF-00273,14000.0
CTR-00274,ACC-0085,C-00274,2025-07-01,2026-06-30,12,Active,USD,ORDREF-00274,28000.0
CTR-00275,ACC-0086,C-00275,2024-02-01,2026-01-31,24,Active,USD,ORDREF-00275,214000.0
CTR-00276,ACC-0086,C-00276,2024-05-01,2025-04-30,12,Expired,USD,ORDREF-00276,48000.0
CTR-00277,ACC-0086,C-00277,2025-02-01,2028-01-31,36,Active,USD,ORDREF-00277,438000.0
CTR-00278,ACC-0086,C-00278,2025-03-01,2026-02-28,12,Active,USD,ORDREF-00278,110000.0
CTR-00279,ACC-0086,C-00279,2025-09-01,2028-08-31,36,Active,USD,ORDREF-00279,396000.0
CTR-00280,ACC-0087,C-00280,2023-11-01,2025-10-31,24,Expired,USD,ORDREF-00280,180000.0
CTR-00281,ACC-0087,C-00281,2024-11-01,2025-10-31,12,Expired,USD,ORDREF-00281,90000.0
CTR-00282,ACC-0087,C-00282,2025-11-01,2026-10-31,12,Active,USD,ORDREF-00282,90000.0
CTR-00283,ACC-0088,C-00283,2024-09-01,2025-08-31,12,Expired,USD,ORDREF-00283,144000.0
CTR-00284,ACC-0088,C-00284,2025-09-01,2026-08-31,12,Active,USD,ORDREF-00284,144000.0
CTR-00285,ACC-0089,C-00285,2024-01-01,2024-12-31,12,Expired,USD,ORDREF-00285,320000.0
CTR-00286,ACC-0089,C-00286,2025-01-01,2025-12-31,12,Active,USD,ORDREF-00286,320000.0
CTR-00287,ACC-0089,C-00287,2025-08-01,2026-07-31,12,Active,USD,ORDREF-00287,44000.0
CTR-00288,ACC-0089,C-00288,2025-11-01,2028-10-31,36,Active,USD,ORDREF-00288,225000.0
CTR-00289,ACC-0090,C-00289,2024-11-01,2026-10-31,24,Active,USD,ORDREF-00289,349000.0
CTR-00290,ACC-0090,C-00290,2025-11-01,2026-10-31,12,Active,USD,ORDREF-00290,162000.0
CTR-00291,ACC-0091,C-00291,2023-05-01,2024-04-30,12,Expired,USD,ORDREF-00291,1128000.0
CTR-00292,ACC-0091,C-00292,2024-05-01,2025-04-30,12,Expired,USD,ORDREF-00292,1120000.0
CTR-00293,ACC-0092,C-00293,2024-12-01,2025-11-30,12,Expired,EUR,ORDREF-00293,18000.0
CTR-00294,ACC-0092,C-00294,2025-04-01,2026-03-31,12,Active,EUR,ORDREF-00294,126000.0
CTR-00295,ACC-0092,C-00295,2025-12-01,2027-11-30,24,Active,EUR,ORDREF-00295,288000.0
CTR-00296,ACC-0092,C-00296,2025-12-01,2026-11-30,12,Active,EUR,ORDREF-00296,18000.0
CTR-00297,ACC-0093,C-00297,2025-06-01,2028-05-31,36,Active,EUR,ORDREF-00297,882000.0
CTR-00298,ACC-0093,C-00298,2025-10-01,2026-09-30,12,Active,EUR,ORDREF-00298,70000.0
CTR-00299,ACC-0093,C-00299,2025-12-01,2028-11-30,36,Active,EUR,ORDREF-00299,396000.0
CTR-00300,ACC-0094,C-00300,2024-11-01,2027-10-31,36,Active,USD,ORDREF-00300,738000.0
CTR-00301,ACC-0094,C-00301,2025-11-01,2027-10-31,24,Active,USD,ORDREF-00301,480000.0
CTR-00302,ACC-0094,C-00302,2025-11-01,2027-10-31,24,Active,USD,ORDREF-00302,240000.0
CTR-00303,ACC-0094,C-00303,2025-12-01,2028-11-30,36,Active,USD,ORDREF-00303,810000.0
CTR-00304,ACC-0095,C-00304,2023-03-01,2025-02-28,24,Expired,USD,ORDREF-00304,56000.0
CTR-00305,ACC-0095,C-00305,2023-07-01,2026-06-30,36,Active,USD,ORDREF-00305,432000.0
CTR-00306,ACC-0095,C-00306,2023-09-01,2025-08-31,24,Expired,USD,ORDREF-00306,192000.0
CTR-00307,ACC-0095,C-00307,2024-03-01,2026-02-28,24,Active,USD,ORDREF-00307,536000.0
CTR-00308,ACC-0096,C-00308,2024-11-01,2025-10-31,12,Expired,USD,ORDREF-00308,553000.0
CTR-00309,ACC-0096,C-00309,2025-03-01,2027-02-28,24,Active,USD,ORDREF-00309,150000.0
CTR-00310,ACC-0096,C-00310,2025-11-01,2026-10-31,12,Active,USD,ORDREF-00310,620000.0
CTR-00311,ACC-0097,C-00311,2024-11-01,2025-10-31,12,Expired,USD,ORDREF-00311,12000.0
CTR-00312,ACC-0097,C-00312,2025-11-01,2026-10-31,12,Active,USD,ORDREF-00312,12000.0
CTR-00313,ACC-0098,C-00313,2024-04-01,2027-03-31,36,Active,EUR,ORDREF-00313,1665000.0
CTR-00314,ACC-0098,C-00314,2025-04-01,2026-03-31,12,Active,EUR,ORDREF-00314,549000.0
CTR-00315,ACC-0098,C-00315,2025-07-01,2026-06-30,12,Active,EUR,ORDREF-00315,285000.0
CTR-00316,ACC-0099,C-00316,2024-11-01,2027-10-31,36,Active,USD,ORDREF-00316,1710000.0
CTR-00317,ACC-0099,C-00317,2025-11-01,2026-10-31,12,Active,USD,ORDREF-00317,570000.0
CTR-00318,ACC-0100,C-00318,2024-11-01,2025-10-31,12,Expired,USD,ORDREF-00318,321000.0
CTR-00319,ACC-0100,C-00319,2025-08-01,2026-07-31,12,Active,USD,ORDREF-00319,48000.0
CTR-00320,ACC-0100,C-00320,2025-10-01,2026-09-30,12,Active,USD,ORDREF-00320,45000.0
CTR-00321,ACC-0100,C-00321,2025-11-01,2026-10-31,12,Active,USD,ORDREF-00321,396000.0
CTR-00322,ACC-0101,C-00322,2023-07-01,2026-06-30,36,Active,USD,ORDREF-00322,84000.0
CTR-00323,ACC-0101,C-00323,2024-07-01,2025-06-30,12,Expired,USD,ORDREF-00323,28000.0
CTR-00324,ACC-0101,C-00324,2024-10-01,2026-09-30,24,Active,USD,ORDREF-00324,28000.0
CTR-00325,ACC-0101,C-00325,2025-07-01,2026-06-30,12,Active,USD,ORDREF-00325,42000.0
CTR-00326,ACC-0102,C-00326,2025-03-01,2026-02-28,12,Active,USD,ORDREF-00326,534000.0
CTR-00327,ACC-0102,C-00327,2025-06-01,2026-05-31,12,Active,USD,ORDREF-00327,60000.0
CTR-00328,ACC-0102,C-00328,2025-09-01,2026-08-31,12,Active,USD,ORDREF-00328,84000.0
CTR-00329,ACC-0103,C-00329,2025-01-01,2027-12-31,36,Active,USD,ORDREF-00329,876000.0
CTR-00330,ACC-0103,C-00330,2025-12-01,2026-11-30,12,Active,USD,ORDREF-00330,96000.0
CTR-00331,ACC-0103,C-00331,2025-12-01,2026-11-30,12,Active,USD,ORDREF-00331,16000.0
CTR-00332,ACC-0103,C-00332,2025-12-01,2027-11-30,24,Active,USD,ORDREF-00332,330000.0
CTR-00333,ACC-0104,C-00333,2025-07-01,2026-06-30,12,Active,USD,ORDREF-00333,158000.0
CTR-00334,ACC-0104,C-00334,2025-11-01,2026-10-31,12,Active,USD,ORDREF-00334,198000.0
CTR-00335,ACC-0104,C-00335,2025-12-01,2028-11-30,36,Active,USD,ORDREF-00335,66000.0
CTR-00336,ACC-0105,C-00336,2024-09-01,2025-08-31,12,Expired,USD,ORDREF-00336,456000.0
CTR-00337,ACC-0105,C-00337,2025-09-01,2026-08-31,12,Active,USD,ORDREF-00337,456000.0
CTR-00338,ACC-0106,C-00338,2023-02-01,2024-01-31,12,Expired,EUR,ORDREF-00338,1010000.0
CTR-00339,ACC-0106,C-00339,2024-02-01,2025-01-31,12,Expired,EUR,ORDREF-00339,1010000.0
CTR-00340,ACC-0106,C-00340,2025-02-01,2028-01-31,36,Active,EUR,ORDREF-00340,3030000.0
CTR-00341,ACC-0106,C-00341,2025-08-01,2028-07-31,36,Active,EUR,ORDREF-00341,570000.0
CTR-00342,ACC-0107,C-00342,2023-10-01,2024-09-30,12,Expired,USD,ORDREF-00342,210000.0
CTR-00343,ACC-0107,C-00343,2024-05-01,2027-04-30,36,Active,USD,ORDREF-00343,726000.0
CTR-00344,ACC-0107,C-00344,2024-10-01,2025-09-30,12,Expired,USD,ORDREF-00344,452000.0
CTR-00345,ACC-0107,C-00345,2025-10-01,2026-09-30,12,Active,USD,ORDREF-00345,452000.0
CTR-00346,ACC-0108,C-00346,2024-07-01,2027-06-30,36,Active,USD,ORDREF-00346,588000.0
CTR-00347,ACC-0108,C-00347,2024-12-01,2027-11-30,36,Active,USD,ORDREF-00347,2280000.0
CTR-00348,ACC-0108,C-00348,2025-07-01,2026-06-30,12,Active,USD,ORDREF-00348,950000.0
CTR-00349,ACC-0108,C-00349,2025-07-01,2028-06-30,36,Active,USD,ORDREF-00349,252000.0
CTR-00350,ACC-0109,C-00350,2023-04-01,2024-03-31,12,Expired,USD,ORDREF-00350,482000.0
CTR-00351,ACC-0109,C-00351,2024-04-01,2025-03-31,12,Expired,USD,ORDREF-00351,464000.0
CTR-00352,ACC-0109,C-00352,2025-04-01,2026-03-31,12,Active,USD,ORDREF-00352,464000.0
CTR-00353,ACC-0110,C-00353,2024-11-01,2026-10-31,24,Active,USD,ORDREF-00353,168000.0
CTR-00354,ACC-0110,C-00354,2025-06-01,2026-05-31,12,Active,USD,ORDREF-00354,112000.0
CTR-00355,ACC-0110,C-00355,2025-11-01,2026-10-31,12,Active,USD,ORDREF-00355,196000.0
CTR-00356,ACC-0111,C-00356,2025-03-01,2028-02-29,36,Active,USD,ORDREF-00356,1080000.0
CTR-00357,ACC-0111,C-00357,2025-08-01,2026-07-31,12,Active,USD,ORDREF-00357,36000.0
CTR-00358,ACC-0111,C-00358,2025-12-01,2026-11-30,12,Active,USD,ORDREF-00358,56000.0
CTR-00359,ACC-0112,C-00359,2025-01-01,2027-12-31,36,Active,EUR,ORDREF-00359,198000.0
CTR-00360,ACC-0112,C-00360,2025-04-01,2026-03-31,12,Active,EUR,ORDREF-00360,132000.0
CTR-00361,ACC-0112,C-00361,2025-11-01,2026-10-31,12,Active,EUR,ORDREF-00361,154000.0
CTR-00362,ACC-0113,C-00362,2023-02-01,2024-01-31,12,Expired,GBP,ORDREF-00362,1045000.0
CTR-00363,ACC-0113,C-00363,2024-02-01,2025-01-31,12,Expired,GBP,ORDREF-00363,1045000.0
CTR-00364,ACC-0113,C-00364,2025-02-01,2026-01-31,12,Active,GBP,ORDREF-00364,1045000.0
CTR-00365,ACC-0113,C-00365,2025-05-01,2026-04-30,12,Active,GBP,ORDREF-00365,112000.0
CTR-00366,ACC-0114,C-00366,2025-05-01,2026-04-30,12,Active,USD,ORDREF-00366,60000.0
CTR-00367,ACC-0115,C-00367,2024-11-01,2025-10-31,12,Expired,USD,ORDREF-00367,208000.0
CTR-00368,ACC-0115,C-00368,2025-11-01,2026-10-31,12,Active,USD,ORDREF-00368,200000.0
CTR-00369,ACC-0116,C-00369,2024-07-01,2027-06-30,36,Active,USD,ORDREF-00369,285000.0
CTR-00370,ACC-0116,C-00370,2024-12-01,2027-11-30,36,Active,USD,ORDREF-00370,648000.0
CTR-00371,ACC-0116,C-00371,2025-07-01,2027-06-30,24,Active,USD,ORDREF-00371,622000.0
CTR-00372,ACC-0117,C-00372,2023-06-01,2024-05-31,12,Expired,EUR,ORDREF-00372,1265000.0
CTR-00373,ACC-0117,C-00373,2024-06-01,2026-05-31,24,Active,EUR,ORDREF-00373,2530000.0
CTR-00374,ACC-0117,C-00374,2024-11-01,2025-10-31,12,Expired,EUR,ORDREF-00374,252000.0
CTR-00375,ACC-0117,C-00375,2025-06-01,2028-05-31,36,Active,EUR,ORDREF-00375,4551000.0
CTR-00376,ACC-0118,C-00376,2023-02-01,2026-01-31,36,Active,USD,ORDREF-00376,3513000.0
CTR-00377,ACC-0118,C-00377,2024-02-01,2026-01-31,24,Active,USD,ORDREF-00377,2330000.0
CTR-00378,ACC-0118,C-00378,2025-02-01,2027-01-31,24,Active,USD,ORDREF-00378,2330000.0
CTR-00379,ACC-0118,C-00379,2025-04-01,2028-03-31,36,Active,USD,ORDREF-00379,180000.0
CTR-00380,ACC-0118,C-00380,2025-08-01,2026-07-31,12,Active,USD,ORDREF-00380,28000.0
CTR-00381,ACC-0119,C-00381,2024-02-01,2025-01-31,12,Expired,USD,ORDREF-00381,180000.0
CTR-00382,ACC-0119,C-00382,2024-08-01,2025-07-31,12,Expired,USD,ORDREF-00382,126000.0
CTR-00383,ACC-0119,C-00383,2025-02-01,2026-01-31,12,Active,USD,ORDREF-00383,306000.0
CTR-00384,ACC-0119,C-00384,2025-03-01,2027-02-28,24,Active,USD,ORDREF-00384,108000.0
CTR-00385,ACC-0120,C-00385,2024-04-01,2025-03-31,12,Expired,USD,ORDREF-00385,406000.0
CTR-00386,ACC-0120,C-00386,2024-10-01,2025-09-30,12,Expired,USD,ORDREF-00386,196000.0
CTR-00387,ACC-0120,C-00387,2025-04-01,2026-03-31,12,Active,USD,ORDREF-00387,602000.0
CTR-00388,ACC-0120,C-00388,2025-07-01,2026-06-30,12,Active,USD,ORDREF-00388,90000.0
CTR-00389,ACC-0120,C-00389,2025-12-01,2028-11-30,36,Active,USD,ORDREF-00389,540000.0
CTR-00390,ACC-0121,C-00390,2024-09-01,2027-08-31,36,Active,EUR,ORDREF-00390,162000.0
CTR-00391,ACC-0121,C-00391,2025-03-01,2028-02-29,36,Active,EUR,ORDREF-00391,162000.0
CTR-00392,ACC-0121,C-00392,2025-09-01,2026-08-31,12,Active,EUR,ORDREF-00392,108000.0
CTR-00393,ACC-0121,C-00393,2025-12-01,2027-11-30,24,Active,EUR,ORDREF-00393,264000.0
CTR-00394,ACC-0122,C-00394,2023-07-01,2026-06-30,36,Active,USD,ORDREF-00394,90000.0
CTR-00395,ACC-0122,C-00395,2024-07-01,2025-06-30,12,Expired,USD,ORDREF-00395,30000.0
CTR-00396,ACC-0122,C-00396,2025-07-01,2026-06-30,12,Active,USD,ORDREF-00396,30000.0
CTR-00397,ACC-0122,C-00397,2025-12-01,2028-11-30,36,Active,USD,ORDREF-00397,90000.0
CTR-00398,ACC-0123,C-00398,2025-07-01,2026-06-30,12,Active,USD,ORDREF-00398,952000.0
CTR-00399,ACC-0123,C-00399,2025-11-01,2026-10-31,12,Active,USD,ORDREF-00399,126000.0
CTR-00400,ACC-0123,C-00400,2025-12-01,2026-11-30,12,Active,USD,ORDREF-00400,380000.0
CTR-00401,ACC-0124,C-00401,2023-01-01,2023-12-31,12,Expired,GBP,ORDREF-00401,105000.0
CTR-00402,ACC-0124,C-00402,2024-01-01,2024-12-31,12,Expired,GBP,ORDREF-00402,105000.0
CTR-00403,ACC-0124,C-00403,2024-05-01,2025-04-30,12,Expired,GBP,ORDREF-00403,45000.0
CTR-00404,ACC-0124,C-00404,2024-09-01,2025-08-31,12,Expired,GBP,ORDREF-00404,45000.0
CTR-00405,ACC-0124,C-00405,2025-01-01,2026-12-31,24,Active,GBP,ORDREF-00405,210000.0
CTR-00406,ACC-0124,C-00406,2025-10-01,2026-09-30,12,Active,GBP,ORDREF-00406,90000.0
CTR-00407,ACC-0125,C-00407,2025-05-01,2028-04-30,36,Active,USD,ORDREF-00407,978000.0
CTR-00408,ACC-0125,C-00408,2025-08-01,2026-07-31,12,Active,USD,ORDREF-00408,32000.0
CTR-00409,ACC-0125,C-00409,2025-11-01,2026-10-31,12,Active,USD,ORDREF-00409,56000.0
CTR-00410,ACC-0126,C-00410,2023-11-01,2024-10-31,12,Expired,USD,ORDREF-00410,262000.0
CTR-00411,ACC-0126,C-00411,2024-11-01,2026-10-31,24,Active,USD,ORDREF-00411,508000.0
CTR-00412,ACC-0126,C-00412,2025-11-01,2026-10-31,12,Active,USD,ORDREF-00412,254000.0
CTR-00413,ACC-0127,C-00413,2023-05-01,2026-04-30,36,Active,USD,ORDREF-00413,620000.0
CTR-00414,ACC-0127,C-00414,2024-05-01,2025-04-30,12,Expired,USD,ORDREF-00414,204000.0
CTR-00415,ACC-0127,C-00415,2025-05-01,2028-04-30,36,Active,USD,ORDREF-00415,612000.0
CTR-00416,ACC-0128,C-00416,2025-02-01,2027-01-31,24,Active,USD,ORDREF-00416,1925000.0
CTR-00417,ACC-0128,C-00417,2025-06-01,2026-05-31,12,Active,USD,ORDREF-00417,475000.0
CTR-00418,ACC-0128,C-00418,2025-12-01,2026-11-30,12,Active,USD,ORDREF-00418,308000.0
CTR-00419,ACC-0129,C-00419,2024-07-01,2027-06-30,36,Active,USD,ORDREF-00419,306000.0
CTR-00420,ACC-0129,C-00420,2024-11-01,2025-10-31,12,Expired,USD,ORDREF-00420,96000.0
CTR-00421,ACC-0129,C-00421,2025-07-01,2028-06-30,36,Active,USD,ORDREF-00421,576000.0
CTR-00422,ACC-0130,C-00422,2023-06-01,2024-05-31,12,Expired,USD,ORDREF-00422,316000.0
CTR-00423,ACC-0130,C-00423,2024-06-01,2027-05-31,36,Active,USD,ORDREF-00423,924000.0
CTR-00424,ACC-0130,C-00424,2024-11-01,2025-10-31,12,Expired,USD,ORDREF-00424,22000.0
CTR-00425,ACC-0130,C-00425,2025-06-01,2026-05-31,12,Active,USD,ORDREF-00425,330000.0
CTR-00426,ACC-0131,C-00426,2024-01-01,2024-12-31,12,Expired,USD,ORDREF-00426,134000.0
CTR-00427,ACC-0131,C-00427,2025-01-01,2025-12-31,12,Active,USD,ORDREF-00427,126000.0
CTR-00428,ACC-0132,C-00428,2023-08-01,2024-07-31,12,Expired,GBP,ORDREF-00428,66000.0
CTR-00429,ACC-0132,C-00429,2024-08-01,2025-07-31,12,Expired,GBP,ORDREF-00429,66000.0
CTR-00430,ACC-0132,C-00430,2024-09-01,2027-08-31,36,Active,GBP,ORDREF-00430,132000.0
CTR-00431,ACC-0132,C-00431,2025-08-01,2026-07-31,12,Active,GBP,ORDREF-00431,22000.0
CTR-00432,ACC-0133,C-00432,2025-02-01,2026-01-31,12,Active,USD,ORDREF-00432,204000.0
CTR-00433,ACC-0133,C-00433,2025-07-01,2027-06-30,24,Active,USD,ORDREF-00433,280000.0
CTR-00434,ACC-0133,C-00434,2025-12-01,2026-11-30,12,Active,USD,ORDREF-00434,30000.0
CTR-00435,ACC-0134,C-00435,2024-02-01,2027-01-31,36,Active,USD,ORDREF-00435,270000.0
CTR-00436,ACC-0134,C-00436,2025-02-01,2028-01-31,36,Active,USD,ORDREF-00436,270000.0
CTR-00437,ACC-0135,C-00437,2023-10-01,2026-09-30,36,Active,USD,ORDREF-00437,367000.0
CTR-00438,ACC-0135,C-00438,2024-10-01,2025-09-30,12,Expired,USD,ORDREF-00438,114000.0
CTR-00439,ACC-0135,C-00439,2025-08-01,2026-07-31,12,Active,USD,ORDREF-00439,60000.0
CTR-00440,ACC-0135,C-00440,2025-10-01,2027-09-30,24,Active,USD,ORDREF-00440,348000.0
CTR-00441,ACC-0136,C-00441,2023-05-01,2024-04-30,12,Expired,USD,ORDREF-00441,236000.0
CTR-00442,ACC-0136,C-00442,2024-05-01,2026-04-30,24,Active,USD,ORDREF-00442,472000.0
CTR-00443,ACC-0137,C-00443,2025-05-01,2026-04-30,12,Active,EUR,ORDREF-00443,284000.0
CTR-00444,ACC-0138,C-00444,2023-04-01,2026-03-31,36,Active,USD,ORDREF-00444,1092000.0
CTR-00445,ACC-0138,C-00445,2024-04-01,2025-03-31,12,Expired,USD,ORDREF-00445,364000.0
CTR-00446,ACC-0138,C-00446,2024-11-01,2025-10-31,12,Expired,USD,ORDREF-00446,120000.0
CTR-00447,ACC-0138,C-00447,2025-04-01,2026-03-31,12,Active,USD,ORDREF-00447,484000.0
CTR-00448,ACC-0138,C-00448,2025-06-01,2027-05-31,24,Active,USD,ORDREF-00448,28000.0
CTR-00449,ACC-0139,C-00449,2024-04-01,2027-03-31,36,Active,USD,ORDREF-00449,205000.0
CTR-00450,ACC-0139,C-00450,2025-04-01,2026-03-31,12,Active,USD,ORDREF-00450,60000.0
CTR-00451,ACC-0140,C-00451,2023-05-01,2025-04-30,24,Expired,EUR,ORDREF-00451,2090000.0
CTR-00452,ACC-0140,C-00452,2024-05-01,2025-04-30,12,Expired,EUR,ORDREF-00452,1045000.0
CTR-00453,ACC-0140,C-00453,2025-05-01,2027-04-30,24,Active,EUR,ORDREF-00453,2090000.0
CTR-00454,ACC-0141,C-00454,2024-11-01,2026-10-31,24,Active,USD,ORDREF-00454,414000.0
CTR-00455,ACC-0141,C-00455,2025-06-01,2027-05-31,24,Active,USD,ORDREF-00455,396000.0
CTR-00456,ACC-0141,C-00456,2025-10-01,2026-09-30,12,Active,USD,ORDREF-00456,132000.0
CTR-00457,ACC-0141,C-00457,2025-10-01,2026-09-30,12,Active,USD,ORDREF-00457,88000.0
CTR-00458,ACC-0141,C-00458,2025-11-01,2028-10-31,36,Active,USD,ORDREF-00458,1848000.0
CTR-00459,ACC-0142,C-00459,2023-11-01,2025-10-31,24,Expired,USD,ORDREF-00459,2385000.0
CTR-00460,ACC-0142,C-00460,2024-11-01,2027-10-31,36,Active,USD,ORDREF-00460,3540000.0
CTR-00461,ACC-0143,C-00461,2024-11-01,2027-10-31,36,Active,USD,ORDREF-00461,336000.0
CTR-00462,ACC-0143,C-00462,2025-03-01,2027-02-28,24,Active,USD,ORDREF-00462,56000.0
CTR-00463,ACC-0143,C-00463,2025-11-01,2026-10-31,12,Active,USD,ORDREF-00463,140000.0
CTR-00464,ACC-0143,C-00464,2025-12-01,2026-11-30,12,Active,USD,ORDREF-00464,56000.0
CTR-00465,ACC-0144,C-00465,2024-06-01,2026-05-31,24,Active,USD,ORDREF-00465,2108000.0
CTR-00466,ACC-0144,C-00466,2024-12-01,2026-11-30,24,Active,USD,ORDREF-00466,48000.0
CTR-00467,ACC-0144,C-00467,2025-06-01,2028-05-31,36,Active,USD,ORDREF-00467,3207000.0
CTR-00468,ACC-0145,C-00468,2024-10-01,2025-09-30,12,Expired,USD,ORDREF-00468,336000.0
CTR-00469,ACC-0145,C-00469,2025-06-01,2026-05-31,12,Active,USD,ORDREF-00469,270000.0
CTR-00470,ACC-0145,C-00470,2025-07-01,2027-06-30,24,Active,USD,ORDREF-00470,32000.0
CTR-00471,ACC-0145,C-00471,2025-10-01,2026-09-30,12,Active,USD,ORDREF-00471,622000.0
CTR-00472,ACC-0146,C-00472,2023-01-01,2023-12-31,12,Expired,USD,ORDREF-00472,662000.0
CTR-00473,ACC-0146,C-00473,2024-01-01,2024-12-31,12,Expired,USD,ORDREF-00473,662000.0
CTR-00474,ACC-0146,C-00474,2025-01-01,2027-12-31,36,Active,USD,ORDREF-00474,1986000.0
CTR-00475,ACC-0147,C-00475,2025-02-01,2026-01-31,12,Active,USD,ORDREF-00475,120000.0
CTR-00476,ACC-0147,C-00476,2025-06-01,2028-05-31,36,Active,USD,ORDREF-00476,84000.0
CTR-00477,ACC-0147,C-00477,2025-07-01,2026-06-30,12,Active,USD,ORDREF-00477,98000.0
CTR-00478,ACC-0148,C-00478,2024-12-01,2027-11-30,36,Active,USD,ORDREF-00478,774000.0
CTR-00479,ACC-0148,C-00479,2025-05-01,2028-04-30,36,Active,USD,ORDREF-00479,132000.0
CTR-00480,ACC-0148,C-00480,2025-09-01,2027-08-31,24,Active,USD,ORDREF-00480,72000.0
CTR-00481,ACC-0148,C-00481,2025-12-01,2028-11-30,36,Active,USD,ORDREF-00481,798000.0
CTR-00482,ACC-0149,C-00482,2023-09-01,2024-08-31,12,Expired,USD,ORDREF-00482,169000.0
CTR-00483,ACC-0149,C-00483,2024-09-01,2027-08-31,36,Active,USD,ORDREF-00483,432000.0
CTR-00484,ACC-0149,C-00484,2025-08-01,2026-07-31,12,Active,USD,ORDREF-00484,84000.0
CTR-00485,ACC-0149,C-00485,2025-09-01,2027-08-31,24,Active,USD,ORDREF-00485,456000.0
CTR-00486,ACC-0150,C-00486,2023-07-01,2024-06-30,12,Expired,USD,ORDREF-00486,98000.0
CTR-00487,ACC-0150,C-00487,2024-07-01,2025-06-30,12,Expired,USD,ORDREF-00487,90000.0
CTR-00488,ACC-0150,C-00488,2024-12-01,2025-11-30,12,Expired,USD,ORDREF-00488,18000.0
CTR-00489,ACC-0150,C-00489,2025-07-01,2026-06-30,12,Active,USD,ORDREF-00489,108000.0
CTR-00490,ACC-0151,C-00490,2025-02-01,2026-01-31,12,Active,EUR,ORDREF-00490,32000.0
CTR-00491,ACC-0151,C-00491,2025-09-01,2026-08-31,12,Active,EUR,ORDREF-00491,126000.0
CTR-00492,ACC-0152,C-00492,2023-02-01,2024-01-31,12,Expired,USD,ORDREF-00492,64000.0
CTR-00493,ACC-0152,C-00493,2023-05-01,2024-04-30,12,Expired,USD,ORDREF-00493,16000.0
CTR-00494,ACC-0152,C-00494,2024-02-01,2025-01-31,12,Expired,USD,ORDREF-00494,80000.0
CTR-00495,ACC-0152,C-00495,2025-02-01,2026-01-31,12,Active,USD,ORDREF-00495,80000.0
CTR-00496,ACC-0153,C-00496,2024-06-01,2025-05-31,12,Expired,EUR,ORDREF-00496,760000.0
CTR-00497,ACC-0153,C-00497,2024-09-01,2025-08-31,12,Expired,EUR,ORDREF-00497,475000.0
CTR-00498,ACC-0153,C-00498,2025-06-01,2027-05-31,24,Active,EUR,ORDREF-00498,2470000.0
CTR-00499,ACC-0153,C-00499,2025-06-01,2026-05-31,12,Active,EUR,ORDREF-00499,570000.0
CTR-00500,ACC-0153,C-00500,2025-09-01,2026-08-31,12,Active,EUR,ORDREF-00500,108000.0
CTR-00501,ACC-0154,C-00501,2023-08-01,2025-07-31,24,Expired,USD,ORDREF-00501,308000.0
CTR-00502,ACC-0154,C-00502,2024-05-01,2025-04-30,12,Expired,USD,ORDREF-00502,150000.0
CTR-00503,ACC-0154,C-00503,2024-08-01,2025-07-31,12,Expired,USD,ORDREF-00503,304000.0
CTR-00504,ACC-0154,C-00504,2025-08-01,2026-07-31,12,Active,USD,ORDREF-00504,304000.0
CTR-00505,ACC-0155,C-00505,2023-04-01,2024-03-31,12,Expired,USD,ORDREF-00505,272000.0
CTR-00506,ACC-0155,C-00506,2024-04-01,2025-03-31,12,Expired,USD,ORDREF-00506,264000.0
CTR-00507,ACC-0155,C-00507,2025-04-01,2026-03-31,12,Active,USD,ORDREF-00507,264000.0
CTR-00508,ACC-0155,C-00508,2025-12-01,2028-11-30,36,Active,USD,ORDREF-00508,840000.0
CTR-00509,ACC-0156,C-00509,2024-08-01,2025-07-31,12,Expired,USD,ORDREF-00509,116000.0
CTR-00510,ACC-0156,C-00510,2025-08-01,2027-07-31,24,Active,USD,ORDREF-00510,216000.0
CTR-00511,ACC-0156,C-00511,2025-09-01,2026-08-31,12,Active,USD,ORDREF-00511,18000.0
CTR-00512,ACC-0157,C-00512,2025-06-01,2026-05-31,12,Active,USD,ORDREF-00512,346000.0
CTR-00513,ACC-0157,C-00513,2025-12-01,2027-11-30,24,Active,USD,ORDREF-00513,48000.0
CTR-00514,ACC-0157,C-00514,2025-12-01,2028-11-30,36,Active,USD,ORDREF-00514,36000.0
CTR-00515,ACC-0158,C-00515,2024-03-01,2025-02-28,12,Expired,USD,ORDREF-00515,334000.0
CTR-00516,ACC-0158,C-00516,2025-03-01,2026-02-28,12,Active,USD,ORDREF-00516,334000.0
CTR-00517,ACC-0158,C-00517,2025-03-01,2026-02-28,12,Active,USD,ORDREF-00517,855000.0
CTR-00518,ACC-0159,C-00518,2024-03-01,2025-02-28,12,Expired,USD,ORDREF-00518,414000.0
CTR-00519,ACC-0159,C-00519,2024-11-01,2025-10-31,12,Expired,USD,ORDREF-00519,44000.0
CTR-00520,ACC-0159,C-00520,2025-03-01,2026-02-28,12,Active,USD,ORDREF-00520,458000.0
CTR-00521,ACC-0160,C-00521,2024-11-01,2026-10-31,24,Active,EUR,ORDREF-00521,576000.0
CTR-00522,ACC-0160,C-00522,2025-04-01,2026-03-31,12,Active,EUR,ORDREF-00522,45000.0
CTR-00523,ACC-0160,C-00523,2025-11-01,2026-10-31,12,Active,EUR,ORDREF-00523,243000.0
CTR-00524,ACC-0161,C-00524,2024-12-01,2026-11-30,24,Active,USD,ORDREF-00524,88000.0
CTR-00525,ACC-0161,C-00525,2025-03-01,2027-02-28,24,Active,USD,ORDREF-00525,176000.0
CTR-00526,ACC-0161,C-00526,2025-10-01,2027-09-30,24,Active,USD,ORDREF-00526,224000.0
CTR-00527,ACC-0161,C-00527,2025-12-01,2026-11-30,12,Active,USD,ORDREF-00527,244000.0
CTR-00528,ACC-0162,C-00528,2024-08-01,2027-07-31,36,Active,EUR,ORDREF-00528,440000.0
CTR-00529,ACC-0162,C-00529,2025-04-01,2026-03-31,12,Active,EUR,ORDREF-00529,60000.0
CTR-00530,ACC-0162,C-00530,2025-08-01,2028-07-31,36,Active,EUR,ORDREF-00530,252000.0
CTR-00531,ACC-0163,C-00531,2024-12-01,2027-11-30,36,Active,EUR,ORDREF-00531,108000.0
CTR-00532,ACC-0163,C-00532,2025-04-01,2026-03-31,12,Active,EUR,ORDREF-00532,126000.0
CTR-00533,ACC-0163,C-00533,2025-09-01,2026-08-31,12,Active,EUR,ORDREF-00533,30000.0
CTR-00534,ACC-0163,C-00534,2025-12-01,2028-11-30,36,Active,EUR,ORDREF-00534,576000.0
CTR-00535,ACC-0164,C-00535,2024-11-01,2027-10-31,36,Active,EUR,ORDREF-00535,3033000.0
CTR-00536,ACC-0164,C-00536,2025-09-01,2027-08-31,24,Active,EUR,ORDREF-00536,300000.0
CTR-00537,ACC-0164,C-00537,2025-11-01,2026-10-31,12,Active,EUR,ORDREF-00537,1161000.0
CTR-00538,ACC-0165,C-00538,2024-03-01,2025-02-28,12,Expired,USD,ORDREF-00538,240000.0
CTR-00539,ACC-0165,C-00539,2025-03-01,2026-02-28,12,Active,USD,ORDREF-00539,222000.0
CTR-00540,ACC-0166,C-00540,2024-06-01,2025-05-31,12,Expired,USD,ORDREF-00540,286000.0
CTR-00541,ACC-0166,C-00541,2025-06-01,2027-05-31,24,Active,USD,ORDREF-00541,572000.0
CTR-00542,ACC-0167,C-00542,2024-09-01,2025-08-31,12,Expired,USD,ORDREF-00542,308000.0
CTR-00543,ACC-0167,C-00543,2025-09-01,2026-08-31,12,Active,USD,ORDREF-00543,308000.0
CTR-00544,ACC-0167,C-00544,2025-11-01,2026-10-31,12,Active,USD,ORDREF-00544,570000.0
CTR-00545,ACC-0168,C-00545,2025-03-01,2026-02-28,12,Active,EUR,ORDREF-00545,132000.0
CTR-00546,ACC-0168,C-00546,2025-10-01,2026-09-30,12,Active,EUR,ORDREF-00546,12000.0
CTR-00547,ACC-0169,C-00547,2024-04-01,2025-03-31,12,Expired,EUR,ORDREF-00547,64000.0
CTR-00548,ACC-0169,C-00548,2025-01-01,2027-12-31,36,Active,EUR,ORDREF-00548,48000.0
CTR-00549,ACC-0169,C-00549,2025-04-01,2028-03-31,36,Active,EUR,ORDREF-00549,144000.0
CTR-00550,ACC-0169,C-00550,2025-09-01,2026-08-31,12,Active,EUR,ORDREF-00550,135000.0
CTR-00551,ACC-0170,C-00551,2023-02-01,2025-01-31,24,Expired,USD,ORDREF-00551,405000.0
CTR-00552,ACC-0170,C-00552,2023-07-01,2024-06-30,12,Expired,USD,ORDREF-00552,475000.0
CTR-00553,ACC-0170,C-00553,2024-02-01,2025-01-31,12,Expired,USD,ORDREF-00553,665000.0
CTR-00554,ACC-0170,C-00554,2025-02-01,2026-01-31,12,Active,USD,ORDREF-00554,665000.0
CTR-00555,ACC-0171,C-00555,2023-09-01,2024-08-31,12,Expired,EUR,ORDREF-00555,15000.0
CTR-00556,ACC-0171,C-00556,2024-09-01,2025-08-31,12,Expired,EUR,ORDREF-00556,15000.0
CTR-00557,ACC-0171,C-00557,2025-09-01,2026-08-31,12,Active,EUR,ORDREF-00557,15000.0
CTR-00558,ACC-0172,C-00558,2023-03-01,2024-02-29,12,Expired,USD,ORDREF-00558,88000.0
CTR-00559,ACC-0172,C-00559,2024-03-01,2025-02-28,12,Expired,USD,ORDREF-00559,70000.0
CTR-00560,ACC-0172,C-00560,2025-03-01,2027-02-28,24,Active,USD,ORDREF-00560,140000.0
CTR-00561,ACC-0173,C-00561,2023-11-01,2024-10-31,12,Expired,USD,ORDREF-00561,928000.0
CTR-00562,ACC-0173,C-00562,2024-11-01,2025-10-31,12,Expired,USD,ORDREF-00562,910000.0
CTR-00563,ACC-0173,C-00563,2025-10-01,2026-09-30,12,Active,USD,ORDREF-00563,210000.0
CTR-00564,ACC-0173,C-00564,2025-11-01,2026-10-31,12,Active,USD,ORDREF-00564,1120000.0
CTR-00565,ACC-0174,C-00565,2023-01-01,2023-12-31,12,Expired,USD,ORDREF-00565,274000.0
CTR-00566,ACC-0174,C-00566,2024-01-01,2024-12-31,12,Expired,USD,ORDREF-00566,266000.0
CTR-00567,ACC-0174,C-00567,2025-01-01,2025-12-31,12,Active,USD,ORDREF-00567,266000.0
CTR-00568,ACC-0174,C-00568,2025-05-01,2028-04-30,36,Active,USD,ORDREF-00568,360000.0
CTR-00569,ACC-0175,C-00569,2023-06-01,2025-05-31,24,Expired,USD,ORDREF-00569,224000.0
CTR-00570,ACC-0175,C-00570,2024-06-01,2025-05-31,12,Expired,USD,ORDREF-00570,112000.0
CTR-00571,ACC-0175,C-00571,2024-07-01,2025-06-30,12,Expired,USD,ORDREF-00571,570000.0
CTR-00572,ACC-0175,C-00572,2025-06-01,2026-05-31,12,Active,USD,ORDREF-00572,682000.0
CTR-00573,ACC-0176,C-00573,2024-08-01,2025-07-31,12,Expired,USD,ORDREF-00573,404000.0
CTR-00574,ACC-0176,C-00574,2024-11-01,2026-10-31,24,Active,USD,ORDREF-00574,160000.0
CTR-00575,ACC-0176,C-00575,2025-08-01,2027-07-31,24,Active,USD,ORDREF-00575,968000.0
CTR-00576,ACC-0176,C-00576,2025-11-01,2026-10-31,12,Active,USD,ORDREF-00576,220000.0
CTR-00577,ACC-0177,C-00577,2025-06-01,2026-05-31,12,Active,USD,ORDREF-00577,146000.0
CTR-00578,ACC-0177,C-00578,2025-11-01,2026-10-31,12,Active,USD,ORDREF-00578,126000.0
CTR-00579,ACC-0178,C-00579,2023-11-01,2025-10-31,24,Expired,EUR,ORDREF-00579,241000.0
CTR-00580,ACC-0178,C-00580,2024-11-01,2025-10-31,12,Expired,EUR,ORDREF-00580,108000.0
CTR-00581,ACC-0178,C-00581,2025-01-01,2025-12-31,12,Active,EUR,ORDREF-00581,264000.0
CTR-00582,ACC-0179,C-00582,2023-05-01,2025-04-30,24,Expired,USD,ORDREF-00582,1064000.0
CTR-00583,ACC-0179,C-00583,2024-05-01,2027-04-30,36,Active,USD,ORDREF-00583,1596000.0
CTR-00584,ACC-0179,C-00584,2025-05-01,2028-04-30,36,Active,USD,ORDREF-00584,1596000.0
CTR-00585,ACC-0180,C-00585,2024-07-01,2025-06-30,12,Expired,USD,ORDREF-00585,188000.0
CTR-00586,ACC-0180,C-00586,2024-11-01,2026-10-31,24,Active,USD,ORDREF-00586,72000.0
CTR-00587,ACC-0180,C-00587,2025-07-01,2026-06-30,12,Active,USD,ORDREF-00587,216000.0
CTR-00588,ACC-0180,C-00588,2025-09-01,2026-08-31,12,Active,USD,ORDREF-00588,90000.0
CTR-00589,ACC-0180,C-00589,2025-11-01,2027-10-31,24,Active,USD,ORDREF-00589,150000.0
CTR-00590,ACC-0181,C-00590,2023-11-01,2025-10-31,24,Expired,USD,ORDREF-00590,178000.0
CTR-00591,ACC-0181,C-00591,2024-11-01,2025-10-31,12,Expired,USD,ORDREF-00591,80000.0
CTR-00592,ACC-0182,C-00592,2023-05-01,2026-04-30,36,Active,USD,ORDREF-00592,248000.0
CTR-00593,ACC-0182,C-00593,2024-05-01,2025-04-30,12,Expired,USD,ORDREF-00593,80000.0
CTR-00594,ACC-0182,C-00594,2025-02-01,2026-01-31,12,Active,USD,ORDREF-00594,285000.0
CTR-00595,ACC-0182,C-00595,2025-03-01,2026-02-28,12,Active,USD,ORDREF-00595,48000.0
CTR-00596,ACC-0182,C-00596,2025-05-01,2027-04-30,24,Active,USD,ORDREF-00596,826000.0
CTR-00597,ACC-0183,C-00597,2024-12-01,2025-11-30,12,Expired,USD,ORDREF-00597,28000.0
CTR-00598,ACC-0183,C-00598,2025-10-01,2028-09-30,36,Active,USD,ORDREF-00598,588000.0
CTR-00599,ACC-0183,C-00599,2025-12-01,2026-11-30,12,Active,USD,ORDREF-00599,224000.0
CTR-00600,ACC-0184,C-00600,2023-10-01,2025-09-30,24,Expired,USD,ORDREF-00600,504000.0
CTR-00601,ACC-0184,C-00601,2024-10-01,2025-09-30,12,Expired,USD,ORDREF-00601,252000.0
CTR-00602,ACC-0184,C-00602,2025-02-01,2026-01-31,12,Active,USD,ORDREF-00602,176000.0
CTR-00603,ACC-0184,C-00603,2025-10-01,2026-09-30,12,Active,USD,ORDREF-00603,428000.0
CTR-00604,ACC-0185,C-00604,2024-05-01,2025-04-30,12,Expired,EUR,ORDREF-00604,226000.0
CTR-00605,ACC-0185,C-00605,2025-05-01,2026-04-30,12,Active,EUR,ORDREF-00605,226000.0
CTR-00606,ACC-0186,C-00606,2023-02-01,2024-01-31,12,Expired,USD,ORDREF-00606,535000.0
CTR-00607,ACC-0186,C-00607,2024-02-01,2025-01-31,12,Expired,USD,ORDREF-00607,510000.0
CTR-00608,ACC-0186,C-00608,2024-04-01,2025-03-31,12,Expired,USD,ORDREF-00608,150000.0
CTR-00609,ACC-0186,C-00609,2025-02-01,2026-01-31,12,Active,USD,ORDREF-00609,360000.0
CTR-00610,ACC-0187,C-00610,2023-09-01,2024-08-31,12,Expired,USD,ORDREF-00610,36000.0
CTR-00611,ACC-0187,C-00611,2024-06-01,2025-05-31,12,Expired,USD,ORDREF-00611,198000.0
CTR-00612,ACC-0187,C-00612,2024-09-01,2025-08-31,12,Expired,USD,ORDREF-00612,226000.0
CTR-00613,ACC-0188,C-00613,2023-03-01,2024-02-29,12,Expired,USD,ORDREF-00613,146000.0
CTR-00614,ACC-0188,C-00614,2023-10-01,2026-09-30,36,Active,USD,ORDREF-00614,486000.0
CTR-00615,ACC-0188,C-00615,2024-03-01,2026-02-28,24,Active,USD,ORDREF-00615,580000.0
CTR-00616,ACC-0188,C-00616,2025-03-01,2026-02-28,12,Active,USD,ORDREF-00616,290000.0
CTR-00617,ACC-0189,C-00617,2023-04-01,2026-03-31,36,Active,USD,ORDREF-00617,2367000.0
CTR-00618,ACC-0189,C-00618,2024-04-01,2025-03-31,12,Expired,USD,ORDREF-00618,783000.0
CTR-00619,ACC-0189,C-00619,2024-05-01,2026-04-30,24,Active,USD,ORDREF-00619,280000.0
CTR-00620,ACC-0189,C-00620,2024-09-01,2025-08-31,12,Expired,USD,ORDREF-00620,60000.0
CTR-00621,ACC-0189,C-00621,2025-04-01,2026-03-31,12,Active,USD,ORDREF-00621,983000.0
CTR-00622,ACC-0190,C-00622,2024-12-01,2027-11-30,36,Active,USD,ORDREF-00622,72000.0
CTR-00623,ACC-0190,C-00623,2025-03-01,2027-02-28,24,Active,USD,ORDREF-00623,96000.0
CTR-00624,ACC-0190,C-00624,2025-03-01,2028-02-29,36,Active,USD,ORDREF-00624,144000.0
CTR-00625,ACC-0190,C-00625,2025-10-01,2026-09-30,12,Active,USD,ORDREF-00625,12000.0
CTR-00626,ACC-0190,C-00626,2025-12-01,2026-11-30,12,Active,USD,ORDREF-00626,108000.0
CTR-00627,ACC-0191,C-00627,2024-09-01,2025-08-31,12,Expired,USD,ORDREF-00627,217000.0
CTR-00628,ACC-0191,C-00628,2025-09-01,2027-08-31,24,Active,USD,ORDREF-00628,434000.0
CTR-00629,ACC-0191,C-00629,2025-09-01,2027-08-31,24,Active,USD,ORDREF-00629,56000.0
CTR-00630,ACC-0192,C-00630,2023-11-01,2024-10-31,12,Expired,EUR,ORDREF-00630,108000.0
CTR-00631,ACC-0192,C-00631,2024-11-01,2025-10-31,12,Expired,EUR,ORDREF-00631,100000.0
CTR-00632,ACC-0192,C-00632,2025-04-01,2028-03-31,36,Active,EUR,ORDREF-00632,252000.0
CTR-00633,ACC-0192,C-00633,2025-11-01,2026-10-31,12,Active,EUR,ORDREF-00633,184000.0
CTR-00634,ACC-0193,C-00634,2024-11-01,2027-10-31,36,Active,USD,ORDREF-00634,528000.0
CTR-00635,ACC-0193,C-00635,2025-11-01,2028-10-31,36,Active,USD,ORDREF-00635,528000.0
CTR-00636,ACC-0194,C-00636,2024-09-01,2025-08-31,12,Expired,USD,ORDREF-00636,187000.0
CTR-00637,ACC-0194,C-00637,2025-09-01,2027-08-31,24,Active,USD,ORDREF-00637,324000.0
CTR-00638,ACC-0194,C-00638,2025-12-01,2026-11-30,12,Active,USD,ORDREF-00638,54000.0
CTR-00639,ACC-0195,C-00639,2023-06-01,2024-05-31,12,Expired,USD,ORDREF-00639,148000.0
CTR-00640,ACC-0195,C-00640,2024-06-01,2027-05-31,36,Active,USD,ORDREF-00640,420000.0
CTR-00641,ACC-0195,C-00641,2025-06-01,2027-05-31,24,Active,USD,ORDREF-00641,280000.0
CTR-00642,ACC-0196,C-00642,2025-05-01,2026-04-30,12,Active,USD,ORDREF-00642,256000.0
CTR-00643,ACC-0196,C-00643,2025-08-01,2026-07-31,12,Active,USD,ORDREF-00643,48000.0
CTR-00644,ACC-0197,C-00644,2024-04-01,2025-03-31,12,Expired,USD,ORDREF-00644,386000.0
CTR-00645,ACC-0197,C-00645,2024-08-01,2026-07-31,24,Active,USD,ORDREF-00645,72000.0
CTR-00646,ACC-0197,C-00646,2024-08-01,2027-07-31,36,Active,USD,ORDREF-00646,270000.0
CTR-00647,ACC-0197,C-00647,2025-01-01,2025-12-31,12,Active,USD,ORDREF-00647,240000.0
CTR-00648,ACC-0197,C-00648,2025-04-01,2027-03-31,24,Active,USD,ORDREF-00648,1488000.0
CTR-00649,ACC-0198,C-00649,2025-04-01,2026-03-31,12,Active,USD,ORDREF-00649,138000.0
CTR-00650,ACC-0198,C-00650,2025-07-01,2028-06-30,36,Active,USD,ORDREF-00650,252000.0
CTR-00651,ACC-0199,C-00651,2025-02-01,2026-01-31,12,Active,USD,ORDREF-00651,285000.0
CTR-00652,ACC-0199,C-00652,2025-08-01,2027-07-31,24,Active,USD,ORDREF-00652,140000.0
CTR-00653,ACC-0200,C-00653,2025-04-01,2028-03-31,36,Active,GBP,ORDREF-00653,558000.0
CTR-00654,ACC-0200,C-00654,2025-12-01,2026-11-30,12,Active,GBP,ORDREF-00654,192000.0
