sales_order_line_id,sales_order_id,ns_item_id,quantity,rate,line_amount
NSOL-000001,NSO-00001,NSI-006,2,28000.0,112000.0
NSOL-000002,NSO-00001,NSI-008,10,14000.0,280000.0
NSOL-000003,NSO-00001,NSI-007,3,12000.0,72000.0
NSOL-000004,NSO-00002,NSI-007,2,12000.0,48000.0
NSOL-000005,NSO-00003,NSI-006,2,28000.0,112000.0
NSOL-000006,NSO-00003,NSI-008,10,14000.0,280000.0
NSOL-000007,NSO-00003,NSI-007,5,12000.0,120000.0
NSOL-000008,NSO-00004,NSI-006,2,28000.0,112000.0
NSOL-000009,NSO-00004,NSI-008,10,14000.0,280000.0
NSOL-000010,NSO-00004,NSI-007,5,12000.0,120000.0
NSOL-000011,NSO-00005,NSI-006,2,28000.0,111571.29
NSOL-000012,NSO-00005,NSI-009,9,95000.0,1703454.55
NSOL-000013,NSO-00005,NSI-008,9,14000.0,251035.41
NSOL-000014,NSO-00005,NSI-011,1,8000.0,15938.76
NSOL-000015,NSO-00006,NSI-009,1,95000.0,95000.0
NSOL-000016,NSO-00007,NSI-006,2,28000.0,56000.0
NSOL-000017,NSO-00007,NSI-008,9,14000.0,126000.0
NSOL-000018,NSO-00007,NSI-009,8,95000.0,760000.0
NSOL-000019,NSO-00008,NSI-005,2,16000.0,32000.0
NSOL-000020,NSO-00009,NSI-005,7,16000.0,224000.0
NSOL-000021,NSO-00010,NSI-006,2,28000.0,56000.0
NSOL-000022,NSO-00010,NSI-008,9,14000.0,126000.0
NSOL-000023,NSO-00010,NSI-009,8,95000.0,760000.0
NSOL-000024,NSO-00010,NSI-005,9,16000.0,144000.0
NSOL-000025,NSO-00011,NSI-009,11,95000.0,3135000.0
NSOL-000026,NSO-00012,NSI-006,9,28000.0,252000.0
NSOL-000027,NSO-00013,NSI-006,3,28000.0,84000.0
NSOL-000028,NSO-00014,NSI-009,3,95000.0,285000.0
NSOL-000029,NSO-00015,NSI-006,12,28000.0,1008000.0
NSOL-000030,NSO-00015,NSI-009,14,95000.0,3990000.0
NSOL-000031,NSO-00016,NSI-005,11,16000.0,176000.0
NSOL-000032,NSO-00016,NSI-012,1,18000.0,18000.0
NSOL-000033,NSO-00017,NSI-005,11,16000.0,528000.0
NSOL-000034,NSO-00018,NSI-005,11,16000.0,352000.0
NSOL-000035,NSO-00019,NSI-001,8,18000.0,144000.0
NSOL-000036,NSO-00019,NSI-003,7,22000.0,154000.0
NSOL-000037,NSO-00019,NSI-010,1,25000.0,25000.0
NSOL-000038,NSO-00020,NSI-001,8,18000.0,288000.0
NSOL-000039,NSO-00020,NSI-003,7,22000.0,308000.0
NSOL-000040,NSO-00021,NSI-007,2,12000.0,72000.0
NSOL-000041,NSO-00022,NSI-003,2,22000.0,44000.0
NSOL-000042,NSO-00022,NSI-011,1,8000.0,8000.0
NSOL-000043,NSO-00023,NSI-003,2,22000.0,88000.0
NSOL-000044,NSO-00024,NSI-003,1,22000.0,22000.0
NSOL-000045,NSO-00025,NSI-003,1,22000.0,44000.0
NSOL-000046,NSO-00026,NSI-003,1,22000.0,22000.0
NSOL-000047,NSO-00027,NSI-003,1,22000.0,44000.0
NSOL-000048,NSO-00028,NSI-007,1,12000.0,12000.0
NSOL-000049,NSO-00028,NSI-006,7,28000.0,196000.0
NSOL-000050,NSO-00028,NSI-012,1,18000.0,18000.0
NSOL-000051,NSO-00029,NSI-009,10,95000.0,950000.0
NSOL-000052,NSO-00030,NSI-006,9,28000.0,504000.0
NSOL-000053,NSO-00031,NSI-006,9,28000.0,504000.0
NSOL-000054,NSO-00032,NSI-006,6,28000.0,504000.0
NSOL-000055,NSO-00033,NSI-009,12,95000.0,1140000.0
NSOL-000056,NSO-00033,NSI-008,10,14000.0,140000.0
NSOL-000057,NSO-00033,NSI-010,1,25000.0,25000.0
NSOL-000058,NSO-00034,NSI-009,12,95000.0,1140000.0
NSOL-000059,NSO-00034,NSI-008,10,14000.0,140000.0
NSOL-000060,NSO-00035,NSI-001,3,18000.0,162000.0
NSOL-000061,NSO-00035,NSI-008,9,14000.0,378000.0
NSOL-000062,NSO-00036,NSI-001,3,18000.0,54000.0
NSOL-000063,NSO-00036,NSI-008,9,14000.0,126000.0
NSOL-000064,NSO-00037,NSI-001,3,18000.0,54000.0
NSOL-000065,NSO-00037,NSI-008,9,14000.0,126000.0
NSOL-000066,NSO-00038,NSI-004,7,30000.0,210000.0
NSOL-000067,NSO-00039,NSI-008,6,14000.0,252000.0
NSOL-000068,NSO-00040,NSI-004,7,30000.0,210000.0
NSOL-000069,NSO-00040,NSI-008,6,14000.0,84000.0
NSOL-000070,NSO-00041,NSI-008,4,14000.0,56000.0
NSOL-000071,NSO-00042,NSI-005,4,16000.0,64000.0
NSOL-000072,NSO-00042,NSI-009,12,95000.0,1140000.0
NSOL-000073,NSO-00042,NSI-006,12,28000.0,336000.0
NSOL-000074,NSO-00042,NSI-011,1,8000.0,8000.0
NSOL-000075,NSO-00043,NSI-003,3,22000.0,132000.0
NSOL-000076,NSO-00044,NSI-005,4,16000.0,64000.0
NSOL-000077,NSO-00044,NSI-009,12,95000.0,1140000.0
NSOL-000078,NSO-00044,NSI-006,12,28000.0,336000.0
NSOL-000079,NSO-00044,NSI-003,3,22000.0,66000.0
NSOL-000080,NSO-00045,NSI-005,4,16000.0,64000.0
NSOL-000081,NSO-00045,NSI-009,12,95000.0,1140000.0
NSOL-000082,NSO-00045,NSI-006,12,28000.0,336000.0
NSOL-000083,NSO-00045,NSI-003,3,22000.0,66000.0
NSOL-000084,NSO-00046,NSI-009,12,95000.0,3371072.96
NSOL-000085,NSO-00046,NSI-010,1,25000.0,73927.04
NSOL-000086,NSO-00047,NSI-004,1,30000.0,77382.62
NSOL-000087,NSO-00047,NSI-011,1,8000.0,20635.36
NSOL-000088,NSO-00048,NSI-004,6,30000.0,180000.0
NSOL-000089,NSO-00049,NSI-004,3,30000.0,90000.0
NSOL-000090,NSO-00049,NSI-001,7,18000.0,126000.0
NSOL-000091,NSO-00050,NSI-004,2,30000.0,180000.0
NSOL-000092,NSO-00051,NSI-008,2,14000.0,28000.0
NSOL-000093,NSO-00051,NSI-005,6,16000.0,96000.0
NSOL-000094,NSO-00051,NSI-002,3,15000.0,45000.0
NSOL-000095,NSO-00052,NSI-004,10,30000.0,900000.0
NSOL-000096,NSO-00052,NSI-003,11,22000.0,726000.0
NSOL-000097,NSO-00053,NSI-004,10,30000.0,300000.0
NSOL-000098,NSO-00053,NSI-003,11,22000.0,242000.0
NSOL-000099,NSO-00054,NSI-004,10,30000.0,300000.0
NSOL-000100,NSO-00054,NSI-003,11,22000.0,242000.0
NSOL-000101,NSO-00055,NSI-006,10,28000.0,560000.0
NSOL-000102,NSO-00055,NSI-005,12,16000.0,384000.0
NSOL-000103,NSO-00056,NSI-008,5,14000.0,210000.0
NSOL-000104,NSO-00057,NSI-006,10,28000.0,280000.0
NSOL-000105,NSO-00057,NSI-005,12,16000.0,192000.0
NSOL-000106,NSO-00057,NSI-008,5,14000.0,70000.0
NSOL-000107,NSO-00058,NSI-005,3,16000.0,48000.0
NSOL-000108,NSO-00059,NSI-006,10,28000.0,280000.0
NSOL-000109,NSO-00059,NSI-008,5,14000.0,70000.0
NSOL-000110,NSO-00059,NSI-005,15,16000.0,240000.0
NSOL-000111,NSO-00060,NSI-004,11,30000.0,660000.0
NSOL-000112,NSO-00060,NSI-009,10,95000.0,1900000.0
NSOL-000113,NSO-00061,NSI-004,3,30000.0,90000.0
NSOL-000114,NSO-00062,NSI-008,9,14000.0,126000.0
NSOL-000115,NSO-00062,NSI-002,8,15000.0,120000.0
NSOL-000116,NSO-00063,NSI-008,9,14000.0,126000.0
NSOL-000117,NSO-00063,NSI-002,8,15000.0,120000.0
NSOL-000118,NSO-00064,NSI-008,2,14000.0,28000.0
NSOL-000119,NSO-00065,NSI-001,8,18000.0,144000.0
NSOL-000120,NSO-00065,NSI-002,1,15000.0,15000.0
NSOL-000121,NSO-00065,NSI-010,1,25000.0,25000.0
NSOL-000122,NSO-00066,NSI-001,6,18000.0,108000.0
NSOL-000123,NSO-00067,NSI-002,1,15000.0,30000.0
NSOL-000124,NSO-00067,NSI-001,14,18000.0,504000.0
NSOL-000125,NSO-00068,NSI-008,7,14000.0,98000.0
NSOL-000126,NSO-00068,NSI-007,4,12000.0,48000.0
NSOL-000127,NSO-00068,NSI-005,4,16000.0,64000.0
NSOL-000128,NSO-00068,NSI-010,1,25000.0,25000.0
NSOL-000129,NSO-00069,NSI-002,4,15000.0,60000.0
NSOL-000130,NSO-00070,NSI-006,10,28000.0,280000.0
NSOL-000131,NSO-00071,NSI-009,4,95000.0,760000.0
NSOL-000132,NSO-00072,NSI-009,4,95000.0,1140000.0
NSOL-000133,NSO-00073,NSI-001,9,18000.0,162000.0
NSOL-000134,NSO-00074,NSI-006,8,28000.0,448000.0
NSOL-000135,NSO-00075,NSI-006,6,28000.0,336000.0
NSOL-000136,NSO-00076,NSI-009,4,95000.0,380000.0
NSOL-000137,NSO-00076,NSI-001,9,18000.0,162000.0
NSOL-000138,NSO-00076,NSI-006,14,28000.0,392000.0
NSOL-000139,NSO-00078,NSI-005,8,16000.0,128000.0
NSOL-000140,NSO-00078,NSI-003,1,22000.0,22000.0
NSOL-000141,NSO-00079,NSI-002,1,15000.0,28524.59
NSOL-000142,NSO-00079,NSI-004,5,30000.0,285245.9
NSOL-000143,NSO-00079,NSI-012,1,18000.0,34229.51
NSOL-000144,NSO-00080,NSI-004,6,30000.0,496097.56
NSOL-000145,NSO-00080,NSI-010,1,25000.0,68902.44
NSOL-000146,NSO-00081,NSI-004,6,30000.0,360000.0
NSOL-000147,NSO-00082,NSI-004,9,30000.0,270000.0
NSOL-000148,NSO-00082,NSI-011,1,8000.0,8000.0
NSOL-000149,NSO-00083,NSI-004,2,30000.0,120000.0
NSOL-000150,NSO-00084,NSI-004,11,30000.0,303600.0
NSOL-000151,NSO-00085,NSI-003,9,22000.0,594000.0
NSOL-000152,NSO-00085,NSI-001,10,18000.0,540000.0
NSOL-000153,NSO-00085,NSI-009,10,95000.0,2850000.0
NSOL-000154,NSO-00086,NSI-003,9,22000.0,594000.0
NSOL-000155,NSO-00086,NSI-001,10,18000.0,540000.0
NSOL-000156,NSO-00086,NSI-009,10,95000.0,2850000.0
NSOL-000157,NSO-00087,NSI-003,9,22000.0,396000.0
NSOL-000158,NSO-00087,NSI-001,10,18000.0,360000.0
NSOL-000159,NSO-00087,NSI-009,10,95000.0,1900000.0
NSOL-000160,NSO-00088,NSI-004,3,30000.0,90000.0
NSOL-000161,NSO-00089,NSI-001,2,18000.0,108000.0
NSOL-000162,NSO-00089,NSI-009,11,95000.0,3135000.0
NSOL-000163,NSO-00089,NSI-007,1,12000.0,36000.0
NSOL-000164,NSO-00090,NSI-006,10,28000.0,280000.0
NSOL-000165,NSO-00090,NSI-001,11,18000.0,198000.0
NSOL-000166,NSO-00091,NSI-007,12,12000.0,135360.0
NSOL-000167,NSO-00092,NSI-006,10,28000.0,280000.0
NSOL-000168,NSO-00092,NSI-001,11,18000.0,198000.0
NSOL-000169,NSO-00092,NSI-007,12,12000.0,144000.0
NSOL-000170,NSO-00093,NSI-006,10,28000.0,560000.0
NSOL-000171,NSO-00093,NSI-001,11,18000.0,396000.0
NSOL-000172,NSO-00093,NSI-007,12,12000.0,288000.0
NSOL-000173,NSO-00094,NSI-009,5,95000.0,475000.0
NSOL-000174,NSO-00095,NSI-009,5,95000.0,950000.0
NSOL-000175,NSO-00096,NSI-002,2,15000.0,30000.0
NSOL-000176,NSO-00096,NSI-001,7,18000.0,126000.0
NSOL-000177,NSO-00096,NSI-012,1,18000.0,18000.0
NSOL-000178,NSO-00097,NSI-002,2,15000.0,60000.0
NSOL-000179,NSO-00097,NSI-001,7,18000.0,252000.0
NSOL-000180,NSO-00098,NSI-002,2,15000.0,90000.0
NSOL-000181,NSO-00098,NSI-001,7,18000.0,378000.0
NSOL-000182,NSO-00099,NSI-002,11,15000.0,165000.0
NSOL-000183,NSO-00100,NSI-002,11,15000.0,165000.0
NSOL-000184,NSO-00101,NSI-005,4,16000.0,128000.0
NSOL-000185,NSO-00101,NSI-003,10,22000.0,440000.0
NSOL-000186,NSO-00101,NSI-009,7,95000.0,1330000.0
NSOL-000187,NSO-00102,NSI-001,2,18000.0,36000.0
NSOL-000188,NSO-00103,NSI-005,4,16000.0,64000.0
NSOL-000189,NSO-00103,NSI-003,10,22000.0,220000.0
NSOL-000190,NSO-00103,NSI-009,7,95000.0,665000.0
NSOL-000191,NSO-00103,NSI-001,2,18000.0,36000.0
NSOL-000192,NSO-00104,NSI-005,4,16000.0,192000.0
NSOL-000193,NSO-00104,NSI-003,10,22000.0,660000.0
NSOL-000194,NSO-00104,NSI-009,7,95000.0,1995000.0
NSOL-000195,NSO-00104,NSI-001,2,18000.0,108000.0
NSOL-000196,NSO-00105,NSI-006,8,28000.0,224000.0
NSOL-000197,NSO-00106,NSI-007,2,12000.0,48000.0
NSOL-000198,NSO-00108,NSI-007,8,12000.0,96000.0
NSOL-000199,NSO-00109,NSI-003,2,22000.0,44000.0
NSOL-000200,NSO-00110,NSI-002,2,15000.0,90000.0
NSOL-000201,NSO-00110,NSI-001,6,18000.0,324000.0
NSOL-000202,NSO-00111,NSI-002,3,15000.0,135000.0
NSOL-000203,NSO-00112,NSI-001,6,18000.0,108000.0
NSOL-000204,NSO-00112,NSI-002,5,15000.0,75000.0
NSOL-000205,NSO-00113,NSI-003,3,22000.0,66000.0
NSOL-000206,NSO-00114,NSI-006,4,28000.0,224000.0
NSOL-000207,NSO-00114,NSI-005,12,16000.0,384000.0
NSOL-000208,NSO-00115,NSI-005,6,16000.0,96000.0
NSOL-000209,NSO-00116,NSI-006,4,28000.0,336000.0
NSOL-000210,NSO-00116,NSI-005,18,16000.0,864000.0
NSOL-000211,NSO-00117,NSI-006,4,28000.0,336000.0
NSOL-000212,NSO-00117,NSI-005,18,16000.0,864000.0
NSOL-000213,NSO-00118,NSI-005,4,16000.0,127376.37
NSOL-000214,NSO-00118,NSI-008,6,14000.0,167181.49
NSOL-000215,NSO-00118,NSI-009,7,95000.0,1323520.1
NSOL-000216,NSO-00118,NSI-011,1,8000.0,15922.05
NSOL-000217,NSO-00119,NSI-005,4,16000.0,64000.0
NSOL-000218,NSO-00119,NSI-008,6,14000.0,84000.0
NSOL-000219,NSO-00119,NSI-009,7,95000.0,665000.0
NSOL-000220,NSO-00120,NSI-005,4,16000.0,128000.0
NSOL-000221,NSO-00120,NSI-008,6,14000.0,168000.0
NSOL-000222,NSO-00120,NSI-009,7,95000.0,1330000.0
NSOL-000223,NSO-00121,NSI-007,3,12000.0,36000.0
NSOL-000224,NSO-00121,NSI-008,11,14000.0,154000.0
NSOL-000225,NSO-00121,NSI-011,1,8000.0,8000.0
NSOL-000226,NSO-00122,NSI-008,1,14000.0,42000.0
NSOL-000227,NSO-00123,NSI-007,2,12000.0,72000.0
NSOL-000228,NSO-00124,NSI-001,6,18000.0,108000.0
NSOL-000229,NSO-00124,NSI-007,7,12000.0,84000.0
NSOL-000230,NSO-00124,NSI-010,1,25000.0,25000.0
NSOL-000231,NSO-00125,NSI-001,6,18000.0,216000.0
NSOL-000232,NSO-00125,NSI-007,7,12000.0,168000.0
NSOL-000233,NSO-00126,NSI-004,1,30000.0,30000.0
NSOL-000234,NSO-00127,NSI-001,2,18000.0,72000.0
NSOL-000235,NSO-00128,NSI-007,7,12000.0,84000.0
NSOL-000236,NSO-00128,NSI-004,1,30000.0,30000.0
NSOL-000237,NSO-00128,NSI-001,8,18000.0,144000.0
NSOL-000238,NSO-00129,NSI-002,8,15000.0,240000.0
NSOL-000239,NSO-00130,NSI-002,4,15000.0,60000.0
NSOL-000240,NSO-00131,NSI-002,12,15000.0,180000.0
NSOL-000241,NSO-00132,NSI-007,11,12000.0,248160.0
NSOL-000242,NSO-00132,NSI-012,1,18000.0,33840.0
NSOL-000243,NSO-00133,NSI-007,2,12000.0,24000.0
NSOL-000244,NSO-00134,NSI-007,6,12000.0,72000.0
NSOL-000245,NSO-00135,NSI-006,10,28000.0,560000.0
NSOL-000246,NSO-00135,NSI-007,7,12000.0,168000.0
NSOL-000247,NSO-00136,NSI-006,10,28000.0,840000.0
NSOL-000248,NSO-00136,NSI-007,7,12000.0,252000.0
NSOL-000249,NSO-00137,NSI-006,10,28000.0,280000.0
NSOL-000250,NSO-00137,NSI-007,7,12000.0,84000.0
NSOL-000251,NSO-00138,NSI-001,3,18000.0,54000.0
NSOL-000252,NSO-00139,NSI-003,10,22000.0,417551.02
NSOL-000253,NSO-00139,NSI-010,1,25000.0,47448.98
NSOL-000254,NSO-00140,NSI-001,6,18000.0,216000.0
NSOL-000255,NSO-00141,NSI-003,10,22000.0,220000.0
NSOL-000256,NSO-00141,NSI-001,6,18000.0,108000.0
NSOL-000257,NSO-00142,NSI-001,8,18000.0,288000.0
NSOL-000258,NSO-00143,NSI-004,5,30000.0,407142.86
NSOL-000259,NSO-00143,NSI-010,1,25000.0,67857.14
NSOL-000260,NSO-00144,NSI-004,5,30000.0,450000.0
NSOL-000261,NSO-00145,NSI-001,12,18000.0,216000.0
NSOL-000262,NSO-00146,NSI-004,5,30000.0,300000.0
NSOL-000263,NSO-00146,NSI-001,12,18000.0,432000.0
NSOL-000264,NSO-00147,NSI-001,1,18000.0,18000.0
NSOL-000265,NSO-00148,NSI-002,4,15000.0,60000.0
NSOL-000266,NSO-00148,NSI-012,1,18000.0,18000.0
NSOL-000267,NSO-00149,NSI-001,10,18000.0,180000.0
NSOL-000268,NSO-00150,NSI-007,3,12000.0,108000.0
NSOL-000269,NSO-00151,NSI-009,11,95000.0,3135000.0
NSOL-000270,NSO-00152,NSI-007,8,12000.0,96000.0
NSOL-000271,NSO-00153,NSI-007,7,12000.0,84000.0
NSOL-000272,NSO-00154,NSI-007,9,12000.0,108000.0
NSOL-000273,NSO-00155,NSI-009,11,95000.0,2090000.0
NSOL-000274,NSO-00155,NSI-007,6,12000.0,144000.0
NSOL-000275,NSO-00156,NSI-009,11,95000.0,1045000.0
NSOL-000276,NSO-00156,NSI-007,6,12000.0,72000.0
NSOL-000277,NSO-00157,NSI-009,7,95000.0,665000.0
NSOL-000278,NSO-00157,NSI-007,4,12000.0,48000.0
NSOL-000279,NSO-00157,NSI-002,8,15000.0,120000.0
NSOL-000280,NSO-00157,NSI-011,1,8000.0,8000.0
NSOL-000281,NSO-00158,NSI-009,7,95000.0,665000.0
NSOL-000282,NSO-00158,NSI-007,4,12000.0,48000.0
NSOL-000283,NSO-00158,NSI-002,8,15000.0,120000.0
NSOL-000284,NSO-00159,NSI-003,8,22000.0,344347.83
NSOL-000285,NSO-00159,NSI-011,1,8000.0,15652.17
NSOL-000286,NSO-00160,NSI-003,3,22000.0,66000.0
NSOL-000287,NSO-00161,NSI-003,7,22000.0,154000.0
NSOL-000288,NSO-00162,NSI-003,18,22000.0,396000.0
NSOL-000289,NSO-00163,NSI-008,1,14000.0,31818.18
NSOL-000290,NSO-00163,NSI-011,1,8000.0,18181.82
NSOL-000291,NSO-00164,NSI-008,1,14000.0,14000.0
NSOL-000292,NSO-00165,NSI-008,1,14000.0,14000.0
NSOL-000293,NSO-00166,NSI-001,10,18000.0,180000.0
NSOL-000294,NSO-00167,NSI-001,10,18000.0,360000.0
NSOL-000295,NSO-00168,NSI-002,3,15000.0,45000.0
NSOL-000296,NSO-00169,NSI-002,4,15000.0,60000.0
NSOL-000297,NSO-00170,NSI-001,11,18000.0,594000.0
NSOL-000298,NSO-00171,NSI-001,7,18000.0,126000.0
NSOL-000299,NSO-00172,NSI-001,18,18000.0,972000.0
NSOL-000300,NSO-00173,NSI-007,6,12000.0,72000.0
NSOL-000301,NSO-00174,NSI-007,7,12000.0,269640.0
NSOL-000302,NSO-00175,NSI-007,5,12000.0,60000.0
NSOL-000303,NSO-00176,NSI-007,3,12000.0,108000.0
NSOL-000304,NSO-00177,NSI-007,21,12000.0,756000.0
NSOL-000305,NSO-00178,NSI-002,7,15000.0,105000.0
NSOL-000306,NSO-00178,NSI-012,1,18000.0,18000.0
NSOL-000307,NSO-00179,NSI-002,8,15000.0,120000.0
NSOL-000308,NSO-00180,NSI-004,6,30000.0,180000.0
NSOL-000309,NSO-00183,NSI-006,5,28000.0,420000.0
NSOL-000310,NSO-00183,NSI-001,13,18000.0,702000.0
NSOL-000311,NSO-00184,NSI-001,4,18000.0,72000.0
NSOL-000312,NSO-00184,NSI-011,1,8000.0,8000.0
NSOL-000313,NSO-00185,NSI-003,10,22000.0,220000.0
NSOL-000314,NSO-00186,NSI-001,4,18000.0,72000.0
NSOL-000315,NSO-00187,NSI-003,10,22000.0,235400.0
NSOL-000316,NSO-00187,NSI-001,8,18000.0,154080.0
NSOL-000317,NSO-00188,NSI-003,8,22000.0,176000.0
NSOL-000318,NSO-00189,NSI-004,6,30000.0,540000.0
NSOL-000319,NSO-00189,NSI-008,10,14000.0,420000.0
NSOL-000320,NSO-00190,NSI-008,1,14000.0,14000.0
NSOL-000321,NSO-00191,NSI-004,6,30000.0,180000.0
NSOL-000322,NSO-00191,NSI-008,11,14000.0,154000.0
NSOL-000323,NSO-00192,NSI-008,8,14000.0,112000.0
NSOL-000324,NSO-00193,NSI-004,6,30000.0,180000.0
NSOL-000325,NSO-00193,NSI-008,19,14000.0,266000.0
NSOL-000326,NSO-00194,NSI-006,8,28000.0,672000.0
NSOL-000327,NSO-00195,NSI-006,4,28000.0,224000.0
NSOL-000328,NSO-00196,NSI-006,8,28000.0,440265.19
NSOL-000329,NSO-00196,NSI-009,5,95000.0,933598.07
NSOL-000330,NSO-00196,NSI-010,1,25000.0,49136.74
NSOL-000331,NSO-00197,NSI-002,9,15000.0,248906.25
NSOL-000332,NSO-00197,NSI-010,1,25000.0,46093.75
NSOL-000333,NSO-00198,NSI-002,4,15000.0,60000.0
NSOL-000334,NSO-00199,NSI-002,13,15000.0,195000.0
NSOL-000335,NSO-00200,NSI-003,1,22000.0,22000.0
NSOL-000336,NSO-00201,NSI-003,1,22000.0,22000.0
NSOL-000337,NSO-00202,NSI-003,2,22000.0,44000.0
NSOL-000338,NSO-00203,NSI-003,2,22000.0,44000.0
NSOL-000339,NSO-00204,NSI-002,4,15000.0,60000.0
NSOL-000340,NSO-00205,NSI-002,4,15000.0,60000.0
NSOL-000341,NSO-00206,NSI-002,4,15000.0,60000.0
NSOL-000342,NSO-00207,NSI-007,3,12000.0,70573.69
NSOL-000343,NSO-00207,NSI-009,6,95000.0,1117416.8
NSOL-000344,NSO-00207,NSI-010,1,25000.0,49009.51
NSOL-000345,NSO-00208,NSI-005,8,16000.0,256000.0
NSOL-000346,NSO-00209,NSI-007,7,12000.0,168000.0
NSOL-000347,NSO-00210,NSI-007,8,12000.0,288000.0
NSOL-000348,NSO-00210,NSI-006,9,28000.0,756000.0
NSOL-000349,NSO-00211,NSI-007,5,12000.0,60000.0
NSOL-000350,NSO-00212,NSI-006,9,28000.0,756000.0
NSOL-000351,NSO-00212,NSI-007,13,12000.0,468000.0
NSOL-000352,NSO-00213,NSI-006,9,28000.0,252000.0
NSOL-000353,NSO-00213,NSI-007,13,12000.0,156000.0
NSOL-000354,NSO-00214,NSI-001,4,18000.0,72000.0
NSOL-000355,NSO-00215,NSI-001,4,18000.0,72000.0
NSOL-000356,NSO-00216,NSI-003,8,22000.0,176000.0
NSOL-000357,NSO-00216,NSI-004,9,30000.0,270000.0
NSOL-000358,NSO-00216,NSI-007,5,12000.0,60000.0
NSOL-000359,NSO-00216,NSI-010,1,25000.0,25000.0
NSOL-000360,NSO-00217,NSI-005,12,16000.0,192000.0
NSOL-000361,NSO-00218,NSI-003,8,22000.0,176000.0
NSOL-000362,NSO-00218,NSI-004,9,30000.0,270000.0
NSOL-000363,NSO-00218,NSI-007,5,12000.0,60000.0
NSOL-000364,NSO-00218,NSI-005,12,16000.0,192000.0
NSOL-000365,NSO-00219,NSI-006,6,28000.0,168000.0
NSOL-000366,NSO-00219,NSI-002,12,15000.0,180000.0
NSOL-000367,NSO-00220,NSI-002,6,15000.0,180000.0
NSOL-000368,NSO-00221,NSI-004,7,30000.0,630000.0
NSOL-000369,NSO-00221,NSI-003,5,22000.0,330000.0
NSOL-000370,NSO-00222,NSI-004,7,30000.0,630000.0
NSOL-000371,NSO-00222,NSI-003,5,22000.0,330000.0
NSOL-000372,NSO-00223,NSI-003,3,22000.0,66000.0
NSOL-000373,NSO-00224,NSI-003,6,22000.0,132000.0
NSOL-000374,NSO-00225,NSI-005,4,16000.0,64000.0
NSOL-000375,NSO-00225,NSI-010,1,25000.0,25000.0
NSOL-000376,NSO-00226,NSI-005,7,16000.0,224000.0
NSOL-000377,NSO-00227,NSI-005,4,16000.0,64000.0
NSOL-000378,NSO-00228,NSI-006,5,28000.0,140000.0
NSOL-000379,NSO-00229,NSI-006,7,28000.0,360640.0
NSOL-000380,NSO-00230,NSI-001,2,18000.0,36000.0
NSOL-000381,NSO-00231,NSI-009,11,95000.0,3089565.22
NSOL-000382,NSO-00231,NSI-005,5,16000.0,236521.74
NSOL-000383,NSO-00231,NSI-010,1,25000.0,73913.04
NSOL-000384,NSO-00232,NSI-009,11,95000.0,2090000.0
NSOL-000385,NSO-00232,NSI-005,5,16000.0,160000.0
NSOL-000386,NSO-00233,NSI-005,4,16000.0,192000.0
NSOL-000387,NSO-00234,NSI-008,7,14000.0,98000.0
NSOL-000388,NSO-00234,NSI-002,8,15000.0,120000.0
NSOL-000389,NSO-00234,NSI-003,8,22000.0,176000.0
NSOL-000390,NSO-00235,NSI-002,1,15000.0,15000.0
NSOL-000391,NSO-00236,NSI-008,7,14000.0,98000.0
NSOL-000392,NSO-00236,NSI-003,8,22000.0,176000.0
NSOL-000393,NSO-00236,NSI-002,9,15000.0,135000.0
NSOL-000394,NSO-00237,NSI-008,7,14000.0,294000.0
NSOL-000395,NSO-00237,NSI-003,8,22000.0,528000.0
NSOL-000396,NSO-00237,NSI-002,9,15000.0,405000.0
NSOL-000397,NSO-00238,NSI-006,9,28000.0,252000.0
NSOL-000398,NSO-00238,NSI-012,1,18000.0,18000.0
NSOL-000399,NSO-00239,NSI-006,8,28000.0,672000.0
NSOL-000400,NSO-00240,NSI-003,2,22000.0,44000.0
NSOL-000401,NSO-00241,NSI-006,17,28000.0,509320.0
NSOL-000402,NSO-00241,NSI-003,2,22000.0,47080.0
NSOL-000403,NSO-00242,NSI-007,11,12000.0,132000.0
NSOL-000404,NSO-00242,NSI-004,3,30000.0,90000.0
NSOL-000405,NSO-00242,NSI-009,10,95000.0,950000.0
NSOL-000406,NSO-00242,NSI-012,1,18000.0,18000.0
NSOL-000407,NSO-00243,NSI-007,11,12000.0,264000.0
NSOL-000408,NSO-00243,NSI-004,3,30000.0,180000.0
NSOL-000409,NSO-00243,NSI-009,10,95000.0,1900000.0
NSOL-000410,NSO-00244,NSI-009,7,95000.0,2134650.0
NSOL-000411,NSO-00245,NSI-002,10,15000.0,450000.0
NSOL-000412,NSO-00245,NSI-009,2,95000.0,570000.0
NSOL-000413,NSO-00246,NSI-002,10,15000.0,150000.0
NSOL-000414,NSO-00246,NSI-009,2,95000.0,190000.0
NSOL-000415,NSO-00247,NSI-009,1,95000.0,95000.0
NSOL-000416,NSO-00248,NSI-002,10,15000.0,150000.0
NSOL-000417,NSO-00248,NSI-009,3,95000.0,285000.0
NSOL-000418,NSO-00249,NSI-001,5,18000.0,90000.0
NSOL-000419,NSO-00249,NSI-006,5,28000.0,140000.0
NSOL-000420,NSO-00249,NSI-007,5,12000.0,60000.0
NSOL-000421,NSO-00250,NSI-008,11,14000.0,308000.0
NSOL-000422,NSO-00251,NSI-009,1,95000.0,190000.0
NSOL-000423,NSO-00251,NSI-006,9,28000.0,504000.0
NSOL-000424,NSO-00252,NSI-001,3,18000.0,162000.0
NSOL-000425,NSO-00253,NSI-009,1,95000.0,95000.0
NSOL-000426,NSO-00253,NSI-006,9,28000.0,252000.0
NSOL-000427,NSO-00253,NSI-001,3,18000.0,54000.0
NSOL-000428,NSO-00254,NSI-009,1,95000.0,95000.0
NSOL-000429,NSO-00254,NSI-006,9,28000.0,252000.0
NSOL-000430,NSO-00254,NSI-001,3,18000.0,54000.0
NSOL-000431,NSO-00255,NSI-009,11,95000.0,1045000.0
NSOL-000432,NSO-00255,NSI-007,2,12000.0,24000.0
NSOL-000433,NSO-00256,NSI-007,1,12000.0,36000.0
NSOL-000434,NSO-00257,NSI-009,11,95000.0,1045000.0
NSOL-000435,NSO-00257,NSI-007,1,12000.0,12000.0
NSOL-000436,NSO-00258,NSI-009,11,95000.0,1045000.0
NSOL-000437,NSO-00258,NSI-007,1,12000.0,12000.0
NSOL-000438,NSO-00259,NSI-004,11,30000.0,330000.0
NSOL-000439,NSO-00259,NSI-005,7,16000.0,112000.0
NSOL-000440,NSO-00260,NSI-009,5,95000.0,1425000.0
NSOL-000441,NSO-00261,NSI-004,5,30000.0,150000.0
NSOL-000442,NSO-00261,NSI-008,11,14000.0,154000.0
NSOL-000443,NSO-00262,NSI-005,11,16000.0,176000.0
NSOL-000444,NSO-00262,NSI-009,2,95000.0,190000.0
NSOL-000445,NSO-00262,NSI-011,1,8000.0,8000.0
NSOL-000446,NSO-00264,NSI-005,11,16000.0,176000.0
NSOL-000447,NSO-00264,NSI-009,2,95000.0,190000.0
NSOL-000448,NSO-00264,NSI-008,10,14000.0,140000.0
NSOL-000449,NSO-00265,NSI-001,10,18000.0,331200.0
NSOL-000450,NSO-00266,NSI-007,9,12000.0,216000.0
NSOL-000451,NSO-00267,NSI-002,8,15000.0,345000.0
NSOL-000452,NSO-00267,NSI-011,1,8000.0,23000.0
NSOL-000453,NSO-00268,NSI-002,5,15000.0,75000.0
NSOL-000454,NSO-00269,NSI-003,8,22000.0,176000.0
NSOL-000455,NSO-00270,NSI-003,7,22000.0,308000.0
NSOL-000456,NSO-00271,NSI-008,3,14000.0,42000.0
NSOL-000457,NSO-00271,NSI-012,1,18000.0,18000.0
NSOL-000458,NSO-00272,NSI-008,3,14000.0,42000.0
NSOL-000459,NSO-00273,NSI-008,1,14000.0,14000.0
NSOL-000460,NSO-00274,NSI-008,2,14000.0,28000.0
NSOL-000461,NSO-00275,NSI-008,7,14000.0,180793.1
NSOL-000462,NSO-00275,NSI-012,1,18000.0,33206.9
NSOL-000463,NSO-00276,NSI-005,3,16000.0,48000.0
NSOL-000464,NSO-00277,NSI-008,7,14000.0,294000.0
NSOL-000465,NSO-00277,NSI-005,3,16000.0,144000.0
NSOL-000466,NSO-00278,NSI-003,5,22000.0,110000.0
NSOL-000467,NSO-00279,NSI-003,6,22000.0,396000.0
NSOL-000468,NSO-00280,NSI-004,3,30000.0,180000.0
NSOL-000469,NSO-00281,NSI-004,3,30000.0,90000.0
NSOL-000470,NSO-00282,NSI-004,3,30000.0,90000.0
NSOL-000471,NSO-00283,NSI-005,9,16000.0,144000.0
NSOL-000472,NSO-00284,NSI-005,9,16000.0,144000.0
NSOL-000473,NSO-00285,NSI-008,4,14000.0,59920.0
NSOL-000474,NSO-00285,NSI-003,12,22000.0,282480.0
NSOL-000475,NSO-00286,NSI-008,4,14000.0,56000.0
NSOL-000476,NSO-00286,NSI-003,12,22000.0,264000.0
NSOL-000477,NSO-00287,NSI-003,2,22000.0,44000.0
NSOL-000478,NSO-00288,NSI-002,5,15000.0,225000.0
NSOL-000479,NSO-00289,NSI-001,9,18000.0,302342.25
NSOL-000480,NSO-00289,NSI-010,1,25000.0,46657.75
NSOL-000481,NSO-00290,NSI-001,9,18000.0,162000.0
NSOL-000482,NSO-00291,NSI-002,5,15000.0,75000.0
NSOL-000483,NSO-00291,NSI-009,11,95000.0,1045000.0
NSOL-000484,NSO-00291,NSI-011,1,8000.0,8000.0
NSOL-000485,NSO-00292,NSI-002,5,15000.0,75000.0
NSOL-000486,NSO-00292,NSI-009,11,95000.0,1045000.0
NSOL-000487,NSO-00293,NSI-001,1,18000.0,18000.0
NSOL-000488,NSO-00294,NSI-001,7,18000.0,126000.0
NSOL-000489,NSO-00295,NSI-001,8,18000.0,288000.0
NSOL-000490,NSO-00296,NSI-001,1,18000.0,18000.0
NSOL-000491,NSO-00297,NSI-008,10,14000.0,420000.0
NSOL-000492,NSO-00297,NSI-003,7,22000.0,462000.0
NSOL-000493,NSO-00298,NSI-008,5,14000.0,70000.0
NSOL-000494,NSO-00299,NSI-003,6,22000.0,396000.0
NSOL-000495,NSO-00300,NSI-004,8,30000.0,686511.63
NSOL-000496,NSO-00300,NSI-012,1,18000.0,51488.37
NSOL-000497,NSO-00301,NSI-004,8,30000.0,480000.0
NSOL-000498,NSO-00302,NSI-004,4,30000.0,240000.0
NSOL-000499,NSO-00303,NSI-004,9,30000.0,810000.0
NSOL-000500,NSO-00304,NSI-008,2,14000.0,56000.0
NSOL-000501,NSO-00305,NSI-005,9,16000.0,432000.0
NSOL-000502,NSO-00306,NSI-005,6,16000.0,192000.0
NSOL-000503,NSO-00307,NSI-008,2,14000.0,56000.0
NSOL-000504,NSO-00307,NSI-005,15,16000.0,480000.0
NSOL-000505,NSO-00308,NSI-002,11,15000.0,165000.0
NSOL-000506,NSO-00308,NSI-009,4,95000.0,380000.0
NSOL-000507,NSO-00308,NSI-011,1,8000.0,8000.0
NSOL-000508,NSO-00309,NSI-002,5,15000.0,150000.0
NSOL-000509,NSO-00310,NSI-009,4,95000.0,380000.0
NSOL-000510,NSO-00310,NSI-002,16,15000.0,240000.0
NSOL-000511,NSO-00311,NSI-007,1,12000.0,12000.0
NSOL-000512,NSO-00312,NSI-007,1,12000.0,12000.0
NSOL-000513,NSO-00313,NSI-003,12,22000.0,775238.1
NSOL-000514,NSO-00313,NSI-009,3,95000.0,836904.76
NSOL-000515,NSO-00313,NSI-012,1,18000.0,52857.14
NSOL-000516,NSO-00314,NSI-003,12,22000.0,264000.0
NSOL-000517,NSO-00314,NSI-009,3,95000.0,285000.0
NSOL-000518,NSO-00315,NSI-009,3,95000.0,285000.0
NSOL-000519,NSO-00316,NSI-009,6,95000.0,1710000.0
NSOL-000520,NSO-00317,NSI-009,6,95000.0,570000.0
NSOL-000521,NSO-00318,NSI-006,6,28000.0,168000.0
NSOL-000522,NSO-00318,NSI-002,9,15000.0,135000.0
NSOL-000523,NSO-00318,NSI-012,1,18000.0,18000.0
NSOL-000524,NSO-00319,NSI-005,3,16000.0,48000.0
NSOL-000525,NSO-00320,NSI-002,3,15000.0,45000.0
NSOL-000526,NSO-00321,NSI-006,6,28000.0,168000.0
NSOL-000527,NSO-00321,NSI-005,3,16000.0,48000.0
NSOL-000528,NSO-00321,NSI-002,12,15000.0,180000.0
NSOL-000529,NSO-00322,NSI-008,2,14000.0,84000.0
NSOL-000530,NSO-00323,NSI-008,2,14000.0,28000.0
NSOL-000531,NSO-00324,NSI-008,1,14000.0,28000.0
NSOL-000532,NSO-00325,NSI-008,3,14000.0,42000.0
NSOL-000533,NSO-00326,NSI-006,12,28000.0,336000.0
NSOL-000534,NSO-00326,NSI-004,4,30000.0,120000.0
NSOL-000535,NSO-00326,NSI-007,5,12000.0,60000.0
NSOL-000536,NSO-00326,NSI-012,1,18000.0,18000.0
NSOL-000537,NSO-00327,NSI-007,5,12000.0,60000.0
NSOL-000538,NSO-00328,NSI-006,3,28000.0,89880.0
NSOL-000539,NSO-00329,NSI-005,10,16000.0,461052.63
NSOL-000540,NSO-00329,NSI-008,9,14000.0,363078.95
NSOL-000541,NSO-00329,NSI-012,1,18000.0,51868.42
NSOL-000542,NSO-00330,NSI-005,6,16000.0,96000.0
NSOL-000543,NSO-00331,NSI-005,1,16000.0,16000.0
NSOL-000544,NSO-00332,NSI-002,11,15000.0,330000.0
NSOL-000545,NSO-00333,NSI-006,2,28000.0,56000.0
NSOL-000546,NSO-00333,NSI-007,7,12000.0,84000.0
NSOL-000547,NSO-00333,NSI-012,1,18000.0,18000.0
NSOL-000548,NSO-00334,NSI-003,9,22000.0,198000.0
NSOL-000549,NSO-00335,NSI-003,1,22000.0,65960.29
NSOL-000550,NSO-00336,NSI-007,9,12000.0,108000.0
NSOL-000551,NSO-00336,NSI-002,12,15000.0,180000.0
NSOL-000552,NSO-00336,NSI-008,12,14000.0,168000.0
NSOL-000553,NSO-00337,NSI-007,9,12000.0,108000.0
NSOL-000554,NSO-00337,NSI-002,12,15000.0,180000.0
NSOL-000555,NSO-00337,NSI-008,12,14000.0,168000.0
NSOL-000556,NSO-00338,NSI-009,10,95000.0,950000.0
NSOL-000557,NSO-00338,NSI-002,4,15000.0,60000.0
NSOL-000558,NSO-00339,NSI-009,10,95000.0,950000.0
NSOL-000559,NSO-00339,NSI-002,4,15000.0,60000.0
NSOL-000560,NSO-00340,NSI-009,10,95000.0,2850000.0
NSOL-000561,NSO-00340,NSI-002,4,15000.0,180000.0
NSOL-000562,NSO-00341,NSI-009,2,95000.0,570000.0
NSOL-000563,NSO-00342,NSI-005,7,16000.0,112000.0
NSOL-000564,NSO-00342,NSI-008,7,14000.0,98000.0
NSOL-000565,NSO-00343,NSI-003,11,22000.0,726000.0
NSOL-000566,NSO-00344,NSI-005,7,16000.0,112000.0
NSOL-000567,NSO-00344,NSI-008,7,14000.0,98000.0
NSOL-000568,NSO-00344,NSI-003,11,22000.0,242000.0
NSOL-000569,NSO-00345,NSI-005,7,16000.0,112000.0
NSOL-000570,NSO-00345,NSI-008,7,14000.0,98000.0
NSOL-000571,NSO-00345,NSI-003,11,22000.0,242000.0
NSOL-000572,NSO-00346,NSI-009,2,95000.0,537115.38
NSOL-000573,NSO-00346,NSI-012,1,18000.0,50884.62
NSOL-000574,NSO-00347,NSI-009,8,95000.0,2280000.0
NSOL-000575,NSO-00348,NSI-009,10,95000.0,950000.0
NSOL-000576,NSO-00349,NSI-008,6,14000.0,252000.0
NSOL-000577,NSO-00350,NSI-004,8,30000.0,240000.0
NSOL-000578,NSO-00350,NSI-006,8,28000.0,224000.0
NSOL-000579,NSO-00350,NSI-012,1,18000.0,18000.0
NSOL-000580,NSO-00351,NSI-004,8,30000.0,240000.0
NSOL-000581,NSO-00351,NSI-006,8,28000.0,224000.0
NSOL-000582,NSO-00352,NSI-004,8,30000.0,240000.0
NSOL-000583,NSO-00352,NSI-006,8,28000.0,224000.0
NSOL-000584,NSO-00353,NSI-006,3,28000.0,168000.0
NSOL-000585,NSO-00354,NSI-006,4,28000.0,112000.0
NSOL-000586,NSO-00355,NSI-006,7,28000.0,196000.0
NSOL-000587,NSO-00356,NSI-004,9,30000.0,810000.0
NSOL-000588,NSO-00356,NSI-001,5,18000.0,270000.0
NSOL-000589,NSO-00357,NSI-001,2,18000.0,36000.0
NSOL-000590,NSO-00358,NSI-008,4,14000.0,56000.0
NSOL-000591,NSO-00359,NSI-003,3,22000.0,198000.0
NSOL-000592,NSO-00360,NSI-003,6,22000.0,132000.0
NSOL-000593,NSO-00361,NSI-003,7,22000.0,154000.0
NSOL-000594,NSO-00362,NSI-009,11,95000.0,1045000.0
NSOL-000595,NSO-00363,NSI-009,11,95000.0,1045000.0
NSOL-000596,NSO-00364,NSI-009,11,95000.0,1045000.0
NSOL-000597,NSO-00365,NSI-008,8,14000.0,112000.0
NSOL-000598,NSO-00366,NSI-004,2,30000.0,60000.0
NSOL-000599,NSO-00367,NSI-007,12,12000.0,144000.0
NSOL-000600,NSO-00367,NSI-006,2,28000.0,56000.0
NSOL-000601,NSO-00367,NSI-011,1,8000.0,8000.0
NSOL-000602,NSO-00368,NSI-007,12,12000.0,144000.0
NSOL-000603,NSO-00368,NSI-006,2,28000.0,56000.0
NSOL-000604,NSO-00369,NSI-009,1,95000.0,285000.0
NSOL-000605,NSO-00370,NSI-001,12,18000.0,648000.0
NSOL-000606,NSO-00371,NSI-009,1,95000.0,190000.0
NSOL-000607,NSO-00371,NSI-001,12,18000.0,432000.0
NSOL-000608,NSO-00372,NSI-003,10,22000.0,220000.0
NSOL-000609,NSO-00372,NSI-009,11,95000.0,1045000.0
NSOL-000610,NSO-00373,NSI-003,10,22000.0,440000.0
NSOL-000611,NSO-00373,NSI-009,11,95000.0,2090000.0
NSOL-000612,NSO-00374,NSI-006,9,28000.0,252000.0
NSOL-000613,NSO-00375,NSI-003,10,22000.0,660000.0
NSOL-000614,NSO-00375,NSI-009,11,95000.0,3135000.0
NSOL-000615,NSO-00375,NSI-006,9,28000.0,756000.0
NSOL-000616,NSO-00376,NSI-002,8,15000.0,356348.27
NSOL-000617,NSO-00376,NSI-009,11,95000.0,3103199.49
NSOL-000618,NSO-00376,NSI-012,1,18000.0,53452.24
NSOL-000619,NSO-00377,NSI-002,8,15000.0,240000.0
NSOL-000620,NSO-00377,NSI-009,11,95000.0,2090000.0
NSOL-000621,NSO-00378,NSI-002,8,15000.0,240000.0
NSOL-000622,NSO-00378,NSI-009,11,95000.0,2090000.0
NSOL-000623,NSO-00379,NSI-002,4,15000.0,180000.0
NSOL-000624,NSO-00380,NSI-008,2,14000.0,28000.0
NSOL-000625,NSO-00381,NSI-001,10,18000.0,180000.0
NSOL-000626,NSO-00382,NSI-001,7,18000.0,126000.0
NSOL-000627,NSO-00383,NSI-001,17,18000.0,306000.0
NSOL-000628,NSO-00384,NSI-001,3,18000.0,108000.0
NSOL-000629,NSO-00385,NSI-006,3,28000.0,84000.0
NSOL-000630,NSO-00385,NSI-007,11,12000.0,132000.0
NSOL-000631,NSO-00385,NSI-009,2,95000.0,190000.0
NSOL-000632,NSO-00386,NSI-006,7,28000.0,196000.0
NSOL-000633,NSO-00387,NSI-007,11,12000.0,132000.0
NSOL-000634,NSO-00387,NSI-009,2,95000.0,190000.0
NSOL-000635,NSO-00387,NSI-006,10,28000.0,280000.0
NSOL-000636,NSO-00388,NSI-001,5,18000.0,90000.0
NSOL-000637,NSO-00389,NSI-002,12,15000.0,540000.0
NSOL-000638,NSO-00390,NSI-001,3,18000.0,162000.0
NSOL-000639,NSO-00391,NSI-001,3,18000.0,162000.0
NSOL-000640,NSO-00392,NSI-001,6,18000.0,108000.0
NSOL-000641,NSO-00393,NSI-007,11,12000.0,264000.0
NSOL-000642,NSO-00394,NSI-002,2,15000.0,90000.0
NSOL-000643,NSO-00395,NSI-002,2,15000.0,30000.0
NSOL-000644,NSO-00396,NSI-002,2,15000.0,30000.0
NSOL-000645,NSO-00397,NSI-002,2,15000.0,90000.0
NSOL-000646,NSO-00398,NSI-005,12,16000.0,192000.0
NSOL-000647,NSO-00398,NSI-009,8,95000.0,760000.0
NSOL-000648,NSO-00399,NSI-001,7,18000.0,126000.0
NSOL-000649,NSO-00400,NSI-009,4,95000.0,380000.0
NSOL-000650,NSO-00401,NSI-002,7,15000.0,105000.0
NSOL-000651,NSO-00402,NSI-002,7,15000.0,105000.0
NSOL-000652,NSO-00403,NSI-002,3,15000.0,45000.0
NSOL-000653,NSO-00404,NSI-002,3,15000.0,45000.0
NSOL-000654,NSO-00405,NSI-002,7,15000.0,210000.0
NSOL-000655,NSO-00406,NSI-002,6,15000.0,90000.0
NSOL-000656,NSO-00407,NSI-008,9,14000.0,364579.88
NSOL-000657,NSO-00407,NSI-003,5,22000.0,318284.02
NSOL-000658,NSO-00407,NSI-007,7,12000.0,243053.25
NSOL-000659,NSO-00407,NSI-012,1,18000.0,52082.84
NSOL-000660,NSO-00408,NSI-005,2,16000.0,32000.0
NSOL-000661,NSO-00409,NSI-008,4,14000.0,56022.95
NSOL-000662,NSO-00410,NSI-005,9,16000.0,144000.0
NSOL-000663,NSO-00410,NSI-003,5,22000.0,110000.0
NSOL-000664,NSO-00410,NSI-011,1,8000.0,8000.0
NSOL-000665,NSO-00411,NSI-005,9,16000.0,288000.0
NSOL-000666,NSO-00411,NSI-003,5,22000.0,220000.0
NSOL-000667,NSO-00412,NSI-005,9,16000.0,144000.0
NSOL-000668,NSO-00412,NSI-003,5,22000.0,110000.0
NSOL-000669,NSO-00413,NSI-002,4,15000.0,175471.7
NSOL-000670,NSO-00413,NSI-005,9,16000.0,421132.08
NSOL-000671,NSO-00413,NSI-011,1,8000.0,23396.23
NSOL-000672,NSO-00414,NSI-002,4,15000.0,60000.0
NSOL-000673,NSO-00414,NSI-005,9,16000.0,144000.0
NSOL-000674,NSO-00415,NSI-002,4,15000.0,180000.0
NSOL-000675,NSO-00415,NSI-005,9,16000.0,432000.0
NSOL-000676,NSO-00416,NSI-009,10,95000.0,1875641.03
NSOL-000677,NSO-00416,NSI-010,1,25000.0,49358.97
NSOL-000678,NSO-00417,NSI-009,5,95000.0,475000.0
NSOL-000679,NSO-00418,NSI-006,11,28000.0,308000.0
NSOL-000680,NSO-00419,NSI-005,6,16000.0,257684.21
NSOL-000681,NSO-00419,NSI-012,1,18000.0,48315.79
NSOL-000682,NSO-00420,NSI-005,6,16000.0,96000.0
NSOL-000683,NSO-00421,NSI-005,12,16000.0,576000.0
NSOL-000684,NSO-00422,NSI-006,11,28000.0,308000.0
NSOL-000685,NSO-00422,NSI-011,1,8000.0,8000.0
NSOL-000686,NSO-00424,NSI-003,1,22000.0,22000.0
NSOL-000687,NSO-00425,NSI-006,11,28000.0,308000.0
NSOL-000688,NSO-00425,NSI-003,1,22000.0,22000.0
NSOL-000689,NSO-00426,NSI-008,9,14000.0,126000.0
NSOL-000690,NSO-00426,NSI-011,1,8000.0,8000.0
NSOL-000691,NSO-00427,NSI-008,9,14000.0,126000.0
NSOL-000692,NSO-00428,NSI-003,3,22000.0,66000.0
NSOL-000693,NSO-00429,NSI-003,3,22000.0,66000.0
NSOL-000694,NSO-00430,NSI-003,2,22000.0,132000.0
NSOL-000695,NSO-00431,NSI-003,1,22000.0,22000.0
NSOL-000696,NSO-00432,NSI-006,7,28000.0,196000.0
NSOL-000697,NSO-00432,NSI-011,1,8000.0,8000.0
NSOL-000698,NSO-00433,NSI-006,5,28000.0,280000.0
NSOL-000699,NSO-00434,NSI-004,1,30000.0,30000.0
NSOL-000700,NSO-00435,NSI-004,3,30000.0,270000.0
NSOL-000701,NSO-00436,NSI-004,3,30000.0,270000.0
NSOL-000702,NSO-00437,NSI-007,2,12000.0,63366.91
NSOL-000703,NSO-00437,NSI-004,3,30000.0,237625.9
NSOL-000704,NSO-00437,NSI-010,1,25000.0,66007.19
NSOL-000705,NSO-00438,NSI-007,2,12000.0,24000.0
NSOL-000706,NSO-00438,NSI-004,3,30000.0,90000.0
NSOL-000707,NSO-00439,NSI-007,5,12000.0,60000.0
NSOL-000708,NSO-00440,NSI-004,3,30000.0,180000.0
NSOL-000709,NSO-00440,NSI-007,7,12000.0,168000.0
NSOL-000710,NSO-00441,NSI-006,5,28000.0,140000.0
NSOL-000711,NSO-00441,NSI-007,8,12000.0,96000.0
NSOL-000712,NSO-00442,NSI-006,5,28000.0,280000.0
NSOL-000713,NSO-00442,NSI-007,8,12000.0,192000.0
NSOL-000714,NSO-00443,NSI-001,12,18000.0,216000.0
NSOL-000715,NSO-00443,NSI-002,4,15000.0,60000.0
NSOL-000716,NSO-00443,NSI-011,1,8000.0,8000.0
NSOL-000717,NSO-00444,NSI-004,7,30000.0,630000.0
NSOL-000718,NSO-00444,NSI-008,11,14000.0,462000.0
NSOL-000719,NSO-00445,NSI-004,7,30000.0,210000.0
NSOL-000720,NSO-00445,NSI-008,11,14000.0,154000.0
NSOL-000721,NSO-00446,NSI-004,4,30000.0,120000.0
NSOL-000722,NSO-00447,NSI-008,11,14000.0,154000.0
NSOL-000723,NSO-00447,NSI-004,11,30000.0,330000.0
NSOL-000724,NSO-00448,NSI-008,1,14000.0,28000.0
NSOL-000725,NSO-00449,NSI-002,4,15000.0,144705.88
NSOL-000726,NSO-00449,NSI-010,1,25000.0,60294.12
NSOL-000727,NSO-00450,NSI-002,4,15000.0,60000.0
NSOL-000728,NSO-00451,NSI-009,11,95000.0,2090000.0
NSOL-000729,NSO-00452,NSI-009,11,95000.0,1045000.0
NSOL-000730,NSO-00453,NSI-009,11,95000.0,2090000.0
NSOL-000731,NSO-00454,NSI-003,9,22000.0,379500.0
NSOL-000732,NSO-00454,NSI-012,1,18000.0,34500.0
NSOL-000733,NSO-00455,NSI-001,11,18000.0,364320.0
NSOL-000734,NSO-00456,NSI-003,6,22000.0,132000.0
NSOL-000735,NSO-00457,NSI-003,4,22000.0,88000.0
NSOL-000736,NSO-00458,NSI-001,11,18000.0,594000.0
NSOL-000737,NSO-00458,NSI-003,19,22000.0,1254000.0
NSOL-000738,NSO-00459,NSI-002,9,15000.0,267199.17
NSOL-000739,NSO-00459,NSI-009,11,95000.0,2068319.5
NSOL-000740,NSO-00459,NSI-010,1,25000.0,49481.33
NSOL-000741,NSO-00460,NSI-002,9,15000.0,405000.0
NSOL-000742,NSO-00460,NSI-009,11,95000.0,3135000.0
NSOL-000743,NSO-00461,NSI-006,4,28000.0,336000.0
NSOL-000744,NSO-00462,NSI-006,1,28000.0,56000.0
NSOL-000745,NSO-00463,NSI-006,5,28000.0,140000.0
NSOL-000746,NSO-00464,NSI-006,2,28000.0,56000.0
NSOL-000747,NSO-00465,NSI-009,11,95000.0,2072304.8
NSOL-000748,NSO-00465,NSI-012,1,18000.0,35695.2
NSOL-000749,NSO-00466,NSI-007,2,12000.0,48000.0
NSOL-000750,NSO-00467,NSI-009,11,95000.0,3135000.0
NSOL-000751,NSO-00467,NSI-007,2,12000.0,72000.0
NSOL-000752,NSO-00468,NSI-008,6,14000.0,84000.0
NSOL-000753,NSO-00468,NSI-006,9,28000.0,252000.0
NSOL-000754,NSO-00469,NSI-004,9,30000.0,270000.0
NSOL-000755,NSO-00470,NSI-005,1,16000.0,32000.0
NSOL-000756,NSO-00471,NSI-008,6,14000.0,84000.0
NSOL-000757,NSO-00471,NSI-006,9,28000.0,252000.0
NSOL-000758,NSO-00471,NSI-004,9,30000.0,270000.0
NSOL-000759,NSO-00471,NSI-005,1,16000.0,16000.0
NSOL-000760,NSO-00472,NSI-004,12,30000.0,360000.0
NSOL-000761,NSO-00472,NSI-006,5,28000.0,140000.0
NSOL-000762,NSO-00472,NSI-001,9,18000.0,162000.0
NSOL-000763,NSO-00473,NSI-004,12,30000.0,360000.0
NSOL-000764,NSO-00473,NSI-006,5,28000.0,140000.0
NSOL-000765,NSO-00473,NSI-001,9,18000.0,162000.0
NSOL-000766,NSO-00474,NSI-004,12,30000.0,1080000.0
NSOL-000767,NSO-00474,NSI-006,5,28000.0,420000.0
NSOL-000768,NSO-00474,NSI-001,9,18000.0,486000.0
NSOL-000769,NSO-00475,NSI-007,10,12000.0,120000.0
NSOL-000770,NSO-00476,NSI-008,2,14000.0,84000.0
NSOL-000771,NSO-00477,NSI-008,7,14000.0,98000.0
NSOL-000772,NSO-00478,NSI-007,9,12000.0,324000.0
NSOL-000773,NSO-00478,NSI-001,1,18000.0,54000.0
NSOL-000774,NSO-00478,NSI-003,6,22000.0,396000.0
NSOL-000775,NSO-00479,NSI-003,2,22000.0,132000.0
NSOL-000776,NSO-00480,NSI-007,3,12000.0,72000.0
NSOL-000777,NSO-00481,NSI-001,1,18000.0,54000.0
NSOL-000778,NSO-00481,NSI-003,8,22000.0,528000.0
NSOL-000779,NSO-00481,NSI-007,6,12000.0,216000.0
NSOL-000780,NSO-00482,NSI-007,12,12000.0,144000.0
NSOL-000781,NSO-00482,NSI-010,1,25000.0,25000.0
NSOL-000782,NSO-00483,NSI-007,12,12000.0,432000.0
NSOL-000783,NSO-00484,NSI-008,6,14000.0,84000.0
NSOL-000784,NSO-00485,NSI-007,12,12000.0,288000.0
NSOL-000785,NSO-00485,NSI-008,6,14000.0,168000.0
NSOL-000786,NSO-00486,NSI-001,5,18000.0,90000.0
NSOL-000787,NSO-00486,NSI-011,1,8000.0,8000.0
NSOL-000788,NSO-00487,NSI-001,5,18000.0,96300.0
NSOL-000789,NSO-00488,NSI-001,1,18000.0,18000.0
NSOL-000790,NSO-00489,NSI-001,6,18000.0,108000.0
NSOL-000791,NSO-00490,NSI-008,1,14000.0,14000.0
NSOL-000792,NSO-00490,NSI-012,1,18000.0,18000.0
NSOL-000793,NSO-00491,NSI-001,7,18000.0,126000.0
NSOL-000794,NSO-00492,NSI-005,4,16000.0,64000.0
NSOL-000795,NSO-00493,NSI-005,1,16000.0,16000.0
NSOL-000796,NSO-00494,NSI-005,5,16000.0,80000.0
NSOL-000797,NSO-00495,NSI-005,5,16000.0,80000.0
NSOL-000798,NSO-00496,NSI-009,8,95000.0,760000.0
NSOL-000799,NSO-00497,NSI-009,5,95000.0,475000.0
NSOL-000800,NSO-00498,NSI-009,13,95000.0,2470000.0
NSOL-000801,NSO-00499,NSI-009,6,95000.0,569969.9
NSOL-000802,NSO-00500,NSI-007,9,12000.0,108000.0
NSOL-000803,NSO-00501,NSI-003,7,22000.0,308000.0
NSOL-000804,NSO-00502,NSI-004,5,30000.0,150000.0
NSOL-000805,NSO-00503,NSI-003,7,22000.0,154000.0
NSOL-000806,NSO-00503,NSI-004,5,30000.0,150000.0
NSOL-000807,NSO-00504,NSI-003,7,22000.0,154000.0
NSOL-000808,NSO-00504,NSI-004,5,30000.0,150000.0
NSOL-000809,NSO-00505,NSI-003,12,22000.0,264000.0
NSOL-000810,NSO-00505,NSI-011,1,8000.0,8000.0
NSOL-000811,NSO-00506,NSI-003,12,22000.0,264000.0
NSOL-000812,NSO-00507,NSI-003,12,22000.0,264000.0
NSOL-000813,NSO-00508,NSI-006,10,28000.0,840000.0
NSOL-000814,NSO-00509,NSI-001,6,18000.0,108000.0
NSOL-000815,NSO-00509,NSI-011,1,8000.0,8000.0
NSOL-000816,NSO-00510,NSI-001,6,18000.0,216000.0
NSOL-000817,NSO-00511,NSI-001,1,18000.0,18000.0
NSOL-000818,NSO-00512,NSI-004,4,30000.0,120000.0
NSOL-000819,NSO-00512,NSI-009,2,95000.0,190000.0
NSOL-000820,NSO-00512,NSI-007,3,12000.0,36000.0
NSOL-000821,NSO-00513,NSI-007,2,12000.0,48000.0
NSOL-000822,NSO-00514,NSI-007,1,12000.0,36000.0
NSOL-000823,NSO-00515,NSI-004,1,30000.0,30000.0
NSOL-000824,NSO-00515,NSI-007,9,12000.0,108000.0
NSOL-000825,NSO-00515,NSI-006,7,28000.0,196000.0
NSOL-000826,NSO-00516,NSI-004,1,30000.0,30000.0
NSOL-000827,NSO-00516,NSI-007,9,12000.0,108000.0
NSOL-000828,NSO-00516,NSI-006,7,28000.0,196000.0
NSOL-000829,NSO-00517,NSI-009,9,95000.0,855000.0
NSOL-000830,NSO-00518,NSI-002,10,15000.0,150000.0
NSOL-000831,NSO-00518,NSI-003,12,22000.0,264000.0
NSOL-000832,NSO-00519,NSI-003,2,22000.0,44000.0
NSOL-000833,NSO-00520,NSI-002,10,15000.0,150000.0
NSOL-000834,NSO-00520,NSI-003,14,22000.0,308000.0
NSOL-000835,NSO-00521,NSI-002,12,15000.0,360000.0
NSOL-000836,NSO-00521,NSI-007,9,12000.0,216000.0
NSOL-000837,NSO-00522,NSI-002,3,15000.0,45000.0
NSOL-000838,NSO-00523,NSI-007,9,12000.0,108000.0
NSOL-000839,NSO-00523,NSI-002,9,15000.0,135000.0
NSOL-000840,NSO-00524,NSI-003,2,22000.0,88000.0
NSOL-000841,NSO-00525,NSI-003,4,22000.0,176000.0
NSOL-000842,NSO-00526,NSI-008,8,14000.0,224000.0
NSOL-000843,NSO-00527,NSI-003,6,22000.0,132000.0
NSOL-000844,NSO-00527,NSI-008,8,14000.0,112000.0
NSOL-000845,NSO-00528,NSI-004,3,30000.0,260526.32
NSOL-000846,NSO-00528,NSI-001,3,18000.0,156315.79
NSOL-000847,NSO-00528,NSI-011,1,8000.0,23157.89
NSOL-000848,NSO-00529,NSI-004,2,30000.0,60000.0
NSOL-000849,NSO-00530,NSI-001,3,18000.0,162000.0
NSOL-000850,NSO-00530,NSI-004,1,30000.0,90000.0
NSOL-000851,NSO-00531,NSI-001,2,18000.0,108000.0
NSOL-000852,NSO-00532,NSI-001,7,18000.0,126000.0
NSOL-000853,NSO-00533,NSI-002,2,15000.0,30000.0
NSOL-000854,NSO-00534,NSI-001,9,18000.0,486000.0
NSOL-000855,NSO-00534,NSI-002,2,15000.0,90000.0
NSOL-000856,NSO-00535,NSI-005,6,16000.0,288000.0
NSOL-000857,NSO-00535,NSI-007,5,12000.0,180000.0
NSOL-000858,NSO-00535,NSI-009,9,95000.0,2565000.0
NSOL-000859,NSO-00536,NSI-002,10,15000.0,300000.0
NSOL-000860,NSO-00537,NSI-005,6,16000.0,96000.0
NSOL-000861,NSO-00537,NSI-007,5,12000.0,60000.0
NSOL-000862,NSO-00537,NSI-009,9,95000.0,855000.0
NSOL-000863,NSO-00537,NSI-002,10,15000.0,150000.0
NSOL-000864,NSO-00538,NSI-004,7,30000.0,210000.0
NSOL-000865,NSO-00538,NSI-007,1,12000.0,12000.0
NSOL-000866,NSO-00538,NSI-012,1,18000.0,18000.0
NSOL-000867,NSO-00539,NSI-004,7,30000.0,210000.0
NSOL-000868,NSO-00539,NSI-007,1,12000.0,12000.0
NSOL-000869,NSO-00540,NSI-002,6,15000.0,90000.0
NSOL-000870,NSO-00540,NSI-006,7,28000.0,196000.0
NSOL-000871,NSO-00541,NSI-002,6,15000.0,180000.0
NSOL-000872,NSO-00541,NSI-006,7,28000.0,392000.0
NSOL-000873,NSO-00542,NSI-008,8,14000.0,112000.0
NSOL-000874,NSO-00542,NSI-006,7,28000.0,196000.0
NSOL-000875,NSO-00543,NSI-008,8,14000.0,112000.0
NSOL-000876,NSO-00543,NSI-006,7,28000.0,196000.0
NSOL-000877,NSO-00544,NSI-009,6,95000.0,570000.0
NSOL-000878,NSO-00545,NSI-007,11,12000.0,132000.0
NSOL-000879,NSO-00546,NSI-007,1,12000.0,12000.0
NSOL-000880,NSO-00547,NSI-005,4,16000.0,64000.0
NSOL-000881,NSO-00548,NSI-005,1,16000.0,48000.0
NSOL-000882,NSO-00549,NSI-005,3,16000.0,144000.0
NSOL-000883,NSO-00550,NSI-002,9,15000.0,135003.55
NSOL-000884,NSO-00551,NSI-009,2,95000.0,357906.98
NSOL-000885,NSO-00551,NSI-010,1,25000.0,47093.02
NSOL-000886,NSO-00552,NSI-009,5,95000.0,475000.0
NSOL-000887,NSO-00553,NSI-009,7,95000.0,665000.0
NSOL-000888,NSO-00554,NSI-009,7,95000.0,665000.0
NSOL-000889,NSO-00555,NSI-002,1,15000.0,15000.0
NSOL-000890,NSO-00556,NSI-002,1,15000.0,15000.0
NSOL-000891,NSO-00557,NSI-002,1,15000.0,15000.0
NSOL-000892,NSO-00558,NSI-006,1,28000.0,28000.0
NSOL-000893,NSO-00558,NSI-008,3,14000.0,42000.0
NSOL-000894,NSO-00558,NSI-012,1,18000.0,18000.0
NSOL-000895,NSO-00559,NSI-006,1,28000.0,28000.0
NSOL-000896,NSO-00559,NSI-008,3,14000.0,42000.0
NSOL-000897,NSO-00560,NSI-006,1,28000.0,56000.0
NSOL-000898,NSO-00560,NSI-008,3,14000.0,84000.0
NSOL-000899,NSO-00561,NSI-009,8,95000.0,760000.0
NSOL-000900,NSO-00561,NSI-002,10,15000.0,150000.0
NSOL-000901,NSO-00561,NSI-012,1,18000.0,18000.0
NSOL-000902,NSO-00562,NSI-009,8,95000.0,760000.0
NSOL-000903,NSO-00562,NSI-002,10,15000.0,150000.0
NSOL-000904,NSO-00563,NSI-004,7,30000.0,210000.0
NSOL-000905,NSO-00564,NSI-009,8,95000.0,760000.0
NSOL-000906,NSO-00564,NSI-002,10,15000.0,150000.0
NSOL-000907,NSO-00564,NSI-004,7,30000.0,210000.0
NSOL-000908,NSO-00565,NSI-006,8,28000.0,224000.0
NSOL-000909,NSO-00565,NSI-008,3,14000.0,42000.0
NSOL-000910,NSO-00565,NSI-011,1,8000.0,8000.0
NSOL-000911,NSO-00566,NSI-006,8,28000.0,224000.0
NSOL-000912,NSO-00566,NSI-008,3,14000.0,42000.0
NSOL-000913,NSO-00567,NSI-006,8,28000.0,224000.0
NSOL-000914,NSO-00567,NSI-008,3,14000.0,42000.0
NSOL-000915,NSO-00568,NSI-004,4,30000.0,360000.0
NSOL-000916,NSO-00569,NSI-006,4,28000.0,224000.0
NSOL-000917,NSO-00570,NSI-006,4,28000.0,112000.0
NSOL-000918,NSO-00571,NSI-009,6,95000.0,570000.0
NSOL-000919,NSO-00572,NSI-006,4,28000.0,112000.0
NSOL-000920,NSO-00572,NSI-009,6,95000.0,570000.0
NSOL-000921,NSO-00573,NSI-007,8,12000.0,96000.0
NSOL-000922,NSO-00573,NSI-006,11,28000.0,308000.0
NSOL-000923,NSO-00575,NSI-007,8,12000.0,192000.0
NSOL-000924,NSO-00575,NSI-006,11,28000.0,616000.0
NSOL-000925,NSO-00575,NSI-005,5,16000.0,160000.0
NSOL-000926,NSO-00576,NSI-003,10,22000.0,220000.0
NSOL-000927,NSO-00577,NSI-001,3,18000.0,54000.0
NSOL-000928,NSO-00577,NSI-007,5,12000.0,60000.0
NSOL-000929,NSO-00577,NSI-008,1,14000.0,14000.0
NSOL-000930,NSO-00577,NSI-012,1,18000.0,18000.0
NSOL-000931,NSO-00578,NSI-001,7,18000.0,126000.0
NSOL-000932,NSO-00579,NSI-007,9,12000.0,195699.25
NSOL-000933,NSO-00579,NSI-010,1,25000.0,45300.75
NSOL-000934,NSO-00580,NSI-007,9,12000.0,108000.0
NSOL-000935,NSO-00581,NSI-003,12,22000.0,264000.0
NSOL-000936,NSO-00582,NSI-007,9,12000.0,216000.0
NSOL-000937,NSO-00582,NSI-003,7,22000.0,308000.0
NSOL-000938,NSO-00582,NSI-004,9,30000.0,540000.0
NSOL-000939,NSO-00583,NSI-007,9,12000.0,324000.0
NSOL-000940,NSO-00583,NSI-003,7,22000.0,462000.0
NSOL-000941,NSO-00583,NSI-004,9,30000.0,810000.0
NSOL-000942,NSO-00584,NSI-007,9,12000.0,324000.0
NSOL-000943,NSO-00584,NSI-003,7,22000.0,462000.0
NSOL-000944,NSO-00584,NSI-004,9,30000.0,810000.0
NSOL-000945,NSO-00585,NSI-001,10,18000.0,180000.0
NSOL-000946,NSO-00585,NSI-011,1,8000.0,8000.0
NSOL-000947,NSO-00586,NSI-001,2,18000.0,72000.0
NSOL-000948,NSO-00587,NSI-001,12,18000.0,216000.0
NSOL-000949,NSO-00588,NSI-002,6,15000.0,90000.0
NSOL-000950,NSO-00589,NSI-002,5,15000.0,150000.0
NSOL-000951,NSO-00590,NSI-005,5,16000.0,145306.12
NSOL-000952,NSO-00590,NSI-012,1,18000.0,32693.88
NSOL-000953,NSO-00591,NSI-005,5,16000.0,80000.0
NSOL-000954,NSO-00592,NSI-005,5,16000.0,225454.55
NSOL-000955,NSO-00592,NSI-011,1,8000.0,22545.45
NSOL-000956,NSO-00593,NSI-005,5,16000.0,80000.0
NSOL-000957,NSO-00594,NSI-009,3,95000.0,285000.0
NSOL-000958,NSO-00595,NSI-005,3,16000.0,48000.0
NSOL-000959,NSO-00596,NSI-009,3,95000.0,570000.0
NSOL-000960,NSO-00596,NSI-005,8,16000.0,256000.0
NSOL-000961,NSO-00597,NSI-006,1,28000.0,28000.0
NSOL-000962,NSO-00598,NSI-006,7,28000.0,588000.0
NSOL-000963,NSO-00600,NSI-006,9,28000.0,504000.0
NSOL-000964,NSO-00601,NSI-006,9,28000.0,252000.0
NSOL-000965,NSO-00602,NSI-005,11,16000.0,176000.0
NSOL-000966,NSO-00603,NSI-006,9,28000.0,252000.0
NSOL-000967,NSO-00603,NSI-005,11,16000.0,176000.0
NSOL-000968,NSO-00604,NSI-003,9,22000.0,198000.0
NSOL-000969,NSO-00604,NSI-006,1,28000.0,28000.0
NSOL-000970,NSO-00605,NSI-003,9,22000.0,198000.0
NSOL-000971,NSO-00605,NSI-006,1,28000.0,28000.0
NSOL-000972,NSO-00606,NSI-001,10,18000.0,180000.0
NSOL-000973,NSO-00606,NSI-004,11,30000.0,330000.0
NSOL-000974,NSO-00606,NSI-010,1,25000.0,25000.0
NSOL-000975,NSO-00607,NSI-001,10,18000.0,180000.0
NSOL-000976,NSO-00607,NSI-004,11,30000.0,330000.0
NSOL-000977,NSO-00608,NSI-004,5,30000.0,150000.0
NSOL-000978,NSO-00609,NSI-001,10,18000.0,180000.0
NSOL-000979,NSO-00609,NSI-004,6,30000.0,180000.0
NSOL-000980,NSO-00610,NSI-006,1,28000.0,29960.0
NSOL-000981,NSO-00610,NSI-011,1,8000.0,8560.0
NSOL-000982,NSO-00611,NSI-003,9,22000.0,198000.0
NSOL-000983,NSO-00612,NSI-006,1,28000.0,28000.0
NSOL-000984,NSO-00612,NSI-003,9,22000.0,198000.0
NSOL-000985,NSO-00613,NSI-005,1,16000.0,16800.0
NSOL-000986,NSO-00613,NSI-008,8,14000.0,117600.0
NSOL-000987,NSO-00613,NSI-012,1,18000.0,18900.0
NSOL-000988,NSO-00614,NSI-001,9,18000.0,486000.0
NSOL-000989,NSO-00615,NSI-005,1,16000.0,32000.0
NSOL-000990,NSO-00615,NSI-008,8,14000.0,224000.0
NSOL-000991,NSO-00615,NSI-001,9,18000.0,324000.0
NSOL-000992,NSO-00616,NSI-005,1,16000.0,15040.0
NSOL-000993,NSO-00616,NSI-008,8,14000.0,105280.0
NSOL-000994,NSO-00616,NSI-001,9,18000.0,152280.0
NSOL-000995,NSO-00617,NSI-006,11,28000.0,910157.3
NSOL-000996,NSO-00617,NSI-009,5,95000.0,1403651.69
NSOL-000997,NSO-00617,NSI-012,1,18000.0,53191.01
NSOL-000998,NSO-00618,NSI-006,11,28000.0,308000.0
NSOL-000999,NSO-00618,NSI-009,5,95000.0,475000.0
NSOL-001000,NSO-00619,NSI-006,5,28000.0,280000.0
NSOL-001001,NSO-00620,NSI-004,2,30000.0,60000.0
NSOL-001002,NSO-00621,NSI-009,5,95000.0,475000.0
NSOL-001003,NSO-00621,NSI-006,16,28000.0,448000.0
NSOL-001004,NSO-00621,NSI-004,2,30000.0,60000.0
NSOL-001005,NSO-00622,NSI-007,2,12000.0,72000.0
NSOL-001006,NSO-00623,NSI-007,4,12000.0,96000.0
NSOL-001007,NSO-00624,NSI-007,4,12000.0,144000.0
NSOL-001008,NSO-00625,NSI-007,1,12000.0,12000.0
NSOL-001009,NSO-00626,NSI-007,9,12000.0,108000.0
NSOL-001010,NSO-00627,NSI-002,3,15000.0,45000.0
NSOL-001011,NSO-00627,NSI-008,10,14000.0,140000.0
NSOL-001012,NSO-00627,NSI-005,2,16000.0,32000.0
NSOL-001013,NSO-00628,NSI-002,3,15000.0,90000.0
NSOL-001014,NSO-00628,NSI-008,10,14000.0,280000.0
NSOL-001015,NSO-00628,NSI-005,2,16000.0,64000.0
NSOL-001016,NSO-00629,NSI-008,2,14000.0,56000.0
NSOL-001017,NSO-00630,NSI-003,2,22000.0,44000.0
NSOL-001018,NSO-00630,NSI-006,2,28000.0,56000.0
NSOL-001019,NSO-00630,NSI-011,1,8000.0,8000.0
NSOL-001020,NSO-00631,NSI-003,2,22000.0,44000.0
NSOL-001021,NSO-00631,NSI-006,2,28000.0,56000.0
NSOL-001022,NSO-00632,NSI-006,3,28000.0,252000.0
NSOL-001023,NSO-00633,NSI-003,2,22000.0,44000.0
NSOL-001024,NSO-00633,NSI-006,5,28000.0,140000.0
NSOL-001025,NSO-00634,NSI-007,3,12000.0,108000.0
NSOL-001026,NSO-00634,NSI-008,4,14000.0,168000.0
NSOL-001027,NSO-00634,NSI-006,3,28000.0,252000.0
NSOL-001028,NSO-00635,NSI-007,3,12000.0,108000.0
NSOL-001029,NSO-00635,NSI-008,4,14000.0,168000.0
NSOL-001030,NSO-00635,NSI-006,3,28000.0,252000.0
NSOL-001031,NSO-00636,NSI-001,9,18000.0,162000.0
NSOL-001032,NSO-00636,NSI-010,1,25000.0,25000.0
NSOL-001033,NSO-00637,NSI-001,9,18000.0,324000.0
NSOL-001034,NSO-00638,NSI-001,3,18000.0,54000.0
NSOL-001035,NSO-00639,NSI-006,5,28000.0,140000.0
NSOL-001036,NSO-00639,NSI-011,1,8000.0,8000.0
NSOL-001037,NSO-00640,NSI-006,5,28000.0,420000.0
NSOL-001038,NSO-00641,NSI-006,5,28000.0,280000.0
NSOL-001039,NSO-00642,NSI-006,4,28000.0,112000.0
NSOL-001040,NSO-00642,NSI-007,12,12000.0,144000.0
NSOL-001041,NSO-00643,NSI-007,4,12000.0,48000.0
NSOL-001042,NSO-00644,NSI-003,8,22000.0,176000.0
NSOL-001043,NSO-00644,NSI-004,3,30000.0,90000.0
NSOL-001044,NSO-00644,NSI-005,7,16000.0,112000.0
NSOL-001045,NSO-00644,NSI-011,1,8000.0,8000.0
NSOL-001046,NSO-00645,NSI-007,3,12000.0,72000.0
NSOL-001047,NSO-00646,NSI-004,3,30000.0,270000.0
NSOL-001048,NSO-00647,NSI-004,8,30000.0,240037.67
NSOL-001049,NSO-00648,NSI-003,8,22000.0,352000.0
NSOL-001050,NSO-00648,NSI-005,7,16000.0,224000.0
NSOL-001051,NSO-00648,NSI-007,3,12000.0,72000.0
NSOL-001052,NSO-00648,NSI-004,14,30000.0,840000.0
NSOL-001053,NSO-00649,NSI-007,10,12000.0,120000.0
NSOL-001054,NSO-00649,NSI-012,1,18000.0,18000.0
NSOL-001055,NSO-00650,NSI-007,7,12000.0,252000.0
NSOL-001056,NSO-00651,NSI-004,9,30000.0,270000.0
NSOL-001057,NSO-00651,NSI-002,1,15000.0,15000.0
NSOL-001058,NSO-00652,NSI-008,5,14000.0,140000.0
NSOL-001059,NSO-00653,NSI-001,8,18000.0,432000.0
NSOL-001060,NSO-00653,NSI-008,3,14000.0,126000.0
NSOL-001061,NSO-00654,NSI-005,12,16000.0,192000.0
NSOL-001062,NSO-00655,NSI-008,1,36408.55,36408.55
NSOL-001063,NSO-00656,NSI-007,1,38937.47,38937.47
NSOL-001064,NSO-00657,NSI-006,1,70890.44,70890.44
NSOL-001065,NSO-00658,NSI-003,1,32724.38,32724.38
NSOL-001066,NSO-00659,NSI-009,1,28431.25,28431.25
