sales_order_id,ns_customer_id,order_number,external_order_ref,order_date,order_status,order_total,currency_code
NSO-00001,NSC-0001,SO-00001,ORDREF-00001,2023-05-04,Billed,464000.0,EUR
NSO-00002,NSC-0001,SO-00002,ORDREF-00002,2023-11-03,Billed,48000.0,EUR
NSO-00003,NSC-0001,SO-00003,ORDREF-00003,2024-05-02,Billed,512000.0,EUR
NSO-00004,NSC-0001,SO-00004,ORDREF-00004,2025-05-02,Billed,512000.0,EUR
NSO-00005,NSC-0002,SO-00005,ORDREF-00005,2023-06-02,Billed,2082000.0,USD
NSO-00006,NSC-0002,SO-00006,ORDREF-00006,2023-12-03,Billed,95000.0,USD
NSO-00007,NSC-0002,SO-00007,ORDREF-00007,2024-06-04,Billed,942000.0,USD
NSO-00008,NSC-0002,SO-00008,ORDREF-00008,2024-08-01,Billed,32000.0,USD
NSO-00009,NSC-0002,SO-00009,ORDREF-00009,2025-05-05,Billed,224000.0,USD
NSO-00010,NSC-0002,SO-00010,ORDREF-00010,2025-06-01,Billed,1086000.0,USD
NSO-00011,NSC-0003,SO-00011,ORDREF-00011,2024-10-02,Billed,3135000.0,USD
NSO-00012,NSC-0003,SO-00012,ORDREF-00012,2025-01-03,Billed,252000.0,USD
NSO-00013,NSC-0003,SO-00013,ORDREF-00013,2025-03-03,Billed,84000.0,USD
NSO-00014,NSC-0003,SO-00014,ORDREF-00014,2025-09-02,Billed,285000.0,USD
NSO-00015,NSC-0003,SO-00015,ORDREF-00015,2025-10-03,Billed,4998000.0,USD
NSO-00016,NSC-0004,SO-00016,ORDREF-00016,2023-02-04,Billed,194000.0,EUR
NSO-00017,NSC-0004,SO-00017,ORDREF-00017,2024-02-03,Billed,528000.0,EUR
NSO-00018,NSC-0004,SO-00018,ORDREF-00018,2025-02-02,Billed,352000.0,EUR
NSO-00019,NSC-0005,SO-00019,ORDREF-00019,2024-01-03,Billed,323000.0,USD
NSO-00020,NSC-0005,SO-00020,ORDREF-00020,2025-01-02,Billed,596000.0,USD
NSO-00021,NSC-0005,SO-00021,ORDREF-00021,2025-02-03,Billed,72000.0,USD
NSO-00022,NSC-0006,SO-00022,ORDREF-00022,2023-04-05,Billed,52000.0,USD
NSO-00023,NSC-0006,SO-00023,ORDREF-00023,2024-04-05,Billed,88000.0,USD
NSO-00024,NSC-0006,SO-00024,ORDREF-00024,2024-05-01,Billed,22000.0,USD
NSO-00025,NSC-0006,SO-00025,ORDREF-00025,2025-04-02,Billed,44000.0,USD
NSO-00026,NSC-0006,SO-00026,ORDREF-00026,2025-06-03,Billed,22000.0,USD
NSO-00027,NSC-0006,SO-00027,ORDREF-00027,2025-11-01,Billed,44000.0,USD
NSO-00028,NSC-0007,SO-00028,ORDREF-00028,2025-05-02,Billed,226000.0,USD
NSO-00029,NSC-0007,SO-00029,ORDREF-00029,2025-11-05,Billed,950000.0,USD
NSO-00030,NSC-0008,SO-00030,ORDREF-00030,2023-04-02,Billed,504000.0,EUR
NSO-00031,NSC-0008,SO-00031,ORDREF-00031,2024-04-05,Billed,504000.0,EUR
NSO-00032,NSC-0008,SO-00032,ORDREF-00032,2024-11-05,Billed,504000.0,EUR
NSO-00033,NSC-0009,SO-00033,ORDREF-00033,2024-12-03,Billed,1305000.0,USD
NSO-00034,NSC-0009,SO-00034,ORDREF-00034,2025-12-01,Billed,1280000.0,USD
NSO-00035,NSC-0010,SO-00035,ORDREF-00035,2023-09-05,Billed,540000.0,EUR
NSO-00036,NSC-0010,SO-00036,ORDREF-00036,2024-09-05,Billed,180000.0,EUR
NSO-00037,NSC-0010,SO-00037,ORDREF-00037,2025-09-01,Billed,180000.0,EUR
NSO-00038,NSC-0011,SO-00038,ORDREF-00038,2024-02-05,Billed,210000.0,USD
NSO-00039,NSC-0011,SO-00039,ORDREF-00039,2024-09-02,Billed,252000.0,USD
NSO-00040,NSC-0011,SO-00040,ORDREF-00040,2025-02-05,Billed,294000.0,USD
NSO-00041,NSC-0011,SO-00041,ORDREF-00041,2025-10-02,Billed,56000.0,USD
NSO-00042,NSC-0012,SO-00042,ORDREF-00042,2023-10-03,Billed,1548000.0,USD
NSO-00043,NSC-0012,SO-00043,ORDREF-00043,2024-04-03,Billed,132000.0,USD
NSO-00044,NSC-0012,SO-00044,ORDREF-00044,2024-10-03,Billed,1606000.0,USD
NSO-00045,NSC-0012,SO-00045,ORDREF-00045,2025-10-04,Billed,1606000.0,USD
NSO-00046,NSC-0013,SO-00046,ORDREF-00046,2025-03-05,Billed,3445000.0,USD
NSO-00047,NSC-0014,SO-00047,ORDREF-00047,2025-05-04,Billed,98017.98,USD
NSO-00048,NSC-0014,SO-00048,ORDREF-00048,2025-09-03,Billed,180000.0,USD
NSO-00049,NSC-0015,SO-00049,ORDREF-00049,2025-06-02,Billed,216000.0,USD
NSO-00050,NSC-0015,SO-00050,ORDREF-00050,2025-10-03,Billed,180000.0,USD
NSO-00051,NSC-0016,SO-00051,ORDREF-00051,2025-05-03,Billed,169000.0,USD
NSO-00052,NSC-0017,SO-00052,ORDREF-00052,2023-10-04,Billed,1626000.0,USD
NSO-00053,NSC-0017,SO-00053,ORDREF-00053,2024-10-02,Billed,542000.0,USD
NSO-00054,NSC-0017,SO-00054,ORDREF-00054,2025-10-01,Billed,542000.0,USD
NSO-00055,NSC-0018,SO-00055,ORDREF-00055,2023-08-03,Billed,944000.0,USD
NSO-00056,NSC-0018,SO-00056,ORDREF-00056,2023-12-01,Billed,210000.0,USD
NSO-00057,NSC-0018,SO-00057,ORDREF-00057,2024-08-05,Billed,542000.0,USD
NSO-00058,NSC-0018,SO-00058,ORDREF-00058,2025-01-04,Billed,48000.0,USD
NSO-00059,NSC-0018,SO-00059,ORDREF-00059,2025-08-04,Billed,590000.0,USD
NSO-00060,NSC-0019,SO-00060,ORDREF-00060,2025-06-01,Billed,2560000.0,USD
NSO-00061,NSC-0019,SO-00061,ORDREF-00061,2025-11-02,Billed,90000.0,USD
NSO-00062,NSC-0020,SO-00062,ORDREF-00062,2024-03-04,Billed,246000.0,USD
NSO-00063,NSC-0020,SO-00063,ORDREF-00063,2025-03-30,Billed,246000.0,USD
NSO-00064,NSC-0020,SO-00064,ORDREF-00064,2025-12-01,Billed,28000.0,USD
NSO-00065,NSC-0021,SO-00065,ORDREF-00065,2024-11-02,Billed,184000.0,USD
NSO-00066,NSC-0021,SO-00066,ORDREF-00066,2025-08-01,Billed,108000.0,USD
NSO-00067,NSC-0021,SO-00067,ORDREF-00067,2025-11-05,Billed,534000.0,USD
NSO-00068,NSC-0022,SO-00068,ORDREF-00068,2025-01-03,Billed,235000.0,USD
NSO-00069,NSC-0022,SO-00069,ORDREF-00069,2025-04-01,Billed,60000.0,USD
NSO-00070,NSC-0022,SO-00070,ORDREF-00070,2025-10-01,Billed,280000.0,USD
NSO-00071,NSC-0023,SO-00071,ORDREF-00071,2023-02-01,Billed,760000.0,USD
NSO-00072,NSC-0023,SO-00072,ORDREF-00072,2024-02-02,Billed,1140000.0,USD
NSO-00073,NSC-0023,SO-00073,ORDREF-00073,2024-07-05,Billed,162000.0,USD
NSO-00074,NSC-0023,SO-00074,ORDREF-00074,2025-01-01,Billed,448000.0,USD
NSO-00075,NSC-0023,SO-00075,ORDREF-00075,2025-01-04,Billed,336000.0,USD
NSO-00076,NSC-0023,SO-00076,ORDREF-00076,2025-02-04,Billed,934000.0,USD
NSO-00078,NSC-0024,SO-00078,ORDREF-00078,2025-04-03,Billed,150000.0,USD
NSO-00079,NSC-0025,SO-00079,ORDREF-00079,2025-06-05,Billed,348000.0,USD
NSO-00080,NSC-0026,SO-00080,ORDREF-00080,2024-12-02,Billed,565000.0,USD
NSO-00081,NSC-0026,SO-00081,ORDREF-00081,2025-12-02,Billed,360000.0,USD
NSO-00082,NSC-0027,SO-00082,ORDREF-00082,2024-11-04,Billed,278000.0,USD
NSO-00083,NSC-0027,SO-00083,ORDREF-00083,2025-06-04,Billed,120000.0,USD
NSO-00084,NSC-0027,SO-00084,ORDREF-00084,2025-11-03,Billed,303600.0,USD
NSO-00085,NSC-0028,SO-00085,ORDREF-00085,2023-02-03,Billed,3984000.0,USD
NSO-00086,NSC-0028,SO-00086,ORDREF-00086,2024-02-03,Billed,3984000.0,USD
NSO-00087,NSC-0028,SO-00087,ORDREF-00087,2025-02-04,Billed,2656000.0,USD
NSO-00088,NSC-0028,SO-00088,ORDREF-00088,2025-06-09,Billed,90000.0,USD
NSO-00089,NSC-0029,SO-00089,ORDREF-00089,2025-06-04,Billed,3279000.0,GBP
NSO-00090,NSC-0030,SO-00090,ORDREF-00090,2023-01-05,Billed,478000.0,USD
NSO-00091,NSC-0030,SO-00091,ORDREF-00091,2023-04-03,Billed,135360.0,USD
NSO-00092,NSC-0030,SO-00092,ORDREF-00092,2024-01-05,Billed,622000.0,USD
NSO-00093,NSC-0030,SO-00093,ORDREF-00093,2025-01-02,Billed,1244000.0,USD
NSO-00094,NSC-0031,SO-00094,ORDREF-00094,2024-05-03,Billed,475000.0,USD
NSO-00095,NSC-0031,SO-00095,ORDREF-00095,2025-05-05,Billed,950000.0,USD
NSO-00096,NSC-0032,SO-00096,ORDREF-00096,2023-08-04,Billed,174000.0,EUR
NSO-00097,NSC-0032,SO-00097,ORDREF-00097,2024-08-03,Billed,312000.0,EUR
NSO-00098,NSC-0032,SO-00098,ORDREF-00098,2025-08-01,Billed,468000.0,EUR
NSO-00099,NSC-0033,SO-00099,ORDREF-00099,2024-04-05,Billed,165000.0,USD
NSO-00100,NSC-0033,SO-00100,ORDREF-00100,2025-04-01,Billed,165000.0,USD
NSO-00101,NSC-0034,SO-00101,ORDREF-00101,2023-05-05,Billed,1898000.0,USD
NSO-00102,NSC-0034,SO-00102,ORDREF-00102,2023-12-04,Billed,36000.0,USD
NSO-00103,NSC-0034,SO-00103,ORDREF-00103,2024-05-05,Billed,985000.0,USD
NSO-00104,NSC-0034,SO-00104,ORDREF-00104,2025-05-04,Billed,2955000.0,USD
NSO-00105,NSC-0034,SO-00105,ORDREF-00105,2025-06-04,Billed,224000.0,USD
NSO-00106,NSC-0035,SO-00106,ORDREF-00106,2024-06-03,Billed,48000.0,EUR
NSO-00108,NSC-0035,SO-00108,ORDREF-00108,2025-06-04,Billed,96000.0,EUR
NSO-00109,NSC-0035,SO-00109,ORDREF-00109,2025-09-02,Billed,44000.0,EUR
NSO-00110,NSC-0036,SO-00110,ORDREF-00110,2024-06-05,Billed,414000.0,GBP
NSO-00111,NSC-0036,SO-00111,ORDREF-00111,2024-09-04,Billed,135000.0,GBP
NSO-00112,NSC-0036,SO-00112,ORDREF-00112,2025-06-03,Billed,183000.0,GBP
NSO-00113,NSC-0036,SO-00113,ORDREF-00113,2025-09-04,Billed,66000.0,GBP
NSO-00114,NSC-0037,SO-00114,ORDREF-00114,2023-10-05,Billed,608000.0,USD
NSO-00115,NSC-0037,SO-00115,ORDREF-00115,2024-05-04,Billed,96000.0,USD
NSO-00116,NSC-0037,SO-00116,ORDREF-00116,2024-10-02,Billed,1200000.0,USD
NSO-00117,NSC-0037,SO-00117,ORDREF-00117,2025-10-02,Billed,1200000.0,USD
NSO-00118,NSC-0038,SO-00118,ORDREF-00118,2023-06-03,Billed,1634000.0,USD
NSO-00119,NSC-0038,SO-00119,ORDREF-00119,2024-06-05,Billed,813000.0,USD
NSO-00120,NSC-0038,SO-00120,ORDREF-00120,2025-06-02,Billed,1626000.0,USD
NSO-00121,NSC-0039,SO-00121,ORDREF-00121,2025-03-02,Billed,198000.0,EUR
NSO-00122,NSC-0039,SO-00122,ORDREF-00122,2025-06-03,Billed,42000.0,EUR
NSO-00123,NSC-0039,SO-00123,ORDREF-00123,2025-10-02,Billed,72000.0,EUR
NSO-00124,NSC-0040,SO-00124,ORDREF-00124,2023-12-03,Billed,217000.0,USD
NSO-00125,NSC-0040,SO-00125,ORDREF-00125,2024-12-05,Billed,384000.0,USD
NSO-00126,NSC-0040,SO-00126,ORDREF-00126,2025-08-04,Billed,30000.0,USD
NSO-00127,NSC-0040,SO-00127,ORDREF-00127,2025-09-02,Billed,72000.0,USD
NSO-00128,NSC-0040,SO-00128,ORDREF-00128,2025-12-04,Billed,258000.0,USD
NSO-00129,NSC-0041,SO-00129,ORDREF-00129,2024-05-04,Billed,240000.0,USD
NSO-00130,NSC-0041,SO-00130,ORDREF-00130,2024-11-05,Billed,60000.0,USD
NSO-00131,NSC-0041,SO-00131,ORDREF-00131,2025-05-03,Billed,180000.0,USD
NSO-00132,NSC-0042,SO-00132,ORDREF-00132,2025-07-04,Billed,282000.0,GBP
NSO-00133,NSC-0042,SO-00133,ORDREF-00133,2025-10-05,Billed,24000.0,GBP
NSO-00134,NSC-0042,SO-00134,ORDREF-00134,2025-11-02,Billed,72000.0,GBP
NSO-00135,NSC-0043,SO-00135,ORDREF-00135,2023-09-03,Billed,728000.0,EUR
NSO-00136,NSC-0043,SO-00136,ORDREF-00136,2024-09-05,Billed,1092000.0,EUR
NSO-00137,NSC-0043,SO-00137,ORDREF-00137,2025-09-03,Billed,364000.0,EUR
NSO-00138,NSC-0043,SO-00138,ORDREF-00138,2025-09-03,Billed,54000.0,EUR
NSO-00139,NSC-0044,SO-00139,ORDREF-00139,2024-05-04,Billed,465000.0,USD
NSO-00140,NSC-0044,SO-00140,ORDREF-00140,2025-01-01,Billed,216000.0,USD
NSO-00141,NSC-0044,SO-00141,ORDREF-00141,2025-05-04,Billed,328000.0,USD
NSO-00142,NSC-0044,SO-00142,ORDREF-00142,2025-11-04,Billed,288000.0,USD
NSO-00143,NSC-0045,SO-00143,ORDREF-00143,2023-03-05,Billed,475000.0,USD
NSO-00144,NSC-0045,SO-00144,ORDREF-00144,2024-03-01,Billed,450000.0,USD
NSO-00145,NSC-0045,SO-00145,ORDREF-00145,2024-12-04,Billed,216000.0,USD
NSO-00146,NSC-0045,SO-00146,ORDREF-00146,2025-03-01,Billed,732000.0,USD
NSO-00147,NSC-0045,SO-00147,ORDREF-00147,2025-06-04,Billed,18000.0,USD
NSO-00148,NSC-0046,SO-00148,ORDREF-00148,2025-04-21,Billed,78000.0,EUR
NSO-00149,NSC-0046,SO-00149,ORDREF-00149,2025-08-03,Billed,180000.0,EUR
NSO-00150,NSC-0046,SO-00150,ORDREF-00150,2025-11-03,Billed,108000.0,EUR
NSO-00151,NSC-0047,SO-00151,ORDREF-00151,2023-10-02,Billed,3135000.0,USD
NSO-00152,NSC-0047,SO-00152,ORDREF-00152,2024-05-02,Billed,96000.0,USD
NSO-00153,NSC-0047,SO-00153,ORDREF-00153,2024-05-04,Billed,84000.0,USD
NSO-00154,NSC-0047,SO-00154,ORDREF-00154,2024-09-03,Billed,108000.0,USD
NSO-00155,NSC-0047,SO-00155,ORDREF-00155,2024-10-04,Billed,2234000.0,USD
NSO-00156,NSC-0047,SO-00156,ORDREF-00156,2025-10-01,Billed,1117000.0,USD
NSO-00157,NSC-0048,SO-00157,ORDREF-00157,2024-09-03,Billed,841000.0,EUR
NSO-00158,NSC-0048,SO-00158,ORDREF-00158,2025-09-01,Billed,833000.0,EUR
NSO-00159,NSC-0049,SO-00159,ORDREF-00159,2024-09-02,Billed,360000.0,EUR
NSO-00160,NSC-0049,SO-00160,ORDREF-00160,2025-04-01,Billed,66000.0,EUR
NSO-00161,NSC-0049,SO-00161,ORDREF-00161,2025-04-01,Billed,154000.0,EUR
NSO-00162,NSC-0049,SO-00162,ORDREF-00162,2025-09-02,Billed,396000.0,EUR
NSO-00163,NSC-0050,SO-00163,ORDREF-00163,2023-05-01,Billed,50000.0,USD
NSO-00164,NSC-0050,SO-00164,ORDREF-00164,2024-05-01,Billed,14000.0,USD
NSO-00165,NSC-0050,SO-00165,ORDREF-00165,2025-05-03,Billed,14000.0,USD
NSO-00166,NSC-0051,SO-00166,ORDREF-00166,2024-09-04,Billed,180000.0,USD
NSO-00167,NSC-0051,SO-00167,ORDREF-00167,2025-09-05,Billed,360000.0,USD
NSO-00168,NSC-0052,SO-00168,ORDREF-00168,2025-04-05,Billed,45000.0,USD
NSO-00169,NSC-0052,SO-00169,ORDREF-00169,2025-10-05,Billed,60000.0,USD
NSO-00170,NSC-0053,SO-00170,ORDREF-00170,2024-12-02,Billed,594000.0,EUR
NSO-00171,NSC-0053,SO-00171,ORDREF-00171,2025-09-01,Billed,126000.0,EUR
NSO-00172,NSC-0053,SO-00172,ORDREF-00172,2025-12-01,Billed,972000.0,EUR
NSO-00173,NSC-0054,SO-00173,ORDREF-00173,2023-12-02,Billed,72000.0,USD
NSO-00174,NSC-0054,SO-00174,ORDREF-00174,2024-05-04,Billed,269640.0,USD
NSO-00175,NSC-0054,SO-00175,ORDREF-00175,2024-05-01,Billed,60000.0,USD
NSO-00176,NSC-0054,SO-00176,ORDREF-00176,2024-09-05,Billed,108000.0,USD
NSO-00177,NSC-0054,SO-00177,ORDREF-00177,2024-12-01,Billed,756000.0,USD
NSO-00178,NSC-0055,SO-00178,ORDREF-00178,2025-07-05,Billed,123000.0,USD
NSO-00179,NSC-0055,SO-00179,ORDREF-00179,2025-10-03,Billed,120000.0,USD
NSO-00180,NSC-0055,SO-00180,ORDREF-00180,2025-12-02,Billed,180000.0,USD
NSO-00183,NSC-0056,SO-00183,ORDREF-00183,2025-12-01,Billed,1122000.0,USD
NSO-00184,NSC-0057,SO-00184,ORDREF-00184,2024-05-04,Billed,80000.0,USD
NSO-00185,NSC-0057,SO-00185,ORDREF-00185,2024-09-03,Billed,220000.0,USD
NSO-00186,NSC-0057,SO-00186,ORDREF-00186,2025-03-05,Billed,72000.0,USD
NSO-00187,NSC-0057,SO-00187,ORDREF-00187,2025-05-04,Billed,389480.0,USD
NSO-00188,NSC-0057,SO-00188,ORDREF-00188,2025-09-01,Billed,176000.0,USD
NSO-00189,NSC-0058,SO-00189,ORDREF-00189,2023-10-02,Billed,960000.0,USD
NSO-00190,NSC-0058,SO-00190,ORDREF-00190,2024-08-04,Billed,14000.0,USD
NSO-00191,NSC-0058,SO-00191,ORDREF-00191,2024-10-01,Billed,334000.0,USD
NSO-00192,NSC-0058,SO-00192,ORDREF-00192,2025-02-01,Billed,112000.0,USD
NSO-00193,NSC-0058,SO-00193,ORDREF-00193,2025-10-01,Billed,446000.0,USD
NSO-00194,NSC-0059,SO-00194,ORDREF-00194,2025-05-01,Billed,672000.0,USD
NSO-00195,NSC-0059,SO-00195,ORDREF-00195,2025-11-03,Billed,224000.0,USD
NSO-00196,NSC-0060,SO-00196,ORDREF-00196,2025-06-02,Billed,1423000.0,EUR
NSO-00197,NSC-0061,SO-00197,ORDREF-00197,2024-03-04,Billed,295000.0,USD
NSO-00198,NSC-0061,SO-00198,ORDREF-00198,2024-09-03,Billed,60000.0,USD
NSO-00199,NSC-0061,SO-00199,ORDREF-00199,2025-03-03,Billed,195000.0,USD
NSO-00200,NSC-0062,SO-00200,ORDREF-00200,2023-02-04,Billed,22000.0,USD
NSO-00201,NSC-0062,SO-00201,ORDREF-00201,2023-11-01,Billed,22000.0,USD
NSO-00202,NSC-0062,SO-00202,ORDREF-00202,2024-02-02,Billed,44000.0,USD
NSO-00203,NSC-0062,SO-00203,ORDREF-00203,2025-02-01,Billed,44000.0,USD
NSO-00204,NSC-0063,SO-00204,ORDREF-00204,2023-09-04,Billed,60000.0,USD
NSO-00205,NSC-0063,SO-00205,ORDREF-00205,2024-09-01,Billed,60000.0,USD
NSO-00206,NSC-0063,SO-00206,ORDREF-00206,2025-09-02,Billed,60000.0,USD
NSO-00207,NSC-0064,SO-00207,ORDREF-00207,2025-03-03,Billed,1237000.0,USD
NSO-00208,NSC-0064,SO-00208,ORDREF-00208,2025-06-01,Billed,256000.0,USD
NSO-00209,NSC-0064,SO-00209,ORDREF-00209,2025-10-02,Billed,168000.0,USD
NSO-00210,NSC-0065,SO-00210,ORDREF-00210,2023-08-03,Billed,1044000.0,USD
NSO-00211,NSC-0065,SO-00211,ORDREF-00211,2024-07-01,Billed,60000.0,USD
NSO-00212,NSC-0065,SO-00212,ORDREF-00212,2024-08-03,Billed,1224000.0,USD
NSO-00213,NSC-0065,SO-00213,ORDREF-00213,2025-08-02,Billed,408000.0,USD
NSO-00214,NSC-0066,SO-00214,ORDREF-00214,2024-10-04,Billed,72000.0,USD
NSO-00215,NSC-0066,SO-00215,ORDREF-00215,2025-10-05,Billed,72000.0,USD
NSO-00216,NSC-0067,SO-00216,ORDREF-00216,2024-11-01,Billed,531000.0,USD
NSO-00217,NSC-0067,SO-00217,ORDREF-00217,2025-02-02,Billed,192000.0,USD
NSO-00218,NSC-0067,SO-00218,ORDREF-00218,2025-11-01,Billed,698000.0,USD
NSO-00219,NSC-0068,SO-00219,ORDREF-00219,2025-01-04,Billed,348000.0,USD
NSO-00220,NSC-0068,SO-00220,ORDREF-00220,2025-09-02,Billed,180000.0,USD
NSO-00221,NSC-0069,SO-00221,ORDREF-00221,2024-11-03,Billed,960000.0,USD
NSO-00222,NSC-0069,SO-00222,ORDREF-00222,2025-11-02,Billed,960000.0,USD
NSO-00223,NSC-0069,SO-00223,ORDREF-00223,2025-11-03,Billed,66000.0,USD
NSO-00224,NSC-0069,SO-00224,ORDREF-00224,2025-11-02,Billed,132000.0,USD
NSO-00225,NSC-0070,SO-00225,ORDREF-00225,2025-03-03,Billed,89000.0,USD
NSO-00226,NSC-0070,SO-00226,ORDREF-00226,2025-06-03,Billed,224000.0,USD
NSO-00227,NSC-0070,SO-00227,ORDREF-00227,2025-11-02,Billed,64000.0,USD
NSO-00228,NSC-0071,SO-00228,ORDREF-00228,2025-02-01,Billed,140000.0,USD
NSO-00229,NSC-0071,SO-00229,ORDREF-00229,2025-06-02,Billed,360640.0,USD
NSO-00230,NSC-0071,SO-00230,ORDREF-00230,2025-07-03,Billed,36000.0,USD
NSO-00231,NSC-0072,SO-00231,ORDREF-00231,2024-02-01,Billed,3400000.0,EUR
NSO-00232,NSC-0072,SO-00232,ORDREF-00232,2025-02-01,Billed,2250000.0,EUR
NSO-00233,NSC-0072,SO-00233,ORDREF-00233,2025-08-01,Billed,192000.0,EUR
NSO-00234,NSC-0073,SO-00234,ORDREF-00234,2023-06-03,Billed,394000.0,USD
NSO-00235,NSC-0073,SO-00235,ORDREF-00235,2024-02-03,Billed,15000.0,USD
NSO-00236,NSC-0073,SO-00236,ORDREF-00236,2024-06-02,Billed,409000.0,USD
NSO-00237,NSC-0073,SO-00237,ORDREF-00237,2025-06-01,Billed,1227000.0,USD
NSO-00238,NSC-0074,SO-00238,ORDREF-00238,2024-10-02,Billed,270000.0,USD
NSO-00239,NSC-0074,SO-00239,ORDREF-00239,2025-09-03,Billed,672000.0,USD
NSO-00240,NSC-0074,SO-00240,ORDREF-00240,2025-09-04,Billed,44000.0,USD
NSO-00241,NSC-0074,SO-00241,ORDREF-00241,2025-10-02,Billed,556400.0,USD
NSO-00242,NSC-0075,SO-00242,ORDREF-00242,2024-03-09,Billed,1190000.0,USD
NSO-00243,NSC-0075,SO-00243,ORDREF-00243,2025-02-01,Billed,2344000.0,USD
NSO-00244,NSC-0075,SO-00244,ORDREF-00244,2025-10-01,Billed,2134650.0,USD
NSO-00245,NSC-0076,SO-00245,ORDREF-00245,2023-05-05,Billed,1020000.0,USD
NSO-00246,NSC-0076,SO-00246,ORDREF-00246,2024-05-02,Billed,340000.0,USD
NSO-00247,NSC-0076,SO-00247,ORDREF-00247,2025-04-04,Billed,95000.0,USD
NSO-00248,NSC-0076,SO-00248,ORDREF-00248,2025-05-01,Billed,435000.0,USD
NSO-00249,NSC-0077,SO-00249,ORDREF-00249,2025-06-01,Billed,290000.0,USD
NSO-00250,NSC-0077,SO-00250,ORDREF-00250,2025-12-01,Billed,308000.0,USD
NSO-00251,NSC-0078,SO-00251,ORDREF-00251,2023-07-01,Billed,694000.0,USD
NSO-00252,NSC-0078,SO-00252,ORDREF-00252,2024-02-02,Billed,162000.0,USD
NSO-00253,NSC-0078,SO-00253,ORDREF-00253,2024-07-02,Billed,401000.0,USD
NSO-00254,NSC-0078,SO-00254,ORDREF-00254,2025-07-03,Billed,401000.0,USD
NSO-00255,NSC-0079,SO-00255,ORDREF-00255,2023-09-02,Billed,1069000.0,EUR
NSO-00256,NSC-0079,SO-00256,ORDREF-00256,2024-05-02,Billed,36000.0,EUR
NSO-00257,NSC-0079,SO-00257,ORDREF-00257,2024-09-03,Billed,1057000.0,EUR
NSO-00258,NSC-0079,SO-00258,ORDREF-00258,2025-09-02,Billed,1057000.0,EUR
NSO-00259,NSC-0080,SO-00259,ORDREF-00259,2025-04-01,Billed,442000.0,EUR
NSO-00260,NSC-0080,SO-00260,ORDREF-00260,2025-11-03,Billed,1425000.0,EUR
NSO-00261,NSC-0081,SO-00261,ORDREF-00261,2025-04-05,Billed,304000.0,EUR
NSO-00262,NSC-0082,SO-00262,ORDREF-00262,2024-10-03,Billed,374000.0,EUR
NSO-00264,NSC-0082,SO-00264,ORDREF-00264,2025-10-01,Billed,506000.0,EUR
NSO-00265,NSC-0083,SO-00265,ORDREF-00265,2025-06-05,Billed,331200.0,USD
NSO-00266,NSC-0083,SO-00266,ORDREF-00266,2025-10-03,Billed,216000.0,USD
NSO-00267,NSC-0084,SO-00267,ORDREF-00267,2025-05-05,Billed,368000.0,USD
NSO-00268,NSC-0084,SO-00268,ORDREF-00268,2025-09-04,Billed,75000.0,USD
NSO-00269,NSC-0084,SO-00269,ORDREF-00269,2025-10-02,Billed,176000.0,USD
NSO-00270,NSC-0084,SO-00270,ORDREF-00270,2025-10-01,Billed,308000.0,USD
NSO-00271,NSC-0085,SO-00271,ORDREF-00271,2023-07-02,Billed,60000.0,USD
NSO-00272,NSC-0085,SO-00272,ORDREF-00272,2024-07-01,Billed,42000.0,USD
NSO-00273,NSC-0085,SO-00273,ORDREF-00273,2025-06-04,Billed,14000.0,USD
NSO-00274,NSC-0085,SO-00274,ORDREF-00274,2025-07-05,Billed,28000.0,USD
NSO-00275,NSC-0086,SO-00275,ORDREF-00275,2024-02-02,Billed,214000.0,USD
NSO-00276,NSC-0086,SO-00276,ORDREF-00276,2024-05-01,Billed,48000.0,USD
NSO-00277,NSC-0086,SO-00277,ORDREF-00277,2025-02-03,Billed,438000.0,USD
NSO-00278,NSC-0086,SO-00278,ORDREF-00278,2025-03-04,Billed,110000.0,USD
NSO-00279,NSC-0086,SO-00279,ORDREF-00279,2025-09-04,Billed,396000.0,USD
NSO-00280,NSC-0087,SO-00280,ORDREF-00280,2023-11-25,Billed,180000.0,USD
NSO-00281,NSC-0087,SO-00281,ORDREF-00281,2024-11-01,Billed,90000.0,USD
NSO-00282,NSC-0087,SO-00282,ORDREF-00282,2025-11-01,Billed,90000.0,USD
NSO-00283,NSC-0088,SO-00283,ORDREF-00283,2024-09-05,Billed,144000.0,USD
NSO-00284,NSC-0088,SO-00284,ORDREF-00284,2025-09-01,Billed,144000.0,USD
NSO-00285,NSC-0089,SO-00285,ORDREF-00285,2024-01-01,Billed,342400.0,USD
NSO-00286,NSC-0089,SO-00286,ORDREF-00286,2025-01-05,Billed,320000.0,USD
NSO-00287,NSC-0089,SO-00287,ORDREF-00287,2025-08-01,Billed,44000.0,USD
NSO-00288,NSC-0089,SO-00288,ORDREF-00288,2025-11-05,Billed,225000.0,USD
NSO-00289,NSC-0090,SO-00289,ORDREF-00289,2024-11-04,Billed,349000.0,USD
NSO-00290,NSC-0090,SO-00290,ORDREF-00290,2025-11-05,Billed,162000.0,USD
NSO-00291,NSC-0091,SO-00291,ORDREF-00291,2023-05-03,Billed,1128000.0,USD
NSO-00292,NSC-0091,SO-00292,ORDREF-00292,2024-05-03,Billed,1120000.0,USD
NSO-00293,NSC-0092,SO-00293,ORDREF-00293,2024-12-02,Billed,18000.0,EUR
NSO-00294,NSC-0092,SO-00294,ORDREF-00294,2025-04-04,Billed,126000.0,EUR
NSO-00295,NSC-0092,SO-00295,ORDREF-00295,2025-12-04,Billed,288000.0,EUR
NSO-00296,NSC-0092,SO-00296,ORDREF-00296,2025-12-02,Billed,18000.0,EUR
NSO-00297,NSC-0093,SO-00297,ORDREF-00297,2025-06-05,Billed,882000.0,EUR
NSO-00298,NSC-0093,SO-00298,ORDREF-00298,2025-10-03,Billed,70000.0,EUR
NSO-00299,NSC-0093,SO-00299,ORDREF-00299,2025-12-05,Billed,396000.0,EUR
NSO-00300,NSC-0094,SO-00300,ORDREF-00300,2024-11-04,Billed,738000.0,USD
NSO-00301,NSC-0094,SO-00301,ORDREF-00301,2025-11-04,Billed,480000.0,USD
NSO-00302,NSC-0094,SO-00302,ORDREF-00302,2025-11-03,Billed,240000.0,USD
NSO-00303,NSC-0094,SO-00303,ORDREF-00303,2025-12-04,Billed,810000.0,USD
NSO-00304,NSC-0095,SO-00304,ORDREF-00304,2023-03-04,Billed,56000.0,USD
NSO-00305,NSC-0095,SO-00305,ORDREF-00305,2023-07-05,Billed,432000.0,USD
NSO-00306,NSC-0095,SO-00306,ORDREF-00306,2023-09-01,Billed,192000.0,USD
NSO-00307,NSC-0095,SO-00307,ORDREF-00307,2024-03-03,Billed,536000.0,USD
NSO-00308,NSC-0096,SO-00308,ORDREF-00308,2024-11-03,Billed,553000.0,USD
NSO-00309,NSC-0096,SO-00309,ORDREF-00309,2025-03-05,Billed,150000.0,USD
NSO-00310,NSC-0096,SO-00310,ORDREF-00310,2025-11-04,Billed,620000.0,USD
NSO-00311,NSC-0097,SO-00311,ORDREF-00311,2024-11-05,Billed,12000.0,USD
NSO-00312,NSC-0097,SO-00312,ORDREF-00312,2025-11-05,Billed,12000.0,USD
NSO-00313,NSC-0098,SO-00313,ORDREF-00313,2024-04-26,Billed,1665000.0,EUR
NSO-00314,NSC-0098,SO-00314,ORDREF-00314,2025-04-03,Billed,549000.0,EUR
NSO-00315,NSC-0098,SO-00315,ORDREF-00315,2025-07-02,Billed,285000.0,EUR
NSO-00316,NSC-0099,SO-00316,ORDREF-00316,2024-11-05,Billed,1710000.0,USD
NSO-00317,NSC-0099,SO-00317,ORDREF-00317,2025-11-03,Billed,570000.0,USD
NSO-00318,NSC-0100,SO-00318,ORDREF-00318,2024-11-04,Billed,321000.0,USD
NSO-00319,NSC-0100,SO-00319,ORDREF-00319,2025-08-01,Billed,48000.0,USD
NSO-00320,NSC-0100,SO-00320,ORDREF-00320,2025-10-03,Billed,45000.0,USD
NSO-00321,NSC-0100,SO-00321,ORDREF-00321,2025-11-01,Billed,396000.0,USD
NSO-00322,NSC-0101,SO-00322,ORDREF-00322,2023-07-05,Billed,84000.0,USD
NSO-00323,NSC-0101,SO-00323,ORDREF-00323,2024-07-01,Billed,28000.0,USD
NSO-00324,NSC-0101,SO-00324,ORDREF-00324,2024-10-01,Billed,28000.0,USD
NSO-00325,NSC-0101,SO-00325,ORDREF-00325,2025-07-05,Billed,42000.0,USD
NSO-00326,NSC-0102,SO-00326,ORDREF-00326,2025-03-01,Billed,534000.0,USD
NSO-00327,NSC-0102,SO-00327,ORDREF-00327,2025-06-01,Billed,60000.0,USD
NSO-00328,NSC-0102,SO-00328,ORDREF-00328,2025-09-03,Billed,89880.0,USD
NSO-00329,NSC-0103,SO-00329,ORDREF-00329,2025-01-03,Billed,876000.0,USD
NSO-00330,NSC-0103,SO-00330,ORDREF-00330,2025-12-03,Billed,96000.0,USD
NSO-00331,NSC-0103,SO-00331,ORDREF-00331,2025-12-01,Billed,16000.0,USD
NSO-00332,NSC-0103,SO-00332,ORDREF-00332,2025-12-05,Billed,330000.0,USD
NSO-00333,NSC-0104,SO-00333,ORDREF-00333,2025-07-03,Billed,158000.0,USD
NSO-00334,NSC-0104,SO-00334,ORDREF-00334,2025-11-01,Billed,198000.0,USD
NSO-00335,NSC-0104,SO-00335,ORDREF-00335,2025-12-01,Billed,65960.29,USD
NSO-00336,NSC-0105,SO-00336,ORDREF-00336,2024-09-01,Billed,456000.0,USD
NSO-00337,NSC-0105,SO-00337,ORDREF-00337,2025-09-01,Billed,456000.0,USD
NSO-00338,NSC-0106,SO-00338,ORDREF-00338,2023-02-04,Billed,1010000.0,EUR
NSO-00339,NSC-0106,SO-00339,ORDREF-00339,2024-02-05,Billed,1010000.0,EUR
NSO-00340,NSC-0106,SO-00340,ORDREF-00340,2025-02-01,Billed,3030000.0,EUR
NSO-00341,NSC-0106,SO-00341,ORDREF-00341,2025-08-03,Billed,570000.0,EUR
NSO-00342,NSC-0107,SO-00342,ORDREF-00342,2023-10-01,Billed,210000.0,USD
NSO-00343,NSC-0107,SO-00343,ORDREF-00343,2024-05-02,Billed,726000.0,USD
NSO-00344,NSC-0107,SO-00344,ORDREF-00344,2024-10-01,Billed,452000.0,USD
NSO-00345,NSC-0107,SO-00345,ORDREF-00345,2025-10-01,Billed,452000.0,USD
NSO-00346,NSC-0108,SO-00346,ORDREF-00346,2024-07-03,Billed,588000.0,USD
NSO-00347,NSC-0108,SO-00347,ORDREF-00347,2024-12-05,Billed,2280000.0,USD
NSO-00348,NSC-0108,SO-00348,ORDREF-00348,2025-07-03,Billed,950000.0,USD
NSO-00349,NSC-0108,SO-00349,ORDREF-00349,2025-07-03,Billed,252000.0,USD
NSO-00350,NSC-0109,SO-00350,ORDREF-00350,2023-04-03,Billed,482000.0,USD
NSO-00351,NSC-0109,SO-00351,ORDREF-00351,2024-04-04,Billed,464000.0,USD
NSO-00352,NSC-0109,SO-00352,ORDREF-00352,2025-04-02,Billed,464000.0,USD
NSO-00353,NSC-0110,SO-00353,ORDREF-00353,2024-11-03,Billed,168000.0,USD
NSO-00354,NSC-0110,SO-00354,ORDREF-00354,2025-06-03,Billed,112000.0,USD
NSO-00355,NSC-0110,SO-00355,ORDREF-00355,2025-11-01,Billed,196000.0,USD
NSO-00356,NSC-0111,SO-00356,ORDREF-00356,2025-03-05,Billed,1080000.0,USD
NSO-00357,NSC-0111,SO-00357,ORDREF-00357,2025-08-04,Billed,36000.0,USD
NSO-00358,NSC-0111,SO-00358,ORDREF-00358,2025-12-05,Billed,56000.0,USD
NSO-00359,NSC-0112,SO-00359,ORDREF-00359,2025-01-05,Billed,198000.0,EUR
NSO-00360,NSC-0112,SO-00360,ORDREF-00360,2025-04-02,Billed,132000.0,EUR
NSO-00361,NSC-0112,SO-00361,ORDREF-00361,2025-11-04,Billed,154000.0,EUR
NSO-00362,NSC-0113,SO-00362,ORDREF-00362,2023-02-03,Billed,1045000.0,GBP
NSO-00363,NSC-0113,SO-00363,ORDREF-00363,2024-02-05,Billed,1045000.0,GBP
NSO-00364,NSC-0113,SO-00364,ORDREF-00364,2025-02-05,Billed,1045000.0,GBP
NSO-00365,NSC-0113,SO-00365,ORDREF-00365,2025-05-05,Billed,112000.0,GBP
NSO-00366,NSC-0114,SO-00366,ORDREF-00366,2025-05-03,Billed,60000.0,USD
NSO-00367,NSC-0115,SO-00367,ORDREF-00367,2024-11-04,Billed,208000.0,USD
NSO-00368,NSC-0115,SO-00368,ORDREF-00368,2025-11-02,Billed,200000.0,USD
NSO-00369,NSC-0116,SO-00369,ORDREF-00369,2024-07-02,Billed,285000.0,USD
NSO-00370,NSC-0116,SO-00370,ORDREF-00370,2024-12-03,Billed,648000.0,USD
NSO-00371,NSC-0116,SO-00371,ORDREF-00371,2025-07-05,Billed,622000.0,USD
NSO-00372,NSC-0117,SO-00372,ORDREF-00372,2023-06-26,Billed,1265000.0,EUR
NSO-00373,NSC-0117,SO-00373,ORDREF-00373,2024-06-02,Billed,2530000.0,EUR
NSO-00374,NSC-0117,SO-00374,ORDREF-00374,2024-11-04,Billed,252000.0,EUR
NSO-00375,NSC-0117,SO-00375,ORDREF-00375,2025-06-01,Billed,4551000.0,EUR
NSO-00376,NSC-0118,SO-00376,ORDREF-00376,2023-02-05,Billed,3513000.0,USD
NSO-00377,NSC-0118,SO-00377,ORDREF-00377,2024-02-02,Billed,2330000.0,USD
NSO-00378,NSC-0118,SO-00378,ORDREF-00378,2025-02-03,Billed,2330000.0,USD
NSO-00379,NSC-0118,SO-00379,ORDREF-00379,2025-04-02,Billed,180000.0,USD
NSO-00380,NSC-0118,SO-00380,ORDREF-00380,2025-08-03,Billed,28000.0,USD
NSO-00381,NSC-0119,SO-00381,ORDREF-00381,2024-02-05,Billed,180000.0,USD
NSO-00382,NSC-0119,SO-00382,ORDREF-00382,2024-08-05,Billed,126000.0,USD
NSO-00383,NSC-0119,SO-00383,ORDREF-00383,2025-02-04,Billed,306000.0,USD
NSO-00384,NSC-0119,SO-00384,ORDREF-00384,2025-03-03,Billed,108000.0,USD
NSO-00385,NSC-0120,SO-00385,ORDREF-00385,2024-04-04,Billed,406000.0,USD
NSO-00386,NSC-0120,SO-00386,ORDREF-00386,2024-10-01,Billed,196000.0,USD
NSO-00387,NSC-0120,SO-00387,ORDREF-00387,2025-04-04,Billed,602000.0,USD
NSO-00388,NSC-0120,SO-00388,ORDREF-00388,2025-07-02,Billed,90000.0,USD
NSO-00389,NSC-0120,SO-00389,ORDREF-00389,2025-12-04,Billed,540000.0,USD
NSO-00390,NSC-0121,SO-00390,ORDREF-00390,2024-09-04,Billed,162000.0,EUR
NSO-00391,NSC-0121,SO-00391,ORDREF-00391,2025-03-01,Billed,162000.0,EUR
NSO-00392,NSC-0121,SO-00392,ORDREF-00392,2025-09-02,Billed,108000.0,EUR
NSO-00393,NSC-0121,SO-00393,ORDREF-00393,2025-12-04,Billed,264000.0,EUR
NSO-00394,NSC-0122,SO-00394,ORDREF-00394,2023-07-05,Billed,90000.0,USD
NSO-00395,NSC-0122,SO-00395,ORDREF-00395,2024-07-04,Billed,30000.0,USD
NSO-00396,NSC-0122,SO-00396,ORDREF-00396,2025-07-03,Billed,30000.0,USD
NSO-00397,NSC-0122,SO-00397,ORDREF-00397,2025-12-05,Billed,90000.0,USD
NSO-00398,NSC-0123,SO-00398,ORDREF-00398,2025-08-19,Billed,952000.0,USD
NSO-00399,NSC-0123,SO-00399,ORDREF-00399,2025-11-02,Billed,126000.0,USD
NSO-00400,NSC-0123,SO-00400,ORDREF-00400,2025-12-03,Billed,380000.0,USD
NSO-00401,NSC-0124,SO-00401,ORDREF-00401,2023-01-03,Billed,105000.0,GBP
NSO-00402,NSC-0124,SO-00402,ORDREF-00402,2024-01-04,Billed,105000.0,GBP
NSO-00403,NSC-0124,SO-00403,ORDREF-00403,2024-05-02,Billed,45000.0,GBP
NSO-00404,NSC-0124,SO-00404,ORDREF-00404,2024-09-01,Billed,45000.0,GBP
NSO-00405,NSC-0124,SO-00405,ORDREF-00405,2025-01-05,Billed,210000.0,GBP
NSO-00406,NSC-0124,SO-00406,ORDREF-00406,2025-10-05,Billed,90000.0,GBP
NSO-00407,NSC-0125,SO-00407,ORDREF-00407,2025-05-02,Billed,978000.0,USD
NSO-00408,NSC-0125,SO-00408,ORDREF-00408,2025-08-05,Billed,32000.0,USD
NSO-00409,NSC-0125,SO-00409,ORDREF-00409,2025-11-04,Billed,56022.95,USD
NSO-00410,NSC-0126,SO-00410,ORDREF-00410,2023-11-05,Billed,262000.0,USD
NSO-00411,NSC-0126,SO-00411,ORDREF-00411,2024-11-03,Billed,508000.0,USD
NSO-00412,NSC-0126,SO-00412,ORDREF-00412,2025-11-04,Billed,254000.0,USD
NSO-00413,NSC-0127,SO-00413,ORDREF-00413,2023-05-02,Billed,620000.0,USD
NSO-00414,NSC-0127,SO-00414,ORDREF-00414,2024-05-04,Billed,204000.0,USD
NSO-00415,NSC-0127,SO-00415,ORDREF-00415,2025-05-05,Billed,612000.0,USD
NSO-00416,NSC-0128,SO-00416,ORDREF-00416,2025-02-02,Billed,1925000.0,USD
NSO-00417,NSC-0128,SO-00417,ORDREF-00417,2025-06-03,Billed,475000.0,USD
NSO-00418,NSC-0128,SO-00418,ORDREF-00418,2025-12-05,Billed,308000.0,USD
NSO-00419,NSC-0129,SO-00419,ORDREF-00419,2024-07-04,Billed,306000.0,USD
NSO-00420,NSC-0129,SO-00420,ORDREF-00420,2024-11-04,Billed,96000.0,USD
NSO-00421,NSC-0129,SO-00421,ORDREF-00421,2025-07-04,Billed,576000.0,USD
NSO-00422,NSC-0130,SO-00422,ORDREF-00422,2023-06-05,Billed,316000.0,USD
NSO-00424,NSC-0130,SO-00424,ORDREF-00424,2024-11-02,Billed,22000.0,USD
NSO-00425,NSC-0130,SO-00425,ORDREF-00425,2025-06-01,Billed,330000.0,USD
NSO-00426,NSC-0131,SO-00426,ORDREF-00426,2024-01-05,Billed,134000.0,USD
NSO-00427,NSC-0131,SO-00427,ORDREF-00427,2025-01-04,Billed,126000.0,USD
NSO-00428,NSC-0132,SO-00428,ORDREF-00428,2023-08-02,Billed,66000.0,GBP
NSO-00429,NSC-0132,SO-00429,ORDREF-00429,2024-08-05,Billed,66000.0,GBP
NSO-00430,NSC-0132,SO-00430,ORDREF-00430,2024-09-05,Billed,132000.0,GBP
NSO-00431,NSC-0132,SO-00431,ORDREF-00431,2025-08-04,Billed,22000.0,GBP
NSO-00432,NSC-0133,SO-00432,ORDREF-00432,2025-02-01,Billed,204000.0,USD
NSO-00433,NSC-0133,SO-00433,ORDREF-00433,2025-07-01,Billed,280000.0,USD
NSO-00434,NSC-0133,SO-00434,ORDREF-00434,2025-12-05,Billed,30000.0,USD
NSO-00435,NSC-0134,SO-00435,ORDREF-00435,2024-02-04,Billed,270000.0,USD
NSO-00436,NSC-0134,SO-00436,ORDREF-00436,2025-02-05,Billed,270000.0,USD
NSO-00437,NSC-0135,SO-00437,ORDREF-00437,2023-10-04,Billed,367000.0,USD
NSO-00438,NSC-0135,SO-00438,ORDREF-00438,2024-10-01,Billed,114000.0,USD
NSO-00439,NSC-0135,SO-00439,ORDREF-00439,2025-08-03,Billed,60000.0,USD
NSO-00440,NSC-0135,SO-00440,ORDREF-00440,2025-10-01,Billed,348000.0,USD
NSO-00441,NSC-0136,SO-00441,ORDREF-00441,2023-05-04,Billed,236000.0,USD
NSO-00442,NSC-0136,SO-00442,ORDREF-00442,2024-05-01,Billed,472000.0,USD
NSO-00443,NSC-0137,SO-00443,ORDREF-00443,2025-05-02,Billed,284000.0,EUR
NSO-00444,NSC-0138,SO-00444,ORDREF-00444,2023-04-03,Billed,1092000.0,USD
NSO-00445,NSC-0138,SO-00445,ORDREF-00445,2024-04-02,Billed,364000.0,USD
NSO-00446,NSC-0138,SO-00446,ORDREF-00446,2024-11-04,Billed,120000.0,USD
NSO-00447,NSC-0138,SO-00447,ORDREF-00447,2025-04-03,Billed,484000.0,USD
NSO-00448,NSC-0138,SO-00448,ORDREF-00448,2025-06-01,Billed,28000.0,USD
NSO-00449,NSC-0139,SO-00449,ORDREF-00449,2024-04-05,Billed,205000.0,USD
NSO-00450,NSC-0139,SO-00450,ORDREF-00450,2025-04-05,Billed,60000.0,USD
NSO-00451,NSC-0140,SO-00451,ORDREF-00451,2023-05-04,Billed,2090000.0,EUR
NSO-00452,NSC-0140,SO-00452,ORDREF-00452,2024-05-03,Billed,1045000.0,EUR
NSO-00453,NSC-0140,SO-00453,ORDREF-00453,2025-05-05,Billed,2090000.0,EUR
NSO-00454,NSC-0141,SO-00454,ORDREF-00454,2024-11-04,Billed,414000.0,USD
NSO-00455,NSC-0141,SO-00455,ORDREF-00455,2025-06-05,Billed,364320.0,USD
NSO-00456,NSC-0141,SO-00456,ORDREF-00456,2025-10-05,Billed,132000.0,USD
NSO-00457,NSC-0141,SO-00457,ORDREF-00457,2025-10-05,Billed,88000.0,USD
NSO-00458,NSC-0141,SO-00458,ORDREF-00458,2025-11-02,Billed,1848000.0,USD
NSO-00459,NSC-0142,SO-00459,ORDREF-00459,2023-11-02,Billed,2385000.0,USD
NSO-00460,NSC-0142,SO-00460,ORDREF-00460,2024-11-04,Billed,3540000.0,USD
NSO-00461,NSC-0143,SO-00461,ORDREF-00461,2024-11-01,Billed,336000.0,USD
NSO-00462,NSC-0143,SO-00462,ORDREF-00462,2025-03-05,Billed,56000.0,USD
NSO-00463,NSC-0143,SO-00463,ORDREF-00463,2025-11-01,Billed,140000.0,USD
NSO-00464,NSC-0143,SO-00464,ORDREF-00464,2025-12-01,Billed,56000.0,USD
NSO-00465,NSC-0144,SO-00465,ORDREF-00465,2024-06-02,Billed,2108000.0,USD
NSO-00466,NSC-0144,SO-00466,ORDREF-00466,2024-12-02,Billed,48000.0,USD
NSO-00467,NSC-0144,SO-00467,ORDREF-00467,2025-06-04,Billed,3207000.0,USD
NSO-00468,NSC-0145,SO-00468,ORDREF-00468,2024-10-03,Billed,336000.0,USD
NSO-00469,NSC-0145,SO-00469,ORDREF-00469,2025-06-03,Billed,270000.0,USD
NSO-00470,NSC-0145,SO-00470,ORDREF-00470,2025-07-01,Billed,32000.0,USD
NSO-00471,NSC-0145,SO-00471,ORDREF-00471,2025-10-05,Billed,622000.0,USD
NSO-00472,NSC-0146,SO-00472,ORDREF-00472,2023-01-05,Billed,662000.0,USD
NSO-00473,NSC-0146,SO-00473,ORDREF-00473,2024-01-02,Billed,662000.0,USD
NSO-00474,NSC-0146,SO-00474,ORDREF-00474,2025-01-02,Billed,1986000.0,USD
NSO-00475,NSC-0147,SO-00475,ORDREF-00475,2025-02-01,Billed,120000.0,USD
NSO-00476,NSC-0147,SO-00476,ORDREF-00476,2025-06-01,Billed,84000.0,USD
NSO-00477,NSC-0147,SO-00477,ORDREF-00477,2025-07-01,Billed,98000.0,USD
NSO-00478,NSC-0148,SO-00478,ORDREF-00478,2024-12-02,Billed,774000.0,USD
NSO-00479,NSC-0148,SO-00479,ORDREF-00479,2025-05-02,Billed,132000.0,USD
NSO-00480,NSC-0148,SO-00480,ORDREF-00480,2025-09-03,Billed,72000.0,USD
NSO-00481,NSC-0148,SO-00481,ORDREF-00481,2025-12-01,Billed,798000.0,USD
NSO-00482,NSC-0149,SO-00482,ORDREF-00482,2023-09-04,Billed,169000.0,USD
NSO-00483,NSC-0149,SO-00483,ORDREF-00483,2024-09-02,Billed,432000.0,USD
NSO-00484,NSC-0149,SO-00484,ORDREF-00484,2025-08-05,Billed,84000.0,USD
NSO-00485,NSC-0149,SO-00485,ORDREF-00485,2025-09-04,Billed,456000.0,USD
NSO-00486,NSC-0150,SO-00486,ORDREF-00486,2023-07-05,Billed,98000.0,USD
NSO-00487,NSC-0150,SO-00487,ORDREF-00487,2024-07-03,Billed,96300.0,USD
NSO-00488,NSC-0150,SO-00488,ORDREF-00488,2024-12-02,Billed,18000.0,USD
NSO-00489,NSC-0150,SO-00489,ORDREF-00489,2025-07-01,Billed,108000.0,USD
NSO-00490,NSC-0151,SO-00490,ORDREF-00490,2025-02-05,Billed,32000.0,EUR
NSO-00491,NSC-0151,SO-00491,ORDREF-00491,2025-09-05,Billed,126000.0,EUR
NSO-00492,NSC-0152,SO-00492,ORDREF-00492,2023-02-05,Billed,64000.0,USD
NSO-00493,NSC-0152,SO-00493,ORDREF-00493,2023-05-03,Billed,16000.0,USD
NSO-00494,NSC-0152,SO-00494,ORDREF-00494,2024-02-04,Billed,80000.0,USD
NSO-00495,NSC-0152,SO-00495,ORDREF-00495,2025-02-03,Billed,80000.0,USD
NSO-00496,NSC-0153,SO-00496,ORDREF-00496,2024-06-01,Billed,760000.0,EUR
NSO-00497,NSC-0153,SO-00497,ORDREF-00497,2024-09-01,Billed,475000.0,EUR
NSO-00498,NSC-0153,SO-00498,ORDREF-00498,2025-06-01,Billed,2470000.0,EUR
NSO-00499,NSC-0153,SO-00499,ORDREF-00499,2025-06-04,Billed,569969.9,EUR
NSO-00500,NSC-0153,SO-00500,ORDREF-00500,2025-09-05,Billed,108000.0,EUR
NSO-00501,NSC-0154,SO-00501,ORDREF-00501,2023-08-05,Billed,308000.0,USD
NSO-00502,NSC-0154,SO-00502,ORDREF-00502,2024-05-05,Billed,150000.0,USD
NSO-00503,NSC-0154,SO-00503,ORDREF-00503,2024-08-05,Billed,304000.0,USD
NSO-00504,NSC-0154,SO-00504,ORDREF-00504,2025-08-05,Billed,304000.0,USD
NSO-00505,NSC-0155,SO-00505,ORDREF-00505,2023-04-04,Billed,272000.0,USD
NSO-00506,NSC-0155,SO-00506,ORDREF-00506,2024-04-02,Billed,264000.0,USD
NSO-00507,NSC-0155,SO-00507,ORDREF-00507,2025-04-02,Billed,264000.0,USD
NSO-00508,NSC-0155,SO-00508,ORDREF-00508,2025-12-05,Billed,840000.0,USD
NSO-00509,NSC-0156,SO-00509,ORDREF-00509,2024-08-02,Billed,116000.0,USD
NSO-00510,NSC-0156,SO-00510,ORDREF-00510,2025-08-04,Billed,216000.0,USD
NSO-00511,NSC-0156,SO-00511,ORDREF-00511,2025-09-04,Billed,18000.0,USD
NSO-00512,NSC-0157,SO-00512,ORDREF-00512,2025-06-04,Billed,346000.0,USD
NSO-00513,NSC-0157,SO-00513,ORDREF-00513,2025-12-04,Billed,48000.0,USD
NSO-00514,NSC-0157,SO-00514,ORDREF-00514,2025-12-05,Billed,36000.0,USD
NSO-00515,NSC-0158,SO-00515,ORDREF-00515,2024-03-01,Billed,334000.0,USD
NSO-00516,NSC-0158,SO-00516,ORDREF-00516,2025-03-04,Billed,334000.0,USD
NSO-00517,NSC-0158,SO-00517,ORDREF-00517,2025-03-02,Billed,855000.0,USD
NSO-00518,NSC-0159,SO-00518,ORDREF-00518,2024-03-04,Billed,414000.0,USD
NSO-00519,NSC-0159,SO-00519,ORDREF-00519,2024-11-03,Billed,44000.0,USD
NSO-00520,NSC-0159,SO-00520,ORDREF-00520,2025-03-01,Billed,458000.0,USD
NSO-00521,NSC-0160,SO-00521,ORDREF-00521,2024-11-02,Billed,576000.0,EUR
NSO-00522,NSC-0160,SO-00522,ORDREF-00522,2025-04-02,Billed,45000.0,EUR
NSO-00523,NSC-0160,SO-00523,ORDREF-00523,2025-11-04,Billed,243000.0,EUR
NSO-00524,NSC-0161,SO-00524,ORDREF-00524,2024-12-02,Billed,88000.0,USD
NSO-00525,NSC-0161,SO-00525,ORDREF-00525,2025-03-05,Billed,176000.0,USD
NSO-00526,NSC-0161,SO-00526,ORDREF-00526,2025-10-01,Billed,224000.0,USD
NSO-00527,NSC-0161,SO-00527,ORDREF-00527,2025-12-02,Billed,244000.0,USD
NSO-00528,NSC-0162,SO-00528,ORDREF-00528,2024-08-01,Billed,440000.0,EUR
NSO-00529,NSC-0162,SO-00529,ORDREF-00529,2025-04-05,Billed,60000.0,EUR
NSO-00530,NSC-0162,SO-00530,ORDREF-00530,2025-08-05,Billed,252000.0,EUR
NSO-00531,NSC-0163,SO-00531,ORDREF-00531,2024-12-03,Billed,108000.0,EUR
NSO-00532,NSC-0163,SO-00532,ORDREF-00532,2025-04-05,Billed,126000.0,EUR
NSO-00533,NSC-0163,SO-00533,ORDREF-00533,2025-09-05,Billed,30000.0,EUR
NSO-00534,NSC-0163,SO-00534,ORDREF-00534,2025-12-01,Billed,576000.0,EUR
NSO-00535,NSC-0164,SO-00535,ORDREF-00535,2024-11-05,Billed,3033000.0,EUR
NSO-00536,NSC-0164,SO-00536,ORDREF-00536,2025-09-02,Billed,300000.0,EUR
NSO-00537,NSC-0164,SO-00537,ORDREF-00537,2025-11-01,Billed,1161000.0,EUR
NSO-00538,NSC-0165,SO-00538,ORDREF-00538,2024-03-02,Billed,240000.0,USD
NSO-00539,NSC-0165,SO-00539,ORDREF-00539,2025-03-03,Billed,222000.0,USD
NSO-00540,NSC-0166,SO-00540,ORDREF-00540,2024-06-05,Billed,286000.0,USD
NSO-00541,NSC-0166,SO-00541,ORDREF-00541,2025-06-04,Billed,572000.0,USD
NSO-00542,NSC-0167,SO-00542,ORDREF-00542,2024-09-01,Billed,308000.0,USD
NSO-00543,NSC-0167,SO-00543,ORDREF-00543,2025-09-02,Billed,308000.0,USD
NSO-00544,NSC-0167,SO-00544,ORDREF-00544,2025-11-01,Billed,570000.0,USD
NSO-00545,NSC-0168,SO-00545,ORDREF-00545,2025-03-02,Billed,132000.0,EUR
NSO-00546,NSC-0168,SO-00546,ORDREF-00546,2025-10-03,Billed,12000.0,EUR
NSO-00547,NSC-0169,SO-00547,ORDREF-00547,2024-04-02,Billed,64000.0,EUR
NSO-00548,NSC-0169,SO-00548,ORDREF-00548,2025-01-03,Billed,48000.0,EUR
NSO-00549,NSC-0169,SO-00549,ORDREF-00549,2025-04-03,Billed,144000.0,EUR
NSO-00550,NSC-0169,SO-00550,ORDREF-00550,2025-09-02,Billed,135003.55,EUR
NSO-00551,NSC-0170,SO-00551,ORDREF-00551,2023-02-05,Billed,405000.0,USD
NSO-00552,NSC-0170,SO-00552,ORDREF-00552,2023-07-02,Billed,475000.0,USD
NSO-00553,NSC-0170,SO-00553,ORDREF-00553,2024-02-03,Billed,665000.0,USD
NSO-00554,NSC-0170,SO-00554,ORDREF-00554,2025-02-04,Billed,665000.0,USD
NSO-00555,NSC-0171,SO-00555,ORDREF-00555,2023-09-05,Billed,15000.0,EUR
NSO-00556,NSC-0171,SO-00556,ORDREF-00556,2024-09-03,Billed,15000.0,EUR
NSO-00557,NSC-0171,SO-00557,ORDREF-00557,2025-09-05,Billed,15000.0,EUR
NSO-00558,NSC-0172,SO-00558,ORDREF-00558,2023-03-01,Billed,88000.0,USD
NSO-00559,NSC-0172,SO-00559,ORDREF-00559,2024-03-05,Billed,70000.0,USD
NSO-00560,NSC-0172,SO-00560,ORDREF-00560,2025-04-05,Billed,140000.0,USD
NSO-00561,NSC-0173,SO-00561,ORDREF-00561,2023-11-04,Billed,928000.0,USD
NSO-00562,NSC-0173,SO-00562,ORDREF-00562,2024-11-02,Billed,910000.0,USD
NSO-00563,NSC-0173,SO-00563,ORDREF-00563,2025-10-02,Billed,210000.0,USD
NSO-00564,NSC-0173,SO-00564,ORDREF-00564,2025-11-03,Billed,1120000.0,USD
NSO-00565,NSC-0174,SO-00565,ORDREF-00565,2023-01-05,Billed,274000.0,USD
NSO-00566,NSC-0174,SO-00566,ORDREF-00566,2024-01-05,Billed,266000.0,USD
NSO-00567,NSC-0174,SO-00567,ORDREF-00567,2025-01-05,Billed,266000.0,USD
NSO-00568,NSC-0174,SO-00568,ORDREF-00568,2025-05-05,Billed,360000.0,USD
NSO-00569,NSC-0175,SO-00569,ORDREF-00569,2023-06-05,Billed,224000.0,USD
NSO-00570,NSC-0175,SO-00570,ORDREF-00570,2024-06-05,Billed,112000.0,USD
NSO-00571,NSC-0175,SO-00571,ORDREF-00571,2024-07-05,Billed,570000.0,USD
NSO-00572,NSC-0175,SO-00572,ORDREF-00572,2025-06-03,Billed,682000.0,USD
NSO-00573,NSC-0176,SO-00573,ORDREF-00573,2024-08-01,Billed,404000.0,USD
NSO-00575,NSC-0176,SO-00575,ORDREF-00575,2025-08-02,Billed,968000.0,USD
NSO-00576,NSC-0176,SO-00576,ORDREF-00576,2025-11-03,Billed,220000.0,USD
NSO-00577,NSC-0177,SO-00577,ORDREF-00577,2025-06-01,Billed,146000.0,USD
NSO-00578,NSC-0177,SO-00578,ORDREF-00578,2025-11-05,Billed,126000.0,USD
NSO-00579,NSC-0178,SO-00579,ORDREF-00579,2023-11-04,Billed,241000.0,EUR
NSO-00580,NSC-0178,SO-00580,ORDREF-00580,2024-11-02,Billed,108000.0,EUR
NSO-00581,NSC-0178,SO-00581,ORDREF-00581,2025-01-04,Billed,264000.0,EUR
NSO-00582,NSC-0179,SO-00582,ORDREF-00582,2023-05-04,Billed,1064000.0,USD
NSO-00583,NSC-0179,SO-00583,ORDREF-00583,2024-05-04,Billed,1596000.0,USD
NSO-00584,NSC-0179,SO-00584,ORDREF-00584,2025-05-03,Billed,1596000.0,USD
NSO-00585,NSC-0180,SO-00585,ORDREF-00585,2024-07-01,Billed,188000.0,USD
NSO-00586,NSC-0180,SO-00586,ORDREF-00586,2024-11-02,Billed,72000.0,USD
NSO-00587,NSC-0180,SO-00587,ORDREF-00587,2025-07-05,Billed,216000.0,USD
NSO-00588,NSC-0180,SO-00588,ORDREF-00588,2025-09-05,Billed,90000.0,USD
NSO-00589,NSC-0180,SO-00589,ORDREF-00589,2025-11-04,Billed,150000.0,USD
NSO-00590,NSC-0181,SO-00590,ORDREF-00590,2023-11-05,Billed,178000.0,USD
NSO-00591,NSC-0181,SO-00591,ORDREF-00591,2024-11-05,Billed,80000.0,USD
NSO-00592,NSC-0182,SO-00592,ORDREF-00592,2023-05-03,Billed,248000.0,USD
NSO-00593,NSC-0182,SO-00593,ORDREF-00593,2024-05-02,Billed,80000.0,USD
NSO-00594,NSC-0182,SO-00594,ORDREF-00594,2025-02-05,Billed,285000.0,USD
NSO-00595,NSC-0182,SO-00595,ORDREF-00595,2025-03-04,Billed,48000.0,USD
NSO-00596,NSC-0182,SO-00596,ORDREF-00596,2025-05-27,Billed,826000.0,USD
NSO-00597,NSC-0183,SO-00597,ORDREF-00597,2024-12-01,Billed,28000.0,USD
NSO-00598,NSC-0183,SO-00598,ORDREF-00598,2025-10-04,Billed,588000.0,USD
NSO-00600,NSC-0184,SO-00600,ORDREF-00600,2023-10-01,Billed,504000.0,USD
NSO-00601,NSC-0184,SO-00601,ORDREF-00601,2024-10-03,Billed,252000.0,USD
NSO-00602,NSC-0184,SO-00602,ORDREF-00602,2025-02-05,Billed,176000.0,USD
NSO-00603,NSC-0184,SO-00603,ORDREF-00603,2025-10-05,Billed,428000.0,USD
NSO-00604,NSC-0185,SO-00604,ORDREF-00604,2024-05-01,Billed,226000.0,EUR
NSO-00605,NSC-0185,SO-00605,ORDREF-00605,2025-05-02,Billed,226000.0,EUR
NSO-00606,NSC-0186,SO-00606,ORDREF-00606,2023-02-01,Billed,535000.0,USD
NSO-00607,NSC-0186,SO-00607,ORDREF-00607,2024-02-03,Billed,510000.0,USD
NSO-00608,NSC-0186,SO-00608,ORDREF-00608,2024-04-04,Billed,150000.0,USD
NSO-00609,NSC-0186,SO-00609,ORDREF-00609,2025-02-03,Billed,360000.0,USD
NSO-00610,NSC-0187,SO-00610,ORDREF-00610,2023-09-02,Billed,38520.0,USD
NSO-00611,NSC-0187,SO-00611,ORDREF-00611,2024-06-04,Billed,198000.0,USD
NSO-00612,NSC-0187,SO-00612,ORDREF-00612,2024-09-04,Billed,226000.0,USD
NSO-00613,NSC-0188,SO-00613,ORDREF-00613,2023-03-01,Billed,153300.0,USD
NSO-00614,NSC-0188,SO-00614,ORDREF-00614,2023-10-04,Billed,486000.0,USD
NSO-00615,NSC-0188,SO-00615,ORDREF-00615,2024-03-01,Billed,580000.0,USD
NSO-00616,NSC-0188,SO-00616,ORDREF-00616,2025-03-04,Billed,272600.0,USD
NSO-00617,NSC-0189,SO-00617,ORDREF-00617,2023-04-01,Billed,2367000.0,USD
NSO-00618,NSC-0189,SO-00618,ORDREF-00618,2024-04-02,Billed,783000.0,USD
NSO-00619,NSC-0189,SO-00619,ORDREF-00619,2024-05-04,Billed,280000.0,USD
NSO-00620,NSC-0189,SO-00620,ORDREF-00620,2024-09-04,Billed,60000.0,USD
NSO-00621,NSC-0189,SO-00621,ORDREF-00621,2025-04-01,Billed,983000.0,USD
NSO-00622,NSC-0190,SO-00622,ORDREF-00622,2024-12-03,Billed,72000.0,USD
NSO-00623,NSC-0190,SO-00623,ORDREF-00623,2025-03-05,Billed,96000.0,USD
NSO-00624,NSC-0190,SO-00624,ORDREF-00624,2025-03-01,Billed,144000.0,USD
NSO-00625,NSC-0190,SO-00625,ORDREF-00625,2025-10-04,Billed,12000.0,USD
NSO-00626,NSC-0190,SO-00626,ORDREF-00626,2025-12-02,Billed,108000.0,USD
NSO-00627,NSC-0191,SO-00627,ORDREF-00627,2024-09-01,Billed,217000.0,USD
NSO-00628,NSC-0191,SO-00628,ORDREF-00628,2025-09-03,Billed,434000.0,USD
NSO-00629,NSC-0191,SO-00629,ORDREF-00629,2025-09-05,Billed,56000.0,USD
NSO-00630,NSC-0192,SO-00630,ORDREF-00630,2023-11-02,Billed,108000.0,EUR
NSO-00631,NSC-0192,SO-00631,ORDREF-00631,2024-11-01,Billed,100000.0,EUR
NSO-00632,NSC-0192,SO-00632,ORDREF-00632,2025-04-01,Billed,252000.0,EUR
NSO-00633,NSC-0192,SO-00633,ORDREF-00633,2025-11-01,Billed,184000.0,EUR
NSO-00634,NSC-0193,SO-00634,ORDREF-00634,2024-11-05,Billed,528000.0,USD
NSO-00635,NSC-0193,SO-00635,ORDREF-00635,2025-11-02,Billed,528000.0,USD
NSO-00636,NSC-0194,SO-00636,ORDREF-00636,2024-09-05,Billed,187000.0,USD
NSO-00637,NSC-0194,SO-00637,ORDREF-00637,2025-09-02,Billed,324000.0,USD
NSO-00638,NSC-0194,SO-00638,ORDREF-00638,2025-12-04,Billed,54000.0,USD
NSO-00639,NSC-0195,SO-00639,ORDREF-00639,2023-06-03,Billed,148000.0,USD
NSO-00640,NSC-0195,SO-00640,ORDREF-00640,2024-06-02,Billed,420000.0,USD
NSO-00641,NSC-0195,SO-00641,ORDREF-00641,2025-06-05,Billed,280000.0,USD
NSO-00642,NSC-0196,SO-00642,ORDREF-00642,2025-05-03,Billed,256000.0,USD
NSO-00643,NSC-0196,SO-00643,ORDREF-00643,2025-08-01,Billed,48000.0,USD
NSO-00644,NSC-0197,SO-00644,ORDREF-00644,2024-04-02,Billed,386000.0,USD
NSO-00645,NSC-0197,SO-00645,ORDREF-00645,2024-08-03,Billed,72000.0,USD
NSO-00646,NSC-0197,SO-00646,ORDREF-00646,2024-08-05,Billed,270000.0,USD
NSO-00647,NSC-0197,SO-00647,ORDREF-00647,2025-01-02,Billed,240037.67,USD
NSO-00648,NSC-0197,SO-00648,ORDREF-00648,2025-04-03,Billed,1488000.0,USD
NSO-00649,NSC-0198,SO-00649,ORDREF-00649,2025-04-02,Billed,138000.0,USD
NSO-00650,NSC-0198,SO-00650,ORDREF-00650,2025-07-05,Billed,252000.0,USD
NSO-00651,NSC-0199,SO-00651,ORDREF-00651,2025-02-04,Billed,285000.0,USD
NSO-00652,NSC-0199,SO-00652,ORDREF-00652,2025-08-02,Billed,140000.0,USD
NSO-00653,NSC-0200,SO-00653,ORDREF-00653,2025-04-04,Billed,558000.0,GBP
NSO-00654,NSC-0200,SO-00654,ORDREF-00654,2025-12-03,Billed,192000.0,GBP
NSO-00655,NSC-0014,SO-00655,ORPHREF-0001,2024-05-08,Billed,36408.55,USD
NSO-00656,NSC-0088,SO-00656,ORPHREF-0002,2024-11-19,Billed,38937.47,USD
NSO-00657,NSC-0193,SO-00657,ORPHREF-0003,2025-06-18,Billed,70890.44,USD
NSO-00658,NSC-0163,SO-00658,ORPHREF-0004,2024-05-17,Billed,32724.38,EUR
NSO-00659,NSC-0080,SO-00659,ORPHREF-0005,2025-12-08,Billed,28431.25,EUR
