invoice_line_id,invoice_id,ns_item_id,quantity,rate,line_amount
INVL-000001,INV-00001,NSI-006,2,28000.0,112000.0
INVL-000002,INV-00001,NSI-008,10,14000.0,280000.0
INVL-000003,INV-00001,NSI-007,3,12000.0,72000.0
INVL-000004,INV-00002,NSI-007,2,12000.0,48000.0
INVL-000005,INV-00003,NSI-006,2,28000.0,112000.0
INVL-000006,INV-00003,NSI-008,10,14000.0,280000.0
INVL-000007,INV-00003,NSI-007,5,12000.0,120000.0
INVL-000008,INV-00004,NSI-006,2,28000.0,112000.0
INVL-000009,INV-00004,NSI-008,10,14000.0,280000.0
INVL-000010,INV-00004,NSI-007,5,12000.0,120000.0
INVL-000011,INV-00005,NSI-006,2,28000.0,111571.29
INVL-000012,INV-00005,NSI-009,9,95000.0,1703454.55
INVL-000013,INV-00005,NSI-008,9,14000.0,251035.41
INVL-000014,INV-00005,NSI-011,1,8000.0,15938.76
INVL-000015,INV-00006,NSI-009,1,95000.0,95000.0
INVL-000016,INV-00007,NSI-006,2,28000.0,56000.0
INVL-000017,INV-00007,NSI-008,9,14000.0,126000.0
INVL-000018,INV-00007,NSI-009,8,95000.0,760000.0
INVL-000019,INV-00008,NSI-005,2,16000.0,32000.0
INVL-000020,INV-00009,NSI-005,7,16000.0,224000.0
INVL-000021,INV-00010,NSI-006,2,28000.0,56000.0
INVL-000022,INV-00010,NSI-008,9,14000.0,126000.0
INVL-000023,INV-00010,NSI-009,8,95000.0,760000.0
INVL-000024,INV-00010,NSI-005,9,16000.0,144000.0
INVL-000025,INV-00011,NSI-009,11,95000.0,3135000.0
INVL-000026,INV-00012,NSI-006,9,28000.0,252000.0
INVL-000027,INV-00013,NSI-006,3,28000.0,84000.0
INVL-000028,INV-00014,NSI-009,3,95000.0,285000.0
INVL-000029,INV-00015,NSI-006,12,28000.0,1008000.0
INVL-000030,INV-00015,NSI-009,14,95000.0,3990000.0
INVL-000031,INV-00016,NSI-005,11,16000.0,176000.0
INVL-000032,INV-00016,NSI-012,1,18000.0,18000.0
INVL-000033,INV-00017,NSI-005,11,16000.0,528000.0
INVL-000034,INV-00018,NSI-005,11,16000.0,352000.0
INVL-000035,INV-00019,NSI-001,8,18000.0,144000.0
INVL-000036,INV-00019,NSI-003,7,22000.0,154000.0
INVL-000037,INV-00019,NSI-010,1,25000.0,25000.0
INVL-000038,INV-00020,NSI-001,8,18000.0,288000.0
INVL-000039,INV-00020,NSI-003,7,22000.0,308000.0
INVL-000040,INV-00021,NSI-007,2,12000.0,72000.0
INVL-000041,INV-00022,NSI-003,2,22000.0,44000.0
INVL-000042,INV-00022,NSI-011,1,8000.0,8000.0
INVL-000043,INV-00023,NSI-003,2,22000.0,88000.0
INVL-000044,INV-00024,NSI-003,1,22000.0,22000.0
INVL-000045,INV-00025,NSI-003,1,22000.0,44000.0
INVL-000046,INV-00026,NSI-003,1,22000.0,22000.0
INVL-000047,INV-00027,NSI-003,1,22000.0,44000.0
INVL-000048,INV-00028,NSI-007,1,12000.0,12000.0
INVL-000049,INV-00028,NSI-006,7,28000.0,196000.0
INVL-000050,INV-00028,NSI-012,1,18000.0,18000.0
INVL-000051,INV-00029,NSI-009,10,95000.0,950000.0
INVL-000052,INV-00030,NSI-006,9,28000.0,504000.0
INVL-000053,INV-00031,NSI-006,9,28000.0,504000.0
INVL-000054,INV-00032,NSI-006,6,28000.0,376497.08
INVL-000055,INV-00033,NSI-009,12,95000.0,781586.19
INVL-000056,INV-00033,NSI-008,10,14000.0,95984.27
INVL-000057,INV-00033,NSI-010,1,25000.0,17140.05
INVL-000058,INV-00034,NSI-009,12,95000.0,1140000.0
INVL-000059,INV-00034,NSI-008,10,14000.0,140000.0
INVL-000060,INV-00035,NSI-001,3,18000.0,162000.0
INVL-000061,INV-00035,NSI-008,9,14000.0,378000.0
INVL-000062,INV-00036,NSI-001,3,18000.0,54000.0
INVL-000063,INV-00036,NSI-008,9,14000.0,126000.0
INVL-000064,INV-00037,NSI-001,3,18000.0,54000.0
INVL-000065,INV-00037,NSI-008,9,14000.0,126000.0
INVL-000066,INV-00038,NSI-004,7,30000.0,210000.0
INVL-000067,INV-00039,NSI-008,6,14000.0,252000.0
INVL-000068,INV-00040,NSI-004,7,30000.0,210000.0
INVL-000069,INV-00040,NSI-008,6,14000.0,84000.0
INVL-000070,INV-00041,NSI-008,4,14000.0,56000.0
INVL-000071,INV-00042,NSI-005,4,16000.0,64000.0
INVL-000072,INV-00042,NSI-009,12,95000.0,1140000.0
INVL-000073,INV-00042,NSI-006,12,28000.0,336000.0
INVL-000074,INV-00042,NSI-011,1,8000.0,8000.0
INVL-000075,INV-00043,NSI-003,3,22000.0,132000.0
INVL-000076,INV-00044,NSI-005,4,16000.0,64000.0
INVL-000077,INV-00044,NSI-009,12,95000.0,1140000.0
INVL-000078,INV-00044,NSI-006,12,28000.0,336000.0
INVL-000079,INV-00044,NSI-003,3,22000.0,66000.0
INVL-000080,INV-00045,NSI-005,4,16000.0,64000.0
INVL-000081,INV-00045,NSI-009,12,95000.0,1140000.0
INVL-000082,INV-00045,NSI-006,12,28000.0,336000.0
INVL-000083,INV-00045,NSI-003,3,22000.0,66000.0
INVL-000084,INV-00046,NSI-009,12,95000.0,3371072.96
INVL-000085,INV-00046,NSI-010,1,25000.0,73927.04
INVL-000086,INV-00047,NSI-004,1,30000.0,77382.62
INVL-000087,INV-00047,NSI-011,1,8000.0,20635.36
INVL-000088,INV-00048,NSI-004,6,30000.0,180000.0
INVL-000089,INV-00049,NSI-004,3,30000.0,90000.0
INVL-000090,INV-00049,NSI-001,7,18000.0,126000.0
INVL-000091,INV-00050,NSI-004,2,30000.0,180000.0
INVL-000092,INV-00051,NSI-008,2,14000.0,28000.0
INVL-000093,INV-00051,NSI-005,6,16000.0,96000.0
INVL-000094,INV-00051,NSI-002,3,15000.0,45000.0
INVL-000095,INV-00052,NSI-004,10,30000.0,900000.0
INVL-000096,INV-00052,NSI-003,11,22000.0,726000.0
INVL-000097,INV-00053,NSI-004,10,30000.0,300000.0
INVL-000098,INV-00053,NSI-003,11,22000.0,242000.0
INVL-000099,INV-00054,NSI-004,10,30000.0,300000.0
INVL-000100,INV-00054,NSI-003,11,22000.0,242000.0
INVL-000101,INV-00055,NSI-006,10,28000.0,560000.0
INVL-000102,INV-00055,NSI-005,12,16000.0,384000.0
INVL-000103,INV-00056,NSI-008,5,14000.0,210000.0
INVL-000104,INV-00057,NSI-006,10,28000.0,280000.0
INVL-000105,INV-00057,NSI-005,12,16000.0,192000.0
INVL-000106,INV-00057,NSI-008,5,14000.0,70000.0
INVL-000107,INV-00058,NSI-005,3,16000.0,48000.0
INVL-000108,INV-00059,NSI-006,10,28000.0,280000.0
INVL-000109,INV-00059,NSI-008,5,14000.0,70000.0
INVL-000110,INV-00059,NSI-005,15,16000.0,240000.0
INVL-000111,INV-00060,NSI-004,11,30000.0,660000.0
INVL-000112,INV-00060,NSI-009,10,95000.0,1900000.0
INVL-000113,INV-00061,NSI-004,3,30000.0,90000.0
INVL-000114,INV-00062,NSI-008,9,14000.0,126000.0
INVL-000115,INV-00062,NSI-002,8,15000.0,120000.0
INVL-000116,INV-00063,NSI-008,9,14000.0,126000.0
INVL-000117,INV-00063,NSI-002,8,15000.0,120000.0
INVL-000118,INV-00064,NSI-008,2,14000.0,28000.0
INVL-000119,INV-00065,NSI-001,8,18000.0,144000.0
INVL-000120,INV-00065,NSI-002,1,15000.0,15000.0
INVL-000121,INV-00065,NSI-010,1,25000.0,25000.0
INVL-000122,INV-00066,NSI-001,6,18000.0,108000.0
INVL-000123,INV-00067,NSI-002,1,15000.0,30000.0
INVL-000124,INV-00067,NSI-001,14,18000.0,504000.0
INVL-000125,INV-00068,NSI-008,7,14000.0,98000.0
INVL-000126,INV-00068,NSI-007,4,12000.0,48000.0
INVL-000127,INV-00068,NSI-005,4,16000.0,64000.0
INVL-000128,INV-00068,NSI-010,1,25000.0,25000.0
INVL-000129,INV-00069,NSI-002,4,15000.0,60000.0
INVL-000130,INV-00070,NSI-006,10,28000.0,280000.0
INVL-000131,INV-00071,NSI-009,4,95000.0,760000.0
INVL-000132,INV-00072,NSI-009,4,95000.0,1140000.0
INVL-000133,INV-00073,NSI-001,9,18000.0,162000.0
INVL-000134,INV-00074,NSI-006,8,28000.0,448000.0
INVL-000135,INV-00075,NSI-006,6,28000.0,336000.0
INVL-000136,INV-00076,NSI-009,4,95000.0,380000.0
INVL-000137,INV-00076,NSI-001,9,18000.0,162000.0
INVL-000138,INV-00076,NSI-006,14,28000.0,392000.0
INVL-000139,INV-00077,NSI-005,8,16000.0,128000.0
INVL-000140,INV-00077,NSI-003,1,22000.0,22000.0
INVL-000141,INV-00078,NSI-002,1,15000.0,28524.59
INVL-000142,INV-00078,NSI-004,5,30000.0,285245.9
INVL-000143,INV-00078,NSI-012,1,18000.0,34229.51
INVL-000144,INV-00079,NSI-004,6,30000.0,496097.56
INVL-000145,INV-00079,NSI-010,1,25000.0,68902.44
INVL-000146,INV-00080,NSI-004,6,30000.0,290928.62
INVL-000147,INV-00081,NSI-004,9,30000.0,206059.84
INVL-000148,INV-00081,NSI-011,1,8000.0,6105.48
INVL-000149,INV-00082,NSI-004,2,30000.0,120000.0
INVL-000150,INV-00083,NSI-004,11,30000.0,303600.0
INVL-000151,INV-00084,NSI-003,9,22000.0,594000.0
INVL-000152,INV-00084,NSI-001,10,18000.0,540000.0
INVL-000153,INV-00084,NSI-009,10,95000.0,2850000.0
INVL-000154,INV-00085,NSI-003,9,22000.0,594000.0
INVL-000155,INV-00085,NSI-001,10,18000.0,540000.0
INVL-000156,INV-00085,NSI-009,10,95000.0,2850000.0
INVL-000157,INV-00086,NSI-003,9,22000.0,396000.0
INVL-000158,INV-00086,NSI-001,10,18000.0,360000.0
INVL-000159,INV-00086,NSI-009,10,95000.0,1900000.0
INVL-000160,INV-00087,NSI-004,3,30000.0,90000.0
INVL-000161,INV-00088,NSI-001,2,18000.0,108000.0
INVL-000162,INV-00088,NSI-009,11,95000.0,3135000.0
INVL-000163,INV-00088,NSI-007,1,12000.0,36000.0
INVL-000164,INV-00089,NSI-006,10,28000.0,280000.0
INVL-000165,INV-00089,NSI-001,11,18000.0,198000.0
INVL-000166,INV-00090,NSI-007,12,12000.0,135360.0
INVL-000167,INV-00091,NSI-006,10,28000.0,280000.0
INVL-000168,INV-00091,NSI-001,11,18000.0,198000.0
INVL-000169,INV-00091,NSI-007,12,12000.0,144000.0
INVL-000170,INV-00092,NSI-006,10,28000.0,560000.0
INVL-000171,INV-00092,NSI-001,11,18000.0,396000.0
INVL-000172,INV-00092,NSI-007,12,12000.0,288000.0
INVL-000173,INV-00093,NSI-009,5,95000.0,475000.0
INVL-000174,INV-00094,NSI-009,5,95000.0,950000.0
INVL-000175,INV-00095,NSI-002,2,15000.0,30000.0
INVL-000176,INV-00095,NSI-001,7,18000.0,126000.0
INVL-000177,INV-00095,NSI-012,1,18000.0,18000.0
INVL-000178,INV-00096,NSI-002,2,15000.0,60000.0
INVL-000179,INV-00096,NSI-001,7,18000.0,252000.0
INVL-000180,INV-00097,NSI-002,2,15000.0,90000.0
INVL-000181,INV-00097,NSI-001,7,18000.0,378000.0
INVL-000182,INV-00098,NSI-002,11,15000.0,165000.0
INVL-000183,INV-00099,NSI-002,11,15000.0,165000.0
INVL-000184,INV-00100,NSI-005,4,16000.0,128000.0
INVL-000185,INV-00100,NSI-003,10,22000.0,440000.0
INVL-000186,INV-00100,NSI-009,7,95000.0,1330000.0
INVL-000187,INV-00101,NSI-001,2,18000.0,36000.0
INVL-000188,INV-00102,NSI-005,4,16000.0,64000.0
INVL-000189,INV-00102,NSI-003,10,22000.0,220000.0
INVL-000190,INV-00102,NSI-009,7,95000.0,665000.0
INVL-000191,INV-00102,NSI-001,2,18000.0,36000.0
INVL-000192,INV-00103,NSI-005,4,16000.0,192000.0
INVL-000193,INV-00103,NSI-003,10,22000.0,660000.0
INVL-000194,INV-00103,NSI-009,7,95000.0,1995000.0
INVL-000195,INV-00103,NSI-001,2,18000.0,108000.0
INVL-000196,INV-00104,NSI-006,8,28000.0,224000.0
INVL-000197,INV-00105,NSI-007,2,12000.0,48000.0
INVL-000198,INV-00106,NSI-007,8,12000.0,96000.0
INVL-000199,INV-00107,NSI-003,2,22000.0,44000.0
INVL-000200,INV-00108,NSI-002,2,15000.0,90000.0
INVL-000201,INV-00108,NSI-001,6,18000.0,324000.0
INVL-000202,INV-00109,NSI-002,3,15000.0,135000.0
INVL-000203,INV-00110,NSI-001,6,18000.0,108000.0
INVL-000204,INV-00110,NSI-002,5,15000.0,75000.0
INVL-000205,INV-00111,NSI-003,3,22000.0,66000.0
INVL-000206,INV-00112,NSI-006,4,28000.0,224000.0
INVL-000207,INV-00112,NSI-005,12,16000.0,384000.0
INVL-000208,INV-00113,NSI-005,6,16000.0,96000.0
INVL-000209,INV-00114,NSI-006,4,28000.0,336000.0
INVL-000210,INV-00114,NSI-005,18,16000.0,864000.0
INVL-000211,INV-00115,NSI-006,4,28000.0,336000.0
INVL-000212,INV-00115,NSI-005,18,16000.0,864000.0
INVL-000213,INV-00116,NSI-005,4,16000.0,127376.37
INVL-000214,INV-00116,NSI-008,6,14000.0,167181.49
INVL-000215,INV-00116,NSI-009,7,95000.0,1323520.1
INVL-000216,INV-00116,NSI-011,1,8000.0,15922.05
INVL-000217,INV-00117,NSI-005,4,16000.0,64000.0
INVL-000218,INV-00117,NSI-008,6,14000.0,84000.0
INVL-000219,INV-00117,NSI-009,7,95000.0,665000.0
INVL-000220,INV-00118,NSI-005,4,16000.0,128000.0
INVL-000221,INV-00118,NSI-008,6,14000.0,168000.0
INVL-000222,INV-00118,NSI-009,7,95000.0,1330000.0
INVL-000223,INV-00119,NSI-007,3,12000.0,36000.0
INVL-000224,INV-00119,NSI-008,11,14000.0,154000.0
INVL-000225,INV-00119,NSI-011,1,8000.0,8000.0
INVL-000226,INV-00120,NSI-008,1,14000.0,42000.0
INVL-000227,INV-00121,NSI-007,2,12000.0,72000.0
INVL-000228,INV-00122,NSI-001,6,18000.0,108000.0
INVL-000229,INV-00122,NSI-007,7,12000.0,84000.0
INVL-000230,INV-00122,NSI-010,1,25000.0,25000.0
INVL-000231,INV-00123,NSI-001,6,18000.0,216000.0
INVL-000232,INV-00123,NSI-007,7,12000.0,168000.0
INVL-000233,INV-00124,NSI-004,1,30000.0,30000.0
INVL-000234,INV-00125,NSI-001,2,18000.0,72000.0
INVL-000235,INV-00126,NSI-007,7,12000.0,84000.0
INVL-000236,INV-00126,NSI-004,1,30000.0,30000.0
INVL-000237,INV-00126,NSI-001,8,18000.0,144000.0
INVL-000238,INV-00127,NSI-002,8,15000.0,240000.0
INVL-000239,INV-00128,NSI-002,4,15000.0,60000.0
INVL-000240,INV-00129,NSI-002,12,15000.0,180000.0
INVL-000241,INV-00130,NSI-007,11,12000.0,248160.0
INVL-000242,INV-00130,NSI-012,1,18000.0,33840.0
INVL-000243,INV-00131,NSI-007,2,12000.0,24000.0
INVL-000244,INV-00132,NSI-007,6,12000.0,72000.0
INVL-000245,INV-00133,NSI-006,10,28000.0,560000.0
INVL-000246,INV-00133,NSI-007,7,12000.0,168000.0
INVL-000247,INV-00134,NSI-006,10,28000.0,840000.0
INVL-000248,INV-00134,NSI-007,7,12000.0,252000.0
INVL-000249,INV-00135,NSI-006,10,28000.0,280000.0
INVL-000250,INV-00135,NSI-007,7,12000.0,84000.0
INVL-000251,INV-00136,NSI-001,3,18000.0,54000.0
INVL-000252,INV-00137,NSI-003,10,22000.0,417551.02
INVL-000253,INV-00137,NSI-010,1,25000.0,47448.98
INVL-000254,INV-00138,NSI-001,6,18000.0,216000.0
INVL-000255,INV-00139,NSI-003,10,22000.0,220000.0
INVL-000256,INV-00139,NSI-001,6,18000.0,108000.0
INVL-000257,INV-00140,NSI-001,8,18000.0,288000.0
INVL-000258,INV-00141,NSI-004,5,30000.0,407142.86
INVL-000259,INV-00141,NSI-010,1,25000.0,67857.14
INVL-000260,INV-00142,NSI-004,5,30000.0,450000.0
INVL-000261,INV-00143,NSI-001,12,18000.0,216000.0
INVL-000262,INV-00144,NSI-004,5,30000.0,300000.0
INVL-000263,INV-00144,NSI-001,12,18000.0,432000.0
INVL-000264,INV-00145,NSI-001,1,18000.0,18000.0
INVL-000265,INV-00146,NSI-002,4,15000.0,60000.0
INVL-000266,INV-00146,NSI-012,1,18000.0,18000.0
INVL-000267,INV-00147,NSI-001,10,18000.0,180000.0
INVL-000268,INV-00148,NSI-007,3,12000.0,108000.0
INVL-000269,INV-00149,NSI-009,11,95000.0,3135000.0
INVL-000270,INV-00150,NSI-007,8,12000.0,96000.0
INVL-000271,INV-00151,NSI-007,7,12000.0,84000.0
INVL-000272,INV-00152,NSI-007,9,12000.0,108000.0
INVL-000273,INV-00153,NSI-009,11,95000.0,2090000.0
INVL-000274,INV-00153,NSI-007,6,12000.0,144000.0
INVL-000275,INV-00154,NSI-009,11,95000.0,1045000.0
INVL-000276,INV-00154,NSI-007,6,12000.0,72000.0
INVL-000277,INV-00155,NSI-009,7,95000.0,665000.0
INVL-000278,INV-00155,NSI-007,4,12000.0,48000.0
INVL-000279,INV-00155,NSI-002,8,15000.0,120000.0
INVL-000280,INV-00155,NSI-011,1,8000.0,8000.0
INVL-000281,INV-00156,NSI-009,7,95000.0,665000.0
INVL-000282,INV-00156,NSI-007,4,12000.0,48000.0
INVL-000283,INV-00156,NSI-002,8,15000.0,120000.0
INVL-000284,INV-00157,NSI-003,8,22000.0,344347.83
INVL-000285,INV-00157,NSI-011,1,8000.0,15652.17
INVL-000286,INV-00158,NSI-003,3,22000.0,66000.0
INVL-000287,INV-00159,NSI-003,7,22000.0,154000.0
INVL-000288,INV-00160,NSI-003,18,22000.0,396000.0
INVL-000289,INV-00161,NSI-008,1,14000.0,31818.18
INVL-000290,INV-00161,NSI-011,1,8000.0,18181.82
INVL-000291,INV-00162,NSI-008,1,14000.0,14000.0
INVL-000292,INV-00163,NSI-008,1,14000.0,14000.0
INVL-000293,INV-00164,NSI-001,10,18000.0,180000.0
INVL-000294,INV-00165,NSI-001,10,18000.0,360000.0
INVL-000295,INV-00166,NSI-002,3,15000.0,45000.0
INVL-000296,INV-00167,NSI-002,4,15000.0,60000.0
INVL-000297,INV-00168,NSI-001,11,18000.0,594000.0
INVL-000298,INV-00169,NSI-001,7,18000.0,126000.0
INVL-000299,INV-00170,NSI-001,18,18000.0,972000.0
INVL-000300,INV-00171,NSI-007,6,12000.0,72000.0
INVL-000301,INV-00172,NSI-007,7,12000.0,269640.0
INVL-000302,INV-00173,NSI-007,5,12000.0,60000.0
INVL-000303,INV-00174,NSI-007,3,12000.0,108000.0
INVL-000304,INV-00175,NSI-007,21,12000.0,756000.0
INVL-000305,INV-00176,NSI-002,7,15000.0,105000.0
INVL-000306,INV-00176,NSI-012,1,18000.0,18000.0
INVL-000307,INV-00177,NSI-002,8,15000.0,79577.63
INVL-000308,INV-00178,NSI-004,6,30000.0,180000.0
INVL-000309,INV-00179,NSI-006,5,28000.0,420000.0
INVL-000310,INV-00179,NSI-001,13,18000.0,702000.0
INVL-000311,INV-00180,NSI-001,4,18000.0,72000.0
INVL-000312,INV-00180,NSI-011,1,8000.0,8000.0
INVL-000313,INV-00181,NSI-003,10,22000.0,220000.0
INVL-000314,INV-00182,NSI-001,4,18000.0,72000.0
INVL-000315,INV-00183,NSI-003,10,22000.0,235400.0
INVL-000316,INV-00183,NSI-001,8,18000.0,154080.0
INVL-000317,INV-00184,NSI-003,8,22000.0,176000.0
INVL-000318,INV-00185,NSI-004,6,30000.0,540000.0
INVL-000319,INV-00185,NSI-008,10,14000.0,420000.0
INVL-000320,INV-00186,NSI-008,1,14000.0,14000.0
INVL-000321,INV-00187,NSI-004,6,30000.0,180000.0
INVL-000322,INV-00187,NSI-008,11,14000.0,154000.0
INVL-000323,INV-00188,NSI-008,8,14000.0,112000.0
INVL-000324,INV-00189,NSI-004,6,30000.0,180000.0
INVL-000325,INV-00189,NSI-008,19,14000.0,266000.0
INVL-000326,INV-00190,NSI-006,8,28000.0,672000.0
INVL-000327,INV-00191,NSI-006,4,28000.0,224000.0
INVL-000328,INV-00192,NSI-006,8,28000.0,440265.19
INVL-000329,INV-00192,NSI-009,5,95000.0,933598.07
INVL-000330,INV-00192,NSI-010,1,25000.0,49136.74
INVL-000331,INV-00193,NSI-002,9,15000.0,248906.25
INVL-000332,INV-00193,NSI-010,1,25000.0,46093.75
INVL-000333,INV-00194,NSI-002,4,15000.0,60000.0
INVL-000334,INV-00195,NSI-002,13,15000.0,195000.0
INVL-000335,INV-00196,NSI-003,1,22000.0,22000.0
INVL-000336,INV-00197,NSI-003,1,22000.0,22000.0
INVL-000337,INV-00198,NSI-003,2,22000.0,44000.0
INVL-000338,INV-00199,NSI-003,2,22000.0,44000.0
INVL-000339,INV-00200,NSI-002,4,15000.0,60000.0
INVL-000340,INV-00201,NSI-002,4,15000.0,60000.0
INVL-000341,INV-00202,NSI-002,4,15000.0,60000.0
INVL-000342,INV-00203,NSI-007,3,12000.0,70573.69
INVL-000343,INV-00203,NSI-009,6,95000.0,1117416.8
INVL-000344,INV-00203,NSI-010,1,25000.0,49009.51
INVL-000345,INV-00204,NSI-005,8,16000.0,256000.0
INVL-000346,INV-00205,NSI-007,7,12000.0,168000.0
INVL-000347,INV-00206,NSI-007,8,12000.0,288000.0
INVL-000348,INV-00206,NSI-006,9,28000.0,756000.0
INVL-000349,INV-00207,NSI-007,5,12000.0,60000.0
INVL-000350,INV-00208,NSI-006,9,28000.0,615737.52
INVL-000351,INV-00208,NSI-007,13,12000.0,381170.84
INVL-000352,INV-00209,NSI-006,9,28000.0,252000.0
INVL-000353,INV-00209,NSI-007,13,12000.0,156000.0
INVL-000354,INV-00210,NSI-001,4,18000.0,72000.0
INVL-000355,INV-00211,NSI-001,4,18000.0,72000.0
INVL-000356,INV-00212,NSI-003,8,22000.0,176000.0
INVL-000357,INV-00212,NSI-004,9,30000.0,270000.0
INVL-000358,INV-00212,NSI-007,5,12000.0,60000.0
INVL-000359,INV-00212,NSI-010,1,25000.0,25000.0
INVL-000360,INV-00213,NSI-005,12,16000.0,192000.0
INVL-000361,INV-00214,NSI-003,8,22000.0,176000.0
INVL-000362,INV-00214,NSI-004,9,30000.0,270000.0
INVL-000363,INV-00214,NSI-007,5,12000.0,60000.0
INVL-000364,INV-00214,NSI-005,12,16000.0,192000.0
INVL-000365,INV-00215,NSI-006,6,28000.0,168000.0
INVL-000366,INV-00215,NSI-002,12,15000.0,180000.0
INVL-000367,INV-00216,NSI-002,6,15000.0,180000.0
INVL-000368,INV-00217,NSI-004,7,30000.0,630000.0
INVL-000369,INV-00217,NSI-003,5,22000.0,330000.0
INVL-000370,INV-00218,NSI-004,7,30000.0,630000.0
INVL-000371,INV-00218,NSI-003,5,22000.0,330000.0
INVL-000372,INV-00219,NSI-003,3,22000.0,66000.0
INVL-000373,INV-00220,NSI-003,6,22000.0,132000.0
INVL-000374,INV-00221,NSI-005,4,16000.0,64000.0
INVL-000375,INV-00221,NSI-010,1,25000.0,25000.0
INVL-000376,INV-00222,NSI-005,7,16000.0,224000.0
INVL-000377,INV-00223,NSI-005,4,16000.0,64000.0
INVL-000378,INV-00224,NSI-006,5,28000.0,140000.0
INVL-000379,INV-00225,NSI-006,7,28000.0,360640.0
INVL-000380,INV-00226,NSI-001,2,18000.0,36000.0
INVL-000381,INV-00227,NSI-009,11,95000.0,3089565.22
INVL-000382,INV-00227,NSI-005,5,16000.0,236521.74
INVL-000383,INV-00227,NSI-010,1,25000.0,73913.04
INVL-000384,INV-00228,NSI-009,11,95000.0,2090000.0
INVL-000385,INV-00228,NSI-005,5,16000.0,160000.0
INVL-000386,INV-00229,NSI-005,4,16000.0,192000.0
INVL-000387,INV-00230,NSI-008,7,14000.0,98000.0
INVL-000388,INV-00230,NSI-002,8,15000.0,120000.0
INVL-000389,INV-00230,NSI-003,8,22000.0,176000.0
INVL-000390,INV-00231,NSI-002,1,15000.0,15000.0
INVL-000391,INV-00232,NSI-008,7,14000.0,98000.0
INVL-000392,INV-00232,NSI-003,8,22000.0,176000.0
INVL-000393,INV-00232,NSI-002,9,15000.0,135000.0
INVL-000394,INV-00233,NSI-008,7,14000.0,294000.0
INVL-000395,INV-00233,NSI-003,8,22000.0,528000.0
INVL-000396,INV-00233,NSI-002,9,15000.0,405000.0
INVL-000397,INV-00234,NSI-006,9,28000.0,252000.0
INVL-000398,INV-00234,NSI-012,1,18000.0,18000.0
INVL-000399,INV-00235,NSI-006,8,28000.0,672000.0
INVL-000400,INV-00236,NSI-003,2,22000.0,44000.0
INVL-000401,INV-00237,NSI-006,17,28000.0,509320.0
INVL-000402,INV-00237,NSI-003,2,22000.0,47080.0
INVL-000403,INV-00238,NSI-007,11,12000.0,132000.0
INVL-000404,INV-00238,NSI-004,3,30000.0,90000.0
INVL-000405,INV-00238,NSI-009,10,95000.0,950000.0
INVL-000406,INV-00238,NSI-012,1,18000.0,18000.0
INVL-000407,INV-00239,NSI-007,11,12000.0,264000.0
INVL-000408,INV-00239,NSI-004,3,30000.0,180000.0
INVL-000409,INV-00239,NSI-009,10,95000.0,1900000.0
INVL-000410,INV-00240,NSI-009,7,95000.0,2134650.0
INVL-000411,INV-00241,NSI-002,10,15000.0,450000.0
INVL-000412,INV-00241,NSI-009,2,95000.0,570000.0
INVL-000413,INV-00242,NSI-002,10,15000.0,150000.0
INVL-000414,INV-00242,NSI-009,2,95000.0,190000.0
INVL-000415,INV-00243,NSI-009,1,95000.0,95000.0
INVL-000416,INV-00244,NSI-002,10,15000.0,150000.0
INVL-000417,INV-00244,NSI-009,3,95000.0,285000.0
INVL-000418,INV-00245,NSI-001,5,18000.0,90000.0
INVL-000419,INV-00245,NSI-006,5,28000.0,140000.0
INVL-000420,INV-00245,NSI-007,5,12000.0,60000.0
INVL-000421,INV-00246,NSI-008,11,14000.0,308000.0
INVL-000422,INV-00247,NSI-009,1,95000.0,190000.0
INVL-000423,INV-00247,NSI-006,9,28000.0,504000.0
INVL-000424,INV-00248,NSI-001,3,18000.0,162000.0
INVL-000425,INV-00249,NSI-009,1,95000.0,95000.0
INVL-000426,INV-00249,NSI-006,9,28000.0,252000.0
INVL-000427,INV-00249,NSI-001,3,18000.0,54000.0
INVL-000428,INV-00250,NSI-009,1,95000.0,95000.0
INVL-000429,INV-00250,NSI-006,9,28000.0,252000.0
INVL-000430,INV-00250,NSI-001,3,18000.0,54000.0
INVL-000431,INV-00251,NSI-009,11,95000.0,1045000.0
INVL-000432,INV-00251,NSI-007,2,12000.0,24000.0
INVL-000433,INV-00252,NSI-007,1,12000.0,36000.0
INVL-000434,INV-00253,NSI-009,11,95000.0,1045000.0
INVL-000435,INV-00253,NSI-007,1,12000.0,12000.0
INVL-000436,INV-00254,NSI-009,11,95000.0,1045000.0
INVL-000437,INV-00254,NSI-007,1,12000.0,12000.0
INVL-000438,INV-00255,NSI-004,11,30000.0,330000.0
INVL-000439,INV-00255,NSI-005,7,16000.0,112000.0
INVL-000440,INV-00256,NSI-009,5,95000.0,1425000.0
INVL-000441,INV-00257,NSI-004,5,30000.0,150000.0
INVL-000442,INV-00257,NSI-008,11,14000.0,154000.0
INVL-000443,INV-00258,NSI-005,11,16000.0,176000.0
INVL-000444,INV-00258,NSI-009,2,95000.0,190000.0
INVL-000445,INV-00258,NSI-011,1,8000.0,8000.0
INVL-000446,INV-00259,NSI-005,11,16000.0,176000.0
INVL-000447,INV-00259,NSI-009,2,95000.0,190000.0
INVL-000448,INV-00259,NSI-008,10,14000.0,140000.0
INVL-000449,INV-00260,NSI-001,10,18000.0,331200.0
INVL-000450,INV-00261,NSI-007,9,12000.0,216000.0
INVL-000451,INV-00262,NSI-002,8,15000.0,345000.0
INVL-000452,INV-00262,NSI-011,1,8000.0,23000.0
INVL-000453,INV-00263,NSI-002,5,15000.0,75000.0
INVL-000454,INV-00264,NSI-003,8,22000.0,176000.0
INVL-000455,INV-00265,NSI-003,7,22000.0,308000.0
INVL-000456,INV-00266,NSI-008,3,14000.0,42000.0
INVL-000457,INV-00266,NSI-012,1,18000.0,18000.0
INVL-000458,INV-00267,NSI-008,3,14000.0,42000.0
INVL-000459,INV-00268,NSI-008,1,14000.0,10445.77
INVL-000460,INV-00269,NSI-008,2,14000.0,28000.0
INVL-000461,INV-00270,NSI-008,7,14000.0,180793.1
INVL-000462,INV-00270,NSI-012,1,18000.0,33206.9
INVL-000463,INV-00271,NSI-005,3,16000.0,48000.0
INVL-000464,INV-00272,NSI-008,7,14000.0,294000.0
INVL-000465,INV-00272,NSI-005,3,16000.0,144000.0
INVL-000466,INV-00273,NSI-003,5,22000.0,110000.0
INVL-000467,INV-00274,NSI-003,6,22000.0,396000.0
INVL-000468,INV-00275,NSI-004,3,30000.0,180000.0
INVL-000469,INV-00276,NSI-004,3,30000.0,90000.0
INVL-000470,INV-00277,NSI-004,3,30000.0,90000.0
INVL-000471,INV-00278,NSI-005,9,16000.0,144000.0
INVL-000472,INV-00279,NSI-005,9,16000.0,144000.0
INVL-000473,INV-00280,NSI-008,4,14000.0,59920.0
INVL-000474,INV-00280,NSI-003,12,22000.0,282480.0
INVL-000475,INV-00281,NSI-008,4,14000.0,56000.0
INVL-000476,INV-00281,NSI-003,12,22000.0,264000.0
INVL-000477,INV-00282,NSI-003,2,22000.0,44000.0
INVL-000478,INV-00283,NSI-002,5,15000.0,225000.0
INVL-000479,INV-00284,NSI-001,9,18000.0,302342.25
INVL-000480,INV-00284,NSI-010,1,25000.0,46657.75
INVL-000481,INV-00285,NSI-001,9,18000.0,162000.0
INVL-000482,INV-00286,NSI-002,5,15000.0,75000.0
INVL-000483,INV-00286,NSI-009,11,95000.0,1045000.0
INVL-000484,INV-00286,NSI-011,1,8000.0,8000.0
INVL-000485,INV-00287,NSI-002,5,15000.0,75000.0
INVL-000486,INV-00287,NSI-009,11,95000.0,1045000.0
INVL-000487,INV-00288,NSI-001,1,18000.0,18000.0
INVL-000488,INV-00289,NSI-001,7,18000.0,126000.0
INVL-000489,INV-00290,NSI-001,8,18000.0,288000.0
INVL-000490,INV-00291,NSI-001,1,18000.0,18000.0
INVL-000491,INV-00292,NSI-008,10,14000.0,420000.0
INVL-000492,INV-00292,NSI-003,7,22000.0,462000.0
INVL-000493,INV-00293,NSI-008,5,14000.0,70000.0
INVL-000494,INV-00294,NSI-003,6,22000.0,396000.0
INVL-000495,INV-00295,NSI-004,8,30000.0,686511.63
INVL-000496,INV-00295,NSI-012,1,18000.0,51488.37
INVL-000497,INV-00296,NSI-004,8,30000.0,480000.0
INVL-000498,INV-00297,NSI-004,4,30000.0,240000.0
INVL-000499,INV-00298,NSI-004,9,30000.0,810000.0
INVL-000500,INV-00299,NSI-008,2,14000.0,56000.0
INVL-000501,INV-00300,NSI-005,9,16000.0,318645.15
INVL-000502,INV-00301,NSI-005,6,16000.0,192000.0
INVL-000503,INV-00302,NSI-008,2,14000.0,56000.0
INVL-000504,INV-00302,NSI-005,15,16000.0,480000.0
INVL-000505,INV-00303,NSI-002,11,15000.0,165000.0
INVL-000506,INV-00303,NSI-009,4,95000.0,380000.0
INVL-000507,INV-00303,NSI-011,1,8000.0,8000.0
INVL-000508,INV-00304,NSI-002,5,15000.0,150000.0
INVL-000509,INV-00305,NSI-009,4,95000.0,380000.0
INVL-000510,INV-00305,NSI-002,16,15000.0,240000.0
INVL-000511,INV-00306,NSI-007,1,12000.0,12000.0
INVL-000512,INV-00307,NSI-007,1,12000.0,12000.0
INVL-000513,INV-00308,NSI-003,12,22000.0,775238.1
INVL-000514,INV-00308,NSI-009,3,95000.0,836904.76
INVL-000515,INV-00308,NSI-012,1,18000.0,52857.14
INVL-000516,INV-00309,NSI-003,12,22000.0,264000.0
INVL-000517,INV-00309,NSI-009,3,95000.0,285000.0
INVL-000518,INV-00310,NSI-009,3,95000.0,285000.0
INVL-000519,INV-00311,NSI-009,6,95000.0,1710000.0
INVL-000520,INV-00312,NSI-009,6,95000.0,570000.0
INVL-000521,INV-00313,NSI-006,6,28000.0,168000.0
INVL-000522,INV-00313,NSI-002,9,15000.0,135000.0
INVL-000523,INV-00313,NSI-012,1,18000.0,18000.0
INVL-000524,INV-00314,NSI-005,3,16000.0,48000.0
INVL-000525,INV-00315,NSI-002,3,15000.0,45000.0
INVL-000526,INV-00316,NSI-006,6,28000.0,168000.0
INVL-000527,INV-00316,NSI-005,3,16000.0,48000.0
INVL-000528,INV-00316,NSI-002,12,15000.0,180000.0
INVL-000529,INV-00317,NSI-008,2,14000.0,84000.0
INVL-000530,INV-00318,NSI-008,2,14000.0,28000.0
INVL-000531,INV-00319,NSI-008,1,14000.0,28000.0
INVL-000532,INV-00320,NSI-008,3,14000.0,26967.51
INVL-000533,INV-00321,NSI-006,12,28000.0,336000.0
INVL-000534,INV-00321,NSI-004,4,30000.0,120000.0
INVL-000535,INV-00321,NSI-007,5,12000.0,60000.0
INVL-000536,INV-00321,NSI-012,1,18000.0,18000.0
INVL-000537,INV-00322,NSI-007,5,12000.0,60000.0
INVL-000538,INV-00323,NSI-006,3,28000.0,89880.0
INVL-000539,INV-00324,NSI-005,10,16000.0,461052.63
INVL-000540,INV-00324,NSI-008,9,14000.0,363078.95
INVL-000541,INV-00324,NSI-012,1,18000.0,51868.42
INVL-000542,INV-00325,NSI-005,6,16000.0,96000.0
INVL-000543,INV-00326,NSI-005,1,16000.0,16000.0
INVL-000544,INV-00327,NSI-002,11,15000.0,330000.0
INVL-000545,INV-00328,NSI-006,2,28000.0,56000.0
INVL-000546,INV-00328,NSI-007,7,12000.0,84000.0
INVL-000547,INV-00328,NSI-012,1,18000.0,18000.0
INVL-000548,INV-00329,NSI-003,9,22000.0,198000.0
INVL-000549,INV-00330,NSI-003,1,22000.0,65960.29
INVL-000550,INV-00331,NSI-007,9,12000.0,108000.0
INVL-000551,INV-00331,NSI-002,12,15000.0,180000.0
INVL-000552,INV-00331,NSI-008,12,14000.0,168000.0
INVL-000553,INV-00332,NSI-007,9,12000.0,108000.0
INVL-000554,INV-00332,NSI-002,12,15000.0,180000.0
INVL-000555,INV-00332,NSI-008,12,14000.0,168000.0
INVL-000556,INV-00333,NSI-009,10,95000.0,950000.0
INVL-000557,INV-00333,NSI-002,4,15000.0,60000.0
INVL-000558,INV-00334,NSI-009,10,95000.0,950000.0
INVL-000559,INV-00334,NSI-002,4,15000.0,60000.0
INVL-000560,INV-00335,NSI-009,10,95000.0,2850000.0
INVL-000561,INV-00335,NSI-002,4,15000.0,180000.0
INVL-000562,INV-00336,NSI-009,2,95000.0,570000.0
INVL-000563,INV-00337,NSI-005,7,16000.0,112000.0
INVL-000564,INV-00337,NSI-008,7,14000.0,98000.0
INVL-000565,INV-00338,NSI-003,11,22000.0,726000.0
INVL-000566,INV-00339,NSI-005,7,16000.0,112000.0
INVL-000567,INV-00339,NSI-008,7,14000.0,98000.0
INVL-000568,INV-00339,NSI-003,11,22000.0,242000.0
INVL-000569,INV-00340,NSI-005,7,16000.0,112000.0
INVL-000570,INV-00340,NSI-008,7,14000.0,98000.0
INVL-000571,INV-00340,NSI-003,11,22000.0,242000.0
INVL-000572,INV-00341,NSI-009,2,95000.0,537115.38
INVL-000573,INV-00341,NSI-012,1,18000.0,50884.62
INVL-000574,INV-00342,NSI-009,8,95000.0,2280000.0
INVL-000575,INV-00343,NSI-009,10,95000.0,950000.0
INVL-000576,INV-00344,NSI-008,6,14000.0,252000.0
INVL-000577,INV-00345,NSI-004,8,30000.0,240000.0
INVL-000578,INV-00345,NSI-006,8,28000.0,224000.0
INVL-000579,INV-00345,NSI-012,1,18000.0,18000.0
INVL-000580,INV-00346,NSI-004,8,30000.0,240000.0
INVL-000581,INV-00346,NSI-006,8,28000.0,224000.0
INVL-000582,INV-00347,NSI-004,8,30000.0,240000.0
INVL-000583,INV-00347,NSI-006,8,28000.0,224000.0
INVL-000584,INV-00348,NSI-006,3,28000.0,168000.0
INVL-000585,INV-00349,NSI-006,4,28000.0,112000.0
INVL-000586,INV-00350,NSI-006,7,28000.0,196000.0
INVL-000587,INV-00351,NSI-004,9,30000.0,810000.0
INVL-000588,INV-00351,NSI-001,5,18000.0,270000.0
INVL-000589,INV-00352,NSI-001,2,18000.0,36000.0
INVL-000590,INV-00353,NSI-008,4,14000.0,56000.0
INVL-000591,INV-00354,NSI-003,3,22000.0,198000.0
INVL-000592,INV-00355,NSI-003,6,22000.0,132000.0
INVL-000593,INV-00356,NSI-003,7,22000.0,154000.0
INVL-000594,INV-00357,NSI-009,11,95000.0,1045000.0
INVL-000595,INV-00358,NSI-009,11,95000.0,1045000.0
INVL-000596,INV-00359,NSI-009,11,95000.0,1045000.0
INVL-000597,INV-00360,NSI-008,8,14000.0,112000.0
INVL-000598,INV-00361,NSI-004,2,30000.0,60000.0
INVL-000599,INV-00362,NSI-007,12,12000.0,144000.0
INVL-000600,INV-00362,NSI-006,2,28000.0,56000.0
INVL-000601,INV-00362,NSI-011,1,8000.0,8000.0
INVL-000602,INV-00363,NSI-007,12,12000.0,144000.0
INVL-000603,INV-00363,NSI-006,2,28000.0,56000.0
INVL-000604,INV-00364,NSI-009,1,95000.0,285000.0
INVL-000605,INV-00365,NSI-001,12,18000.0,385196.89
INVL-000606,INV-00366,NSI-009,1,95000.0,190000.0
INVL-000607,INV-00366,NSI-001,12,18000.0,432000.0
INVL-000608,INV-00367,NSI-003,10,22000.0,220000.0
INVL-000609,INV-00367,NSI-009,11,95000.0,1045000.0
INVL-000610,INV-00368,NSI-003,10,22000.0,440000.0
INVL-000611,INV-00368,NSI-009,11,95000.0,2090000.0
INVL-000612,INV-00369,NSI-006,9,28000.0,252000.0
INVL-000613,INV-00370,NSI-003,10,22000.0,660000.0
INVL-000614,INV-00370,NSI-009,11,95000.0,3135000.0
INVL-000615,INV-00370,NSI-006,9,28000.0,756000.0
INVL-000616,INV-00371,NSI-002,8,15000.0,356348.27
INVL-000617,INV-00371,NSI-009,11,95000.0,3103199.49
INVL-000618,INV-00371,NSI-012,1,18000.0,53452.24
INVL-000619,INV-00372,NSI-002,8,15000.0,240000.0
INVL-000620,INV-00372,NSI-009,11,95000.0,2090000.0
INVL-000621,INV-00373,NSI-002,8,15000.0,240000.0
INVL-000622,INV-00373,NSI-009,11,95000.0,2090000.0
INVL-000623,INV-00374,NSI-002,4,15000.0,180000.0
INVL-000624,INV-00375,NSI-008,2,14000.0,28000.0
INVL-000625,INV-00376,NSI-001,10,18000.0,180000.0
INVL-000626,INV-00377,NSI-001,7,18000.0,126000.0
INVL-000627,INV-00378,NSI-001,17,18000.0,306000.0
INVL-000628,INV-00379,NSI-001,3,18000.0,108000.0
INVL-000629,INV-00380,NSI-006,3,28000.0,84000.0
INVL-000630,INV-00380,NSI-007,11,12000.0,132000.0
INVL-000631,INV-00380,NSI-009,2,95000.0,190000.0
INVL-000632,INV-00381,NSI-006,7,28000.0,196000.0
INVL-000633,INV-00382,NSI-007,11,12000.0,132000.0
INVL-000634,INV-00382,NSI-009,2,95000.0,190000.0
INVL-000635,INV-00382,NSI-006,10,28000.0,280000.0
INVL-000636,INV-00383,NSI-001,5,18000.0,90000.0
INVL-000637,INV-00384,NSI-002,12,15000.0,540000.0
INVL-000638,INV-00385,NSI-001,3,18000.0,162000.0
INVL-000639,INV-00386,NSI-001,3,18000.0,162000.0
INVL-000640,INV-00387,NSI-001,6,18000.0,108000.0
INVL-000641,INV-00388,NSI-007,11,12000.0,264000.0
INVL-000642,INV-00389,NSI-002,2,15000.0,90000.0
INVL-000643,INV-00390,NSI-002,2,15000.0,30000.0
INVL-000644,INV-00391,NSI-002,2,15000.0,30000.0
INVL-000645,INV-00392,NSI-002,2,15000.0,90000.0
INVL-000646,INV-00393,NSI-005,12,16000.0,192000.0
INVL-000647,INV-00393,NSI-009,8,95000.0,760000.0
INVL-000648,INV-00394,NSI-001,7,18000.0,126000.0
INVL-000649,INV-00395,NSI-009,4,95000.0,380000.0
INVL-000650,INV-00396,NSI-002,7,15000.0,105000.0
INVL-000651,INV-00397,NSI-002,7,15000.0,105000.0
INVL-000652,INV-00398,NSI-002,3,15000.0,45000.0
INVL-000653,INV-00399,NSI-002,3,15000.0,45000.0
INVL-000654,INV-00400,NSI-002,7,15000.0,210000.0
INVL-000655,INV-00401,NSI-002,6,15000.0,90000.0
INVL-000656,INV-00402,NSI-008,9,14000.0,364579.88
INVL-000657,INV-00402,NSI-003,5,22000.0,318284.02
INVL-000658,INV-00402,NSI-007,7,12000.0,243053.25
INVL-000659,INV-00402,NSI-012,1,18000.0,52082.84
INVL-000660,INV-00403,NSI-005,2,16000.0,32000.0
INVL-000661,INV-00404,NSI-008,4,14000.0,56022.95
INVL-000662,INV-00405,NSI-005,9,16000.0,144000.0
INVL-000663,INV-00405,NSI-003,5,22000.0,110000.0
INVL-000664,INV-00405,NSI-011,1,8000.0,8000.0
INVL-000665,INV-00406,NSI-005,9,16000.0,288000.0
INVL-000666,INV-00406,NSI-003,5,22000.0,220000.0
INVL-000667,INV-00407,NSI-005,9,16000.0,144000.0
INVL-000668,INV-00407,NSI-003,5,22000.0,110000.0
INVL-000669,INV-00408,NSI-002,4,15000.0,175471.7
INVL-000670,INV-00408,NSI-005,9,16000.0,421132.08
INVL-000671,INV-00408,NSI-011,1,8000.0,23396.23
INVL-000672,INV-00409,NSI-002,4,15000.0,60000.0
INVL-000673,INV-00409,NSI-005,9,16000.0,144000.0
INVL-000674,INV-00410,NSI-002,4,15000.0,180000.0
INVL-000675,INV-00410,NSI-005,9,16000.0,432000.0
INVL-000676,INV-00411,NSI-009,10,95000.0,1875641.03
INVL-000677,INV-00411,NSI-010,1,25000.0,49358.97
INVL-000678,INV-00412,NSI-009,5,95000.0,475000.0
INVL-000679,INV-00413,NSI-006,11,28000.0,308000.0
INVL-000680,INV-00414,NSI-005,6,16000.0,257684.21
INVL-000681,INV-00414,NSI-012,1,18000.0,48315.79
INVL-000682,INV-00415,NSI-005,6,16000.0,96000.0
INVL-000683,INV-00416,NSI-005,12,16000.0,576000.0
INVL-000684,INV-00417,NSI-006,11,28000.0,308000.0
INVL-000685,INV-00417,NSI-011,1,8000.0,8000.0
INVL-000686,INV-00418,NSI-003,1,22000.0,22000.0
INVL-000687,INV-00419,NSI-006,11,28000.0,308000.0
INVL-000688,INV-00419,NSI-003,1,22000.0,22000.0
INVL-000689,INV-00420,NSI-008,9,14000.0,126000.0
INVL-000690,INV-00420,NSI-011,1,8000.0,8000.0
INVL-000691,INV-00421,NSI-008,9,14000.0,126000.0
INVL-000692,INV-00422,NSI-003,3,22000.0,66000.0
INVL-000693,INV-00423,NSI-003,3,22000.0,66000.0
INVL-000694,INV-00424,NSI-003,2,22000.0,132000.0
INVL-000695,INV-00425,NSI-003,1,22000.0,22000.0
INVL-000696,INV-00426,NSI-006,7,28000.0,196000.0
INVL-000697,INV-00426,NSI-011,1,8000.0,8000.0
INVL-000698,INV-00427,NSI-006,5,28000.0,280000.0
INVL-000699,INV-00428,NSI-004,1,30000.0,30000.0
INVL-000700,INV-00429,NSI-004,3,30000.0,270000.0
INVL-000701,INV-00430,NSI-004,3,30000.0,270000.0
INVL-000702,INV-00431,NSI-007,2,12000.0,63366.91
INVL-000703,INV-00431,NSI-004,3,30000.0,237625.9
INVL-000704,INV-00431,NSI-010,1,25000.0,66007.19
INVL-000705,INV-00432,NSI-007,2,12000.0,24000.0
INVL-000706,INV-00432,NSI-004,3,30000.0,90000.0
INVL-000707,INV-00433,NSI-007,5,12000.0,60000.0
INVL-000708,INV-00434,NSI-004,3,30000.0,180000.0
INVL-000709,INV-00434,NSI-007,7,12000.0,168000.0
INVL-000710,INV-00435,NSI-006,5,28000.0,140000.0
INVL-000711,INV-00435,NSI-007,8,12000.0,96000.0
INVL-000712,INV-00436,NSI-006,5,28000.0,280000.0
INVL-000713,INV-00436,NSI-007,8,12000.0,192000.0
INVL-000714,INV-00437,NSI-001,12,18000.0,216000.0
INVL-000715,INV-00437,NSI-002,4,15000.0,60000.0
INVL-000716,INV-00437,NSI-011,1,8000.0,8000.0
INVL-000717,INV-00438,NSI-004,7,30000.0,630000.0
INVL-000718,INV-00438,NSI-008,11,14000.0,462000.0
INVL-000719,INV-00439,NSI-004,7,30000.0,210000.0
INVL-000720,INV-00439,NSI-008,11,14000.0,154000.0
INVL-000721,INV-00440,NSI-004,4,30000.0,120000.0
INVL-000722,INV-00441,NSI-008,11,14000.0,154000.0
INVL-000723,INV-00441,NSI-004,11,30000.0,330000.0
INVL-000724,INV-00442,NSI-008,1,14000.0,28000.0
INVL-000725,INV-00443,NSI-002,4,15000.0,144705.88
INVL-000726,INV-00443,NSI-010,1,25000.0,60294.12
INVL-000727,INV-00444,NSI-002,4,15000.0,60000.0
INVL-000728,INV-00445,NSI-009,11,95000.0,2090000.0
INVL-000729,INV-00446,NSI-009,11,95000.0,1045000.0
INVL-000730,INV-00447,NSI-009,11,95000.0,2090000.0
INVL-000731,INV-00448,NSI-003,9,22000.0,379500.0
INVL-000732,INV-00448,NSI-012,1,18000.0,34500.0
INVL-000733,INV-00449,NSI-001,11,18000.0,364320.0
INVL-000734,INV-00450,NSI-003,6,22000.0,132000.0
INVL-000735,INV-00451,NSI-003,4,22000.0,88000.0
INVL-000736,INV-00452,NSI-001,11,18000.0,594000.0
INVL-000737,INV-00452,NSI-003,19,22000.0,1254000.0
INVL-000738,INV-00453,NSI-002,9,15000.0,267199.17
INVL-000739,INV-00453,NSI-009,11,95000.0,2068319.5
INVL-000740,INV-00453,NSI-010,1,25000.0,49481.33
INVL-000741,INV-00454,NSI-002,9,15000.0,405000.0
INVL-000742,INV-00454,NSI-009,11,95000.0,3135000.0
INVL-000743,INV-00455,NSI-006,4,28000.0,336000.0
INVL-000744,INV-00456,NSI-006,1,28000.0,56000.0
INVL-000745,INV-00457,NSI-006,5,28000.0,140000.0
INVL-000746,INV-00458,NSI-006,2,28000.0,56000.0
INVL-000747,INV-00459,NSI-009,11,95000.0,2072304.8
INVL-000748,INV-00459,NSI-012,1,18000.0,35695.2
INVL-000749,INV-00460,NSI-007,2,12000.0,48000.0
INVL-000750,INV-00461,NSI-009,11,95000.0,3135000.0
INVL-000751,INV-00461,NSI-007,2,12000.0,72000.0
INVL-000752,INV-00462,NSI-008,6,14000.0,84000.0
INVL-000753,INV-00462,NSI-006,9,28000.0,252000.0
INVL-000754,INV-00463,NSI-004,9,30000.0,270000.0
INVL-000755,INV-00464,NSI-005,1,16000.0,32000.0
INVL-000756,INV-00465,NSI-008,6,14000.0,84000.0
INVL-000757,INV-00465,NSI-006,9,28000.0,252000.0
INVL-000758,INV-00465,NSI-004,9,30000.0,270000.0
INVL-000759,INV-00465,NSI-005,1,16000.0,16000.0
INVL-000760,INV-00466,NSI-004,12,30000.0,360000.0
INVL-000761,INV-00466,NSI-006,5,28000.0,140000.0
INVL-000762,INV-00466,NSI-001,9,18000.0,162000.0
INVL-000763,INV-00467,NSI-004,12,30000.0,360000.0
INVL-000764,INV-00467,NSI-006,5,28000.0,140000.0
INVL-000765,INV-00467,NSI-001,9,18000.0,162000.0
INVL-000766,INV-00468,NSI-004,12,30000.0,1080000.0
INVL-000767,INV-00468,NSI-006,5,28000.0,420000.0
INVL-000768,INV-00468,NSI-001,9,18000.0,486000.0
INVL-000769,INV-00469,NSI-007,10,12000.0,120000.0
INVL-000770,INV-00470,NSI-008,2,14000.0,84000.0
INVL-000771,INV-00471,NSI-008,7,14000.0,98000.0
INVL-000772,INV-00472,NSI-007,9,12000.0,324000.0
INVL-000773,INV-00472,NSI-001,1,18000.0,54000.0
INVL-000774,INV-00472,NSI-003,6,22000.0,396000.0
INVL-000775,INV-00473,NSI-003,2,22000.0,132000.0
INVL-000776,INV-00474,NSI-007,3,12000.0,72000.0
INVL-000777,INV-00475,NSI-001,1,18000.0,54000.0
INVL-000778,INV-00475,NSI-003,8,22000.0,528000.0
INVL-000779,INV-00475,NSI-007,6,12000.0,216000.0
INVL-000780,INV-00476,NSI-007,12,12000.0,144000.0
INVL-000781,INV-00476,NSI-010,1,25000.0,25000.0
INVL-000782,INV-00477,NSI-007,12,12000.0,432000.0
INVL-000783,INV-00478,NSI-008,6,14000.0,84000.0
INVL-000784,INV-00479,NSI-007,12,12000.0,288000.0
INVL-000785,INV-00479,NSI-008,6,14000.0,168000.0
INVL-000786,INV-00480,NSI-001,5,18000.0,90000.0
INVL-000787,INV-00480,NSI-011,1,8000.0,8000.0
INVL-000788,INV-00481,NSI-001,5,18000.0,96300.0
INVL-000789,INV-00482,NSI-001,1,18000.0,18000.0
INVL-000790,INV-00483,NSI-001,6,18000.0,108000.0
INVL-000791,INV-00484,NSI-008,1,14000.0,14000.0
INVL-000792,INV-00484,NSI-012,1,18000.0,18000.0
INVL-000793,INV-00485,NSI-001,7,18000.0,126000.0
INVL-000794,INV-00486,NSI-005,4,16000.0,64000.0
INVL-000795,INV-00487,NSI-005,1,16000.0,16000.0
INVL-000796,INV-00488,NSI-005,5,16000.0,80000.0
INVL-000797,INV-00489,NSI-005,5,16000.0,80000.0
INVL-000798,INV-00490,NSI-009,8,95000.0,760000.0
INVL-000799,INV-00491,NSI-009,5,95000.0,475000.0
INVL-000800,INV-00492,NSI-009,13,95000.0,2470000.0
INVL-000801,INV-00493,NSI-009,6,95000.0,569969.9
INVL-000802,INV-00494,NSI-007,9,12000.0,108000.0
INVL-000803,INV-00495,NSI-003,7,22000.0,308000.0
INVL-000804,INV-00496,NSI-004,5,30000.0,150000.0
INVL-000805,INV-00497,NSI-003,7,22000.0,154000.0
INVL-000806,INV-00497,NSI-004,5,30000.0,150000.0
INVL-000807,INV-00498,NSI-003,7,22000.0,97776.45
INVL-000808,INV-00498,NSI-004,5,30000.0,95236.8
INVL-000809,INV-00499,NSI-003,12,22000.0,264000.0
INVL-000810,INV-00499,NSI-011,1,8000.0,8000.0
INVL-000811,INV-00500,NSI-003,12,22000.0,264000.0
INVL-000812,INV-00501,NSI-003,12,22000.0,264000.0
INVL-000813,INV-00502,NSI-006,10,28000.0,840000.0
INVL-000814,INV-00503,NSI-001,6,18000.0,108000.0
INVL-000815,INV-00503,NSI-011,1,8000.0,8000.0
INVL-000816,INV-00504,NSI-001,6,18000.0,216000.0
INVL-000817,INV-00505,NSI-001,1,18000.0,18000.0
INVL-000818,INV-00506,NSI-004,4,30000.0,120000.0
INVL-000819,INV-00506,NSI-009,2,95000.0,190000.0
INVL-000820,INV-00506,NSI-007,3,12000.0,36000.0
INVL-000821,INV-00507,NSI-007,2,12000.0,48000.0
INVL-000822,INV-00508,NSI-007,1,12000.0,36000.0
INVL-000823,INV-00509,NSI-004,1,30000.0,30000.0
INVL-000824,INV-00509,NSI-007,9,12000.0,108000.0
INVL-000825,INV-00509,NSI-006,7,28000.0,196000.0
INVL-000826,INV-00510,NSI-004,1,30000.0,30000.0
INVL-000827,INV-00510,NSI-007,9,12000.0,108000.0
INVL-000828,INV-00510,NSI-006,7,28000.0,196000.0
INVL-000829,INV-00511,NSI-009,9,95000.0,855000.0
INVL-000830,INV-00512,NSI-002,10,15000.0,150000.0
INVL-000831,INV-00512,NSI-003,12,22000.0,264000.0
INVL-000832,INV-00513,NSI-003,2,22000.0,44000.0
INVL-000833,INV-00514,NSI-002,10,15000.0,150000.0
INVL-000834,INV-00514,NSI-003,14,22000.0,308000.0
INVL-000835,INV-00515,NSI-002,12,15000.0,360000.0
INVL-000836,INV-00515,NSI-007,9,12000.0,216000.0
INVL-000837,INV-00516,NSI-002,3,15000.0,45000.0
INVL-000838,INV-00517,NSI-007,9,12000.0,108000.0
INVL-000839,INV-00517,NSI-002,9,15000.0,135000.0
INVL-000840,INV-00518,NSI-003,2,22000.0,88000.0
INVL-000841,INV-00519,NSI-003,4,22000.0,176000.0
INVL-000842,INV-00520,NSI-008,8,14000.0,224000.0
INVL-000843,INV-00521,NSI-003,6,22000.0,132000.0
INVL-000844,INV-00521,NSI-008,8,14000.0,112000.0
INVL-000845,INV-00522,NSI-004,3,30000.0,260526.32
INVL-000846,INV-00522,NSI-001,3,18000.0,156315.79
INVL-000847,INV-00522,NSI-011,1,8000.0,23157.89
INVL-000848,INV-00523,NSI-004,2,30000.0,60000.0
INVL-000849,INV-00524,NSI-001,3,18000.0,162000.0
INVL-000850,INV-00524,NSI-004,1,30000.0,90000.0
INVL-000851,INV-00525,NSI-001,2,18000.0,108000.0
INVL-000852,INV-00526,NSI-001,7,18000.0,126000.0
INVL-000853,INV-00527,NSI-002,2,15000.0,30000.0
INVL-000854,INV-00528,NSI-001,9,18000.0,486000.0
INVL-000855,INV-00528,NSI-002,2,15000.0,90000.0
INVL-000856,INV-00529,NSI-005,6,16000.0,288000.0
INVL-000857,INV-00529,NSI-007,5,12000.0,180000.0
INVL-000858,INV-00529,NSI-009,9,95000.0,2565000.0
INVL-000859,INV-00530,NSI-002,10,15000.0,300000.0
INVL-000860,INV-00531,NSI-005,6,16000.0,96000.0
INVL-000861,INV-00531,NSI-007,5,12000.0,60000.0
INVL-000862,INV-00531,NSI-009,9,95000.0,855000.0
INVL-000863,INV-00531,NSI-002,10,15000.0,150000.0
INVL-000864,INV-00532,NSI-004,7,30000.0,210000.0
INVL-000865,INV-00532,NSI-007,1,12000.0,12000.0
INVL-000866,INV-00532,NSI-012,1,18000.0,18000.0
INVL-000867,INV-00533,NSI-004,7,30000.0,210000.0
INVL-000868,INV-00533,NSI-007,1,12000.0,12000.0
INVL-000869,INV-00534,NSI-002,6,15000.0,90000.0
INVL-000870,INV-00534,NSI-006,7,28000.0,196000.0
INVL-000871,INV-00535,NSI-002,6,15000.0,180000.0
INVL-000872,INV-00535,NSI-006,7,28000.0,392000.0
INVL-000873,INV-00536,NSI-008,8,14000.0,112000.0
INVL-000874,INV-00536,NSI-006,7,28000.0,196000.0
INVL-000875,INV-00537,NSI-008,8,14000.0,112000.0
INVL-000876,INV-00537,NSI-006,7,28000.0,196000.0
INVL-000877,INV-00538,NSI-009,6,95000.0,570000.0
INVL-000878,INV-00539,NSI-007,11,12000.0,132000.0
INVL-000879,INV-00540,NSI-007,1,12000.0,12000.0
INVL-000880,INV-00541,NSI-005,4,16000.0,64000.0
INVL-000881,INV-00542,NSI-005,1,16000.0,48000.0
INVL-000882,INV-00543,NSI-005,3,16000.0,144000.0
INVL-000883,INV-00544,NSI-002,9,15000.0,135003.55
INVL-000884,INV-00545,NSI-009,2,95000.0,357906.98
INVL-000885,INV-00545,NSI-010,1,25000.0,47093.02
INVL-000886,INV-00546,NSI-009,5,95000.0,475000.0
INVL-000887,INV-00547,NSI-009,7,95000.0,665000.0
INVL-000888,INV-00548,NSI-009,7,95000.0,665000.0
INVL-000889,INV-00549,NSI-002,1,15000.0,15000.0
INVL-000890,INV-00550,NSI-002,1,15000.0,15000.0
INVL-000891,INV-00551,NSI-002,1,15000.0,15000.0
INVL-000892,INV-00552,NSI-006,1,28000.0,28000.0
INVL-000893,INV-00552,NSI-008,3,14000.0,42000.0
INVL-000894,INV-00552,NSI-012,1,18000.0,18000.0
INVL-000895,INV-00553,NSI-006,1,28000.0,28000.0
INVL-000896,INV-00553,NSI-008,3,14000.0,42000.0
INVL-000897,INV-00554,NSI-006,1,28000.0,56000.0
INVL-000898,INV-00554,NSI-008,3,14000.0,84000.0
INVL-000899,INV-00555,NSI-009,8,95000.0,760000.0
INVL-000900,INV-00555,NSI-002,10,15000.0,150000.0
INVL-000901,INV-00555,NSI-012,1,18000.0,18000.0
INVL-000902,INV-00556,NSI-009,8,95000.0,760000.0
INVL-000903,INV-00556,NSI-002,10,15000.0,150000.0
INVL-000904,INV-00557,NSI-004,7,30000.0,210000.0
INVL-000905,INV-00558,NSI-009,8,95000.0,760000.0
INVL-000906,INV-00558,NSI-002,10,15000.0,150000.0
INVL-000907,INV-00558,NSI-004,7,30000.0,210000.0
INVL-000908,INV-00559,NSI-006,8,28000.0,224000.0
INVL-000909,INV-00559,NSI-008,3,14000.0,42000.0
INVL-000910,INV-00559,NSI-011,1,8000.0,8000.0
INVL-000911,INV-00560,NSI-006,8,28000.0,224000.0
INVL-000912,INV-00560,NSI-008,3,14000.0,42000.0
INVL-000913,INV-00561,NSI-006,8,28000.0,224000.0
INVL-000914,INV-00561,NSI-008,3,14000.0,42000.0
INVL-000915,INV-00562,NSI-004,4,30000.0,360000.0
INVL-000916,INV-00563,NSI-006,4,28000.0,224000.0
INVL-000917,INV-00564,NSI-006,4,28000.0,112000.0
INVL-000918,INV-00565,NSI-009,6,95000.0,570000.0
INVL-000919,INV-00566,NSI-006,4,28000.0,112000.0
INVL-000920,INV-00566,NSI-009,6,95000.0,570000.0
INVL-000921,INV-00567,NSI-007,8,12000.0,96000.0
INVL-000922,INV-00567,NSI-006,11,28000.0,308000.0
INVL-000923,INV-00568,NSI-007,8,12000.0,192000.0
INVL-000924,INV-00568,NSI-006,11,28000.0,616000.0
INVL-000925,INV-00568,NSI-005,5,16000.0,160000.0
INVL-000926,INV-00569,NSI-003,10,22000.0,220000.0
INVL-000927,INV-00570,NSI-001,3,18000.0,54000.0
INVL-000928,INV-00570,NSI-007,5,12000.0,60000.0
INVL-000929,INV-00570,NSI-008,1,14000.0,14000.0
INVL-000930,INV-00570,NSI-012,1,18000.0,18000.0
INVL-000931,INV-00571,NSI-001,7,18000.0,126000.0
INVL-000932,INV-00572,NSI-007,9,12000.0,195699.25
INVL-000933,INV-00572,NSI-010,1,25000.0,45300.75
INVL-000934,INV-00573,NSI-007,9,12000.0,108000.0
INVL-000935,INV-00574,NSI-003,12,22000.0,264000.0
INVL-000936,INV-00575,NSI-007,9,12000.0,216000.0
INVL-000937,INV-00575,NSI-003,7,22000.0,308000.0
INVL-000938,INV-00575,NSI-004,9,30000.0,540000.0
INVL-000939,INV-00576,NSI-007,9,12000.0,324000.0
INVL-000940,INV-00576,NSI-003,7,22000.0,462000.0
INVL-000941,INV-00576,NSI-004,9,30000.0,810000.0
INVL-000942,INV-00577,NSI-007,9,12000.0,182524.28
INVL-000943,INV-00577,NSI-003,7,22000.0,260266.1
INVL-000944,INV-00577,NSI-004,9,30000.0,456310.69
INVL-000945,INV-00578,NSI-001,10,18000.0,180000.0
INVL-000946,INV-00578,NSI-011,1,8000.0,8000.0
INVL-000947,INV-00579,NSI-001,2,18000.0,72000.0
INVL-000948,INV-00580,NSI-001,12,18000.0,216000.0
INVL-000949,INV-00581,NSI-002,6,15000.0,90000.0
INVL-000950,INV-00582,NSI-002,5,15000.0,150000.0
INVL-000951,INV-00583,NSI-005,5,16000.0,145306.12
INVL-000952,INV-00583,NSI-012,1,18000.0,32693.88
INVL-000953,INV-00584,NSI-005,5,16000.0,80000.0
INVL-000954,INV-00585,NSI-005,5,16000.0,225454.55
INVL-000955,INV-00585,NSI-011,1,8000.0,22545.45
INVL-000956,INV-00586,NSI-005,5,16000.0,80000.0
INVL-000957,INV-00587,NSI-009,3,95000.0,285000.0
INVL-000958,INV-00588,NSI-005,3,16000.0,48000.0
INVL-000959,INV-00589,NSI-009,3,95000.0,570000.0
INVL-000960,INV-00589,NSI-005,8,16000.0,256000.0
INVL-000961,INV-00590,NSI-006,1,28000.0,28000.0
INVL-000962,INV-00591,NSI-006,7,28000.0,588000.0
INVL-000963,INV-00592,NSI-006,9,28000.0,504000.0
INVL-000964,INV-00593,NSI-006,9,28000.0,252000.0
INVL-000965,INV-00594,NSI-005,11,16000.0,176000.0
INVL-000966,INV-00595,NSI-006,9,28000.0,252000.0
INVL-000967,INV-00595,NSI-005,11,16000.0,176000.0
INVL-000968,INV-00596,NSI-003,9,22000.0,198000.0
INVL-000969,INV-00596,NSI-006,1,28000.0,28000.0
INVL-000970,INV-00597,NSI-003,9,22000.0,198000.0
INVL-000971,INV-00597,NSI-006,1,28000.0,28000.0
INVL-000972,INV-00598,NSI-001,10,18000.0,180000.0
INVL-000973,INV-00598,NSI-004,11,30000.0,330000.0
INVL-000974,INV-00598,NSI-010,1,25000.0,25000.0
INVL-000975,INV-00599,NSI-001,10,18000.0,180000.0
INVL-000976,INV-00599,NSI-004,11,30000.0,330000.0
INVL-000977,INV-00600,NSI-004,5,30000.0,150000.0
INVL-000978,INV-00601,NSI-001,10,18000.0,180000.0
INVL-000979,INV-00601,NSI-004,6,30000.0,180000.0
INVL-000980,INV-00602,NSI-006,1,28000.0,29960.0
INVL-000981,INV-00602,NSI-011,1,8000.0,8560.0
INVL-000982,INV-00603,NSI-003,9,22000.0,198000.0
INVL-000983,INV-00604,NSI-006,1,28000.0,28000.0
INVL-000984,INV-00604,NSI-003,9,22000.0,198000.0
INVL-000985,INV-00605,NSI-005,1,16000.0,16800.0
INVL-000986,INV-00605,NSI-008,8,14000.0,117600.0
INVL-000987,INV-00605,NSI-012,1,18000.0,18900.0
INVL-000988,INV-00606,NSI-001,9,18000.0,486000.0
INVL-000989,INV-00607,NSI-005,1,16000.0,32000.0
INVL-000990,INV-00607,NSI-008,8,14000.0,224000.0
INVL-000991,INV-00607,NSI-001,9,18000.0,324000.0
INVL-000992,INV-00608,NSI-005,1,16000.0,15040.0
INVL-000993,INV-00608,NSI-008,8,14000.0,105280.0
INVL-000994,INV-00608,NSI-001,9,18000.0,152280.0
INVL-000995,INV-00609,NSI-006,11,28000.0,910157.3
INVL-000996,INV-00609,NSI-009,5,95000.0,1403651.69
INVL-000997,INV-00609,NSI-012,1,18000.0,53191.01
INVL-000998,INV-00610,NSI-006,11,28000.0,308000.0
INVL-000999,INV-00610,NSI-009,5,95000.0,475000.0
INVL-001000,INV-00611,NSI-006,5,28000.0,280000.0
INVL-001001,INV-00612,NSI-004,2,30000.0,60000.0
INVL-001002,INV-00613,NSI-009,5,95000.0,475000.0
INVL-001003,INV-00613,NSI-006,16,28000.0,448000.0
INVL-001004,INV-00613,NSI-004,2,30000.0,60000.0
INVL-001005,INV-00614,NSI-007,2,12000.0,72000.0
INVL-001006,INV-00615,NSI-007,4,12000.0,96000.0
INVL-001007,INV-00616,NSI-007,4,12000.0,144000.0
INVL-001008,INV-00617,NSI-007,1,12000.0,12000.0
INVL-001009,INV-00618,NSI-007,9,12000.0,108000.0
INVL-001010,INV-00619,NSI-002,3,15000.0,45000.0
INVL-001011,INV-00619,NSI-008,10,14000.0,140000.0
INVL-001012,INV-00619,NSI-005,2,16000.0,32000.0
INVL-001013,INV-00620,NSI-002,3,15000.0,90000.0
INVL-001014,INV-00620,NSI-008,10,14000.0,280000.0
INVL-001015,INV-00620,NSI-005,2,16000.0,64000.0
INVL-001016,INV-00621,NSI-008,2,14000.0,56000.0
INVL-001017,INV-00622,NSI-003,2,22000.0,44000.0
INVL-001018,INV-00622,NSI-006,2,28000.0,56000.0
INVL-001019,INV-00622,NSI-011,1,8000.0,8000.0
INVL-001020,INV-00623,NSI-003,2,22000.0,44000.0
INVL-001021,INV-00623,NSI-006,2,28000.0,56000.0
INVL-001022,INV-00624,NSI-006,3,28000.0,252000.0
INVL-001023,INV-00625,NSI-003,2,22000.0,44000.0
INVL-001024,INV-00625,NSI-006,5,28000.0,140000.0
INVL-001025,INV-00626,NSI-007,3,12000.0,108000.0
INVL-001026,INV-00626,NSI-008,4,14000.0,168000.0
INVL-001027,INV-00626,NSI-006,3,28000.0,252000.0
INVL-001028,INV-00627,NSI-007,3,12000.0,108000.0
INVL-001029,INV-00627,NSI-008,4,14000.0,168000.0
INVL-001030,INV-00627,NSI-006,3,28000.0,252000.0
INVL-001031,INV-00628,NSI-001,9,18000.0,162000.0
INVL-001032,INV-00628,NSI-010,1,25000.0,25000.0
INVL-001033,INV-00629,NSI-001,9,18000.0,324000.0
INVL-001034,INV-00630,NSI-001,3,18000.0,54000.0
INVL-001035,INV-00631,NSI-006,5,28000.0,140000.0
INVL-001036,INV-00631,NSI-011,1,8000.0,8000.0
INVL-001037,INV-00632,NSI-006,5,28000.0,420000.0
INVL-001038,INV-00633,NSI-006,5,28000.0,280000.0
INVL-001039,INV-00634,NSI-006,4,28000.0,112000.0
INVL-001040,INV-00634,NSI-007,12,12000.0,144000.0
INVL-001041,INV-00635,NSI-007,4,12000.0,48000.0
INVL-001042,INV-00636,NSI-003,8,22000.0,176000.0
INVL-001043,INV-00636,NSI-004,3,30000.0,90000.0
INVL-001044,INV-00636,NSI-005,7,16000.0,112000.0
INVL-001045,INV-00636,NSI-011,1,8000.0,8000.0
INVL-001046,INV-00637,NSI-007,3,12000.0,72000.0
INVL-001047,INV-00638,NSI-004,3,30000.0,270000.0
INVL-001048,INV-00639,NSI-004,8,30000.0,240037.67
INVL-001049,INV-00640,NSI-003,8,22000.0,352000.0
INVL-001050,INV-00640,NSI-005,7,16000.0,224000.0
INVL-001051,INV-00640,NSI-007,3,12000.0,72000.0
INVL-001052,INV-00640,NSI-004,14,30000.0,840000.0
INVL-001053,INV-00641,NSI-007,10,12000.0,120000.0
INVL-001054,INV-00641,NSI-012,1,18000.0,18000.0
INVL-001055,INV-00642,NSI-007,7,12000.0,252000.0
INVL-001056,INV-00643,NSI-004,9,30000.0,270000.0
INVL-001057,INV-00643,NSI-002,1,15000.0,15000.0
INVL-001058,INV-00644,NSI-008,5,14000.0,140000.0
INVL-001059,INV-00645,NSI-001,8,18000.0,432000.0
INVL-001060,INV-00645,NSI-008,3,14000.0,126000.0
INVL-001061,INV-00646,NSI-005,12,16000.0,192000.0
